名前,Category,YouTube記事 / 状態,クライアント,タイトル,タイトルコピー元,タイトルテスト/ 要検,プロジェクト,投稿順,"日付 ",書類制作日付
アジア経済 07月19日,,アップロード済,SUNNYSH (https://app.notion.com/p/08d06c9684c3467ba3373ef7768d2323?pvs=21),,- 2023-07-19 -,,YouTubeチェンネル運営ビジネス (https://app.notion.com/p/86f2d2e9f4074174a2e1898ace238df6?pvs=21),,2023/07/19,2023年7月19日 18:23
アジア経済 07月13日,,アップロード済,SUNNYSH (https://app.notion.com/p/08d06c9684c3467ba3373ef7768d2323?pvs=21),,- 2023-07-13 -,,YouTubeチェンネル運営ビジネス (https://app.notion.com/p/86f2d2e9f4074174a2e1898ace238df6?pvs=21),,2023/07/13,2023年7月19日 18:23
アジア経済 07月22日,,アップロード済,SUNNYSH (https://app.notion.com/p/08d06c9684c3467ba3373ef7768d2323?pvs=21),,- 2023-07-22 -,,YouTubeチェンネル運営ビジネス (https://app.notion.com/p/86f2d2e9f4074174a2e1898ace238df6?pvs=21),,2023/07/22,2023年7月19日 18:23
アジア経済 07月17日,,アップロード済,SUNNYSH (https://app.notion.com/p/08d06c9684c3467ba3373ef7768d2323?pvs=21),,- 2023-07-17 -,,YouTubeチェンネル運営ビジネス (https://app.notion.com/p/86f2d2e9f4074174a2e1898ace238df6?pvs=21),,2023/07/17,2023年7月19日 18:23
アジア経済 07月23日,,アップロード済,SUNNYSH (https://app.notion.com/p/08d06c9684c3467ba3373ef7768d2323?pvs=21),,- 2023-07-23 -,,YouTubeチェンネル運営ビジネス (https://app.notion.com/p/86f2d2e9f4074174a2e1898ace238df6?pvs=21),,2023/07/23,2023年7月20日 9:39
アジア経済 07月27日,,アップロード済,SUNNYSH (https://app.notion.com/p/08d06c9684c3467ba3373ef7768d2323?pvs=21),,- 2023-07-27 -,,YouTubeチェンネル運営ビジネス (https://app.notion.com/p/86f2d2e9f4074174a2e1898ace238df6?pvs=21),,2023/07/27,2023年7月23日 14:02
アジア経済 07月28日,,アップロード済,SUNNYSH (https://app.notion.com/p/08d06c9684c3467ba3373ef7768d2323?pvs=21),,- 2023-07-28 -,,YouTubeチェンネル運営ビジネス (https://app.notion.com/p/86f2d2e9f4074174a2e1898ace238df6?pvs=21),,2023/07/28,2023年7月25日 16:14
アジア経済 07月29日,,アップロード済,SUNNYSH (https://app.notion.com/p/08d06c9684c3467ba3373ef7768d2323?pvs=21),,- 2023-07-29 -,,YouTubeチェンネル運営ビジネス (https://app.notion.com/p/86f2d2e9f4074174a2e1898ace238df6?pvs=21),,2023/07/29,2023年7月26日 11:01
アジア経済 08月03日,,アップロード済,SUNNYSH (https://app.notion.com/p/08d06c9684c3467ba3373ef7768d2323?pvs=21),,- 2023-08-03 -,,YouTubeチェンネル運営ビジネス (https://app.notion.com/p/86f2d2e9f4074174a2e1898ace238df6?pvs=21),,2023/08/03,2023年7月31日 12:57
アジア経済 08月06日,,アップロード済,SUNNYSH (https://app.notion.com/p/08d06c9684c3467ba3373ef7768d2323?pvs=21),,- 2023-08-06 -,,YouTubeチェンネル運営ビジネス (https://app.notion.com/p/86f2d2e9f4074174a2e1898ace238df6?pvs=21),,2023/08/06,2023年8月3日 16:07
アジア経済 08月11日,,アップロード済,SUNNYSH (https://app.notion.com/p/08d06c9684c3467ba3373ef7768d2323?pvs=21),,- 2023-08-11 -,,YouTubeチェンネル運営ビジネス (https://app.notion.com/p/86f2d2e9f4074174a2e1898ace238df6?pvs=21),,2023/08/11,2023年8月8日 14:59
アジア経済 08月12日,,アップロード済,SUNNYSH (https://app.notion.com/p/08d06c9684c3467ba3373ef7768d2323?pvs=21),,- 2023-08-12 -,,YouTubeチェンネル運営ビジネス (https://app.notion.com/p/86f2d2e9f4074174a2e1898ace238df6?pvs=21),,2023/08/12,2023年8月9日 15:04
アジア経済 08月13日,,アップロード済,SUNNYSH (https://app.notion.com/p/08d06c9684c3467ba3373ef7768d2323?pvs=21),,- 2023-08-13 -,,YouTubeチェンネル運営ビジネス (https://app.notion.com/p/86f2d2e9f4074174a2e1898ace238df6?pvs=21),,2023/08/13,2023年8月10日 13:04
アジア経済 08月14日,,アップロード済,SUNNYSH (https://app.notion.com/p/08d06c9684c3467ba3373ef7768d2323?pvs=21),,- 2023-08-14 -,,YouTubeチェンネル運営ビジネス (https://app.notion.com/p/86f2d2e9f4074174a2e1898ace238df6?pvs=21),,2023/08/14,2023年8月11日 11:26
アジア経済 08月19日,,アップロード済,SUNNYSH (https://app.notion.com/p/08d06c9684c3467ba3373ef7768d2323?pvs=21),,- 2023-08-19 -,,YouTubeチェンネル運営ビジネス (https://app.notion.com/p/86f2d2e9f4074174a2e1898ace238df6?pvs=21),,2023/08/19,2023年8月16日 14:18
アジア経済 08月26日,,アップロード済,SUNNYSH (https://app.notion.com/p/08d06c9684c3467ba3373ef7768d2323?pvs=21),,- 2023-08-26 -,,YouTubeチェンネル運営ビジネス (https://app.notion.com/p/86f2d2e9f4074174a2e1898ace238df6?pvs=21),,2023/08/26,2023年8月23日 16:02
アジア経済 08月27日,,アップロード済,SUNNYSH (https://app.notion.com/p/08d06c9684c3467ba3373ef7768d2323?pvs=21),,- 2023-08-27 -,,YouTubeチェンネル運営ビジネス (https://app.notion.com/p/86f2d2e9f4074174a2e1898ace238df6?pvs=21),,2023/08/27,2023年8月24日 13:16
アジア経済 09月01日,,アップロード済,SUNNYSH (https://app.notion.com/p/08d06c9684c3467ba3373ef7768d2323?pvs=21),,- 2023-09-01 -,,YouTubeチェンネル運営ビジネス (https://app.notion.com/p/86f2d2e9f4074174a2e1898ace238df6?pvs=21),,2023/09/01,2023年8月29日 14:32
アジア経済 09月02日,,アップロード済,SUNNYSH (https://app.notion.com/p/08d06c9684c3467ba3373ef7768d2323?pvs=21),,- 2023-09-02 -,,YouTubeチェンネル運営ビジネス (https://app.notion.com/p/86f2d2e9f4074174a2e1898ace238df6?pvs=21),,2023/09/02,2023年8月30日 13:42
アジア経済 09月04日,,アップロード済,SUNNYSH (https://app.notion.com/p/08d06c9684c3467ba3373ef7768d2323?pvs=21),,- 2023-09-04 -,,YouTubeチェンネル運営ビジネス (https://app.notion.com/p/86f2d2e9f4074174a2e1898ace238df6?pvs=21),,2023/09/04,2023年9月1日 12:46
アジア経済 09月05日,,アップロード済,SUNNYSH (https://app.notion.com/p/08d06c9684c3467ba3373ef7768d2323?pvs=21),,- 2023-09-05 -,,YouTubeチェンネル運営ビジネス (https://app.notion.com/p/86f2d2e9f4074174a2e1898ace238df6?pvs=21),,2023/09/05,2023年9月2日 13:42
アジア経済 09月06日,,アップロード済,SUNNYSH (https://app.notion.com/p/08d06c9684c3467ba3373ef7768d2323?pvs=21),,- 2023-09-06 -,,YouTubeチェンネル運営ビジネス (https://app.notion.com/p/86f2d2e9f4074174a2e1898ace238df6?pvs=21),,2023/09/06,2023年9月3日 13:36
アジア経済 09月09日,,アップロード済,SUNNYSH (https://app.notion.com/p/08d06c9684c3467ba3373ef7768d2323?pvs=21),,- 2023-09-09 -,,YouTubeチェンネル運営ビジネス (https://app.notion.com/p/86f2d2e9f4074174a2e1898ace238df6?pvs=21),,2023/09/09,2023年9月5日 15:38
アジア経済 09月10日,,アップロード済,SUNNYSH (https://app.notion.com/p/08d06c9684c3467ba3373ef7768d2323?pvs=21),,- 2023-09-10 -,,YouTubeチェンネル運営ビジネス (https://app.notion.com/p/86f2d2e9f4074174a2e1898ace238df6?pvs=21),,2023/09/10,2023年9月7日 15:00
アジア経済 09月12日,,アップロード済,SUNNYSH (https://app.notion.com/p/08d06c9684c3467ba3373ef7768d2323?pvs=21),,- 2023-09-12 -,,YouTubeチェンネル運営ビジネス (https://app.notion.com/p/86f2d2e9f4074174a2e1898ace238df6?pvs=21),,2023/09/12,2023年9月9日 13:34
アジア経済 09月13日,,アップロード済,SUNNYSH (https://app.notion.com/p/08d06c9684c3467ba3373ef7768d2323?pvs=21),,- 2023-09-13 -,,YouTubeチェンネル運営ビジネス (https://app.notion.com/p/86f2d2e9f4074174a2e1898ace238df6?pvs=21),,2023/09/13,2023年9月10日 13:37
アジア経済 09月15日,,アップロード済,SUNNYSH (https://app.notion.com/p/08d06c9684c3467ba3373ef7768d2323?pvs=21),,- 2023-09-15 -,,YouTubeチェンネル運営ビジネス (https://app.notion.com/p/86f2d2e9f4074174a2e1898ace238df6?pvs=21),,2023/09/15,2023年9月12日 15:29
韓国 09月18日,韓国,アップロード済,SUNNYSH (https://app.notion.com/p/08d06c9684c3467ba3373ef7768d2323?pvs=21),,韓国 - 2023-09-18 -,,YouTubeチェンネル運営ビジネス (https://app.notion.com/p/86f2d2e9f4074174a2e1898ace238df6?pvs=21),,2023/09/18,2023年9月15日 17:49
中国 09月16日,中国,アップロード済,SUNNYSH (https://app.notion.com/p/08d06c9684c3467ba3373ef7768d2323?pvs=21),,中国 - 2023-09-16 -,,YouTubeチェンネル運営ビジネス (https://app.notion.com/p/86f2d2e9f4074174a2e1898ace238df6?pvs=21),,2023/09/16,2023年9月16日 17:19
中国 09月18日,中国,アップロード済,SUNNYSH (https://app.notion.com/p/08d06c9684c3467ba3373ef7768d2323?pvs=21),,中国 - 2023-09-18 -,,YouTubeチェンネル運営ビジネス (https://app.notion.com/p/86f2d2e9f4074174a2e1898ace238df6?pvs=21),,2023/09/18,2023年9月17日 13:18
中国 09月25日,中国,アップロード済,SUNNYSH (https://app.notion.com/p/08d06c9684c3467ba3373ef7768d2323?pvs=21),,中国 - 2023-09-25 -,,YouTubeチェンネル運営ビジネス (https://app.notion.com/p/86f2d2e9f4074174a2e1898ace238df6?pvs=21),,2023/09/25,2023年9月19日 0:57
中国 09月24日,中国,アップロード済,SUNNYSH (https://app.notion.com/p/08d06c9684c3467ba3373ef7768d2323?pvs=21),,中国 - 2023-09-24 -,,YouTubeチェンネル運営ビジネス (https://app.notion.com/p/86f2d2e9f4074174a2e1898ace238df6?pvs=21),,2023/09/24,2023年9月19日 15:41
韓国 09月23日,韓国,アップロード済,SUNNYSH (https://app.notion.com/p/08d06c9684c3467ba3373ef7768d2323?pvs=21),,韓国 - 2023-09-23 -,,YouTubeチェンネル運営ビジネス (https://app.notion.com/p/86f2d2e9f4074174a2e1898ace238df6?pvs=21),,2023/09/23,2023年9月19日 18:00
韓国 09月25日,韓国,アップロード済,SUNNYSH (https://app.notion.com/p/08d06c9684c3467ba3373ef7768d2323?pvs=21),,韓国 - 2023-09-25 -,,YouTubeチェンネル運営ビジネス (https://app.notion.com/p/86f2d2e9f4074174a2e1898ace238df6?pvs=21),,2023/09/25,2023年9月21日 23:19
川本 09月23日,川本,アップロード済,SUNNYSH (https://app.notion.com/p/08d06c9684c3467ba3373ef7768d2323?pvs=21),好きなだけでは成功しない？夢をつかむコツ,川本 - 2023-09-23 -,,YouTubeチェンネル運営ビジネス (https://app.notion.com/p/86f2d2e9f4074174a2e1898ace238df6?pvs=21),,2023/09/23,2023年9月22日 10:48
川本 09月27日,川本,アップロード済,SUNNYSH (https://app.notion.com/p/08d06c9684c3467ba3373ef7768d2323?pvs=21),失意の中で続ける勇気をくれた言葉,川本 - 2023-09-27 -,,YouTubeチェンネル運営ビジネス (https://app.notion.com/p/86f2d2e9f4074174a2e1898ace238df6?pvs=21),,2023/09/27,2023年9月24日 1:25
韓国 09月26日,韓国,アップロード済,SUNNYSH (https://app.notion.com/p/08d06c9684c3467ba3373ef7768d2323?pvs=21),,韓国 - 2023-09-26 -,,YouTubeチェンネル運営ビジネス (https://app.notion.com/p/86f2d2e9f4074174a2e1898ace238df6?pvs=21),,2023/09/26,2023年9月24日 13:30
川本 09月26日,川本,アップロード済,SUNNYSH (https://app.notion.com/p/08d06c9684c3467ba3373ef7768d2323?pvs=21),"知りたい？""できない""感情との向き合い方",川本 - 2023-09-26 -,,YouTubeチェンネル運営ビジネス (https://app.notion.com/p/86f2d2e9f4074174a2e1898ace238df6?pvs=21),,2023/09/26,2023年9月24日 15:13
韓国 09月27日,韓国,アップロード済,SUNNYSH (https://app.notion.com/p/08d06c9684c3467ba3373ef7768d2323?pvs=21),誰もいない韓国　観光崩壊で悲鳴　すべて日本へ,韓国 - 2023-09-27 -,,YouTubeチェンネル運営ビジネス (https://app.notion.com/p/86f2d2e9f4074174a2e1898ace238df6?pvs=21),,2023/09/27,2023年9月24日 16:38
中国 09月27日,中国,アップロード済,SUNNYSH (https://app.notion.com/p/08d06c9684c3467ba3373ef7768d2323?pvs=21),中国政府悲鳴　精鋭部隊壊滅　メディアが暴露,中国 - 2023-09-27 -,,YouTubeチェンネル運営ビジネス (https://app.notion.com/p/86f2d2e9f4074174a2e1898ace238df6?pvs=21),,2023/09/27,2023年9月25日 9:45
中国 09月30日,中国,アップロード済,SUNNYSH (https://app.notion.com/p/08d06c9684c3467ba3373ef7768d2323?pvs=21),中国騒然　世界が輸入拒否　完全に日本が,中国 - 2023-09-30 -,,YouTubeチェンネル運営ビジネス (https://app.notion.com/p/86f2d2e9f4074174a2e1898ace238df6?pvs=21),,2023/09/30,2023年9月28日 13:14
ユニ 10月 07日,ユニ,アップロード済,SUNNYSH (https://app.notion.com/p/08d06c9684c3467ba3373ef7768d2323?pvs=21),,ユニ - 2023-10-07 -,,YouTubeチェンネル運営ビジネス (https://app.notion.com/p/86f2d2e9f4074174a2e1898ace238df6?pvs=21),,2023/10/07,2023年9月30日 9:22
韓国 10月02日,韓国,アップロード済,SUNNYSH (https://app.notion.com/p/08d06c9684c3467ba3373ef7768d2323?pvs=21),韓国今さら?　懇願再開　屈辱事実を発表,韓国 - 2023-10-02 -,,YouTubeチェンネル運営ビジネス (https://app.notion.com/p/86f2d2e9f4074174a2e1898ace238df6?pvs=21),,2023/10/02,2023年9月30日 12:53
中国 10月04日,中国,アップロード済,SUNNYSH (https://app.notion.com/p/08d06c9684c3467ba3373ef7768d2323?pvs=21),中国極限到来　事実86％消滅　国家破産か,中国 - 2023-10-04 -,,YouTubeチェンネル運営ビジネス (https://app.notion.com/p/86f2d2e9f4074174a2e1898ace238df6?pvs=21),,2023/10/04,2023年10月1日 13:47
韓国 10月03日,韓国,アップロード済,SUNNYSH (https://app.notion.com/p/08d06c9684c3467ba3373ef7768d2323?pvs=21),日本に謝れ　反日拒否続出　韓国政府騒然,韓国 - 2023-10-03 -,,YouTubeチェンネル運営ビジネス (https://app.notion.com/p/86f2d2e9f4074174a2e1898ace238df6?pvs=21),,2023/10/03,2023年10月1日 14:38
韓国 10月04日,韓国,アップロード済,SUNNYSH (https://app.notion.com/p/08d06c9684c3467ba3373ef7768d2323?pvs=21),ついに告白　壊滅間近　韓国民唖然,韓国 - 2023-10-04 -,,YouTubeチェンネル運営ビジネス (https://app.notion.com/p/86f2d2e9f4074174a2e1898ace238df6?pvs=21),,2023/10/04,2023年10月2日 1:54
韓国 10月07日,韓国,アップロード済,SUNNYSH (https://app.notion.com/p/08d06c9684c3467ba3373ef7768d2323?pvs=21),世界で発表　韓国屈辱事実　突如日本が,韓国 - 2023-10-07 -,,YouTubeチェンネル運営ビジネス (https://app.notion.com/p/86f2d2e9f4074174a2e1898ace238df6?pvs=21),,2023/10/07,2023年10月4日 14:04
韓国 10月10日,韓国,アップロード済,SUNNYSH (https://app.notion.com/p/08d06c9684c3467ba3373ef7768d2323?pvs=21),韓国緊急事態　支払い拒否され　もう無一文,韓国 - 2023-10-10 -,,YouTubeチェンネル運営ビジネス (https://app.notion.com/p/86f2d2e9f4074174a2e1898ace238df6?pvs=21),,2023/10/10,2023年10月4日 15:08
中国 10月08日,中国,アップロード済,SUNNYSH (https://app.notion.com/p/08d06c9684c3467ba3373ef7768d2323?pvs=21),韓国手遅れ　インド本気　排除政策で,中国 - 2023-10-08 -,,YouTubeチェンネル運営ビジネス (https://app.notion.com/p/86f2d2e9f4074174a2e1898ace238df6?pvs=21),,2023/10/08,2023年10月4日 15:12
中国 10月10日,中国,アップロード済,SUNNYSH (https://app.notion.com/p/08d06c9684c3467ba3373ef7768d2323?pvs=21),中国民激怒の中　青ざめる暴動　完全地獄絵図,中国 - 2023-10-10 -,,YouTubeチェンネル運営ビジネス (https://app.notion.com/p/86f2d2e9f4074174a2e1898ace238df6?pvs=21),,2023/10/10,2023年10月5日 22:43
韓国 10月09日,韓国,アップロード済,SUNNYSH (https://app.notion.com/p/08d06c9684c3467ba3373ef7768d2323?pvs=21),日本拒否権発動　各国続々賛同　韓国民大騒ぎ,韓国 - 2023-10-09 -,,YouTubeチェンネル運営ビジネス (https://app.notion.com/p/86f2d2e9f4074174a2e1898ace238df6?pvs=21),,2023/10/09,2023年10月7日 12:36
韓国 11月17日,韓国,アップロード済,SUNNYSH (https://app.notion.com/p/08d06c9684c3467ba3373ef7768d2323?pvs=21),スワップの罠　計算高い日本　韓国大後悔,韓国 - 2023-11-17 -,NO,YouTubeチェンネル運営ビジネス (https://app.notion.com/p/86f2d2e9f4074174a2e1898ace238df6?pvs=21),,2023/11/17,2023年10月7日 13:19
中国 10月11日,中国,アップロード済,SUNNYSH (https://app.notion.com/p/08d06c9684c3467ba3373ef7768d2323?pvs=21),アフリカ激怒　中国批判の嵐　完全に日本へ,中国 - 2023-10-11 -,,YouTubeチェンネル運営ビジネス (https://app.notion.com/p/86f2d2e9f4074174a2e1898ace238df6?pvs=21),,2023/10/11,2023年10月8日 14:58
韓国 10月12日,韓国,アップロード済,SUNNYSH (https://app.notion.com/p/08d06c9684c3467ba3373ef7768d2323?pvs=21),どうか待って　韓国恐怖の罰金　世界で失笑続出,韓国 - 2023-10-12 -,,YouTubeチェンネル運営ビジネス (https://app.notion.com/p/86f2d2e9f4074174a2e1898ace238df6?pvs=21),,2023/10/12,2023年10月9日 15:08
ユニ 10月 03日,ユニ,アップロード済,SUNNYSH (https://app.notion.com/p/08d06c9684c3467ba3373ef7768d2323?pvs=21),,ユニ - 2023-10-03 -,,YouTubeチェンネル運営ビジネス (https://app.notion.com/p/86f2d2e9f4074174a2e1898ace238df6?pvs=21),,2023/10/03,2023年10月10日 18:39
韓国 10月13日,韓国,アップロード済,SUNNYSH (https://app.notion.com/p/08d06c9684c3467ba3373ef7768d2323?pvs=21),60億没収され　国際報道発表　韓国世界で炎上,韓国 - 2023-10-13 -,,YouTubeチェンネル運営ビジネス (https://app.notion.com/p/86f2d2e9f4074174a2e1898ace238df6?pvs=21),,2023/10/13,2023年10月10日 18:49
中国 10月14日,中国,アップロード済,SUNNYSH (https://app.notion.com/p/08d06c9684c3467ba3373ef7768d2323?pvs=21),中国絶句　EU断固拒否　屈辱発表,中国 - 2023-10-14 -,,YouTubeチェンネル運営ビジネス (https://app.notion.com/p/86f2d2e9f4074174a2e1898ace238df6?pvs=21),,2023/10/14,2023年10月10日 19:36
韓国 10月15日,韓国,アップロード済,SUNNYSH (https://app.notion.com/p/08d06c9684c3467ba3373ef7768d2323?pvs=21),韓国絶句　独国の酷評分析　世界で大注目,韓国 - 2023-10-15 -,,YouTubeチェンネル運営ビジネス (https://app.notion.com/p/86f2d2e9f4074174a2e1898ace238df6?pvs=21),,2023/10/15,2023年10月12日 14:20
中国 10月15日,中国,アップロード済,SUNNYSH (https://app.notion.com/p/08d06c9684c3467ba3373ef7768d2323?pvs=21),中国完全除外　仏国際機関警告　世界が日本へ,中国 - 2023-10-15 -,,YouTubeチェンネル運営ビジネス (https://app.notion.com/p/86f2d2e9f4074174a2e1898ace238df6?pvs=21),,2023/10/15,2023年10月12日 16:00
韓国 10月16日,韓国,アップロード済,SUNNYSH (https://app.notion.com/p/08d06c9684c3467ba3373ef7768d2323?pvs=21),韓国民大混乱　次々自滅し　世界が輸入禁止,韓国 - 2023-10-16 -,,YouTubeチェンネル運営ビジネス (https://app.notion.com/p/86f2d2e9f4074174a2e1898ace238df6?pvs=21),,2023/10/16,2023年10月13日 13:35
中国 10月16日,中国,アップロード済,SUNNYSH (https://app.notion.com/p/08d06c9684c3467ba3373ef7768d2323?pvs=21),日本完全無視　哀れよ中国　強制解雇へ,中国 - 2023-10-16 -,,YouTubeチェンネル運営ビジネス (https://app.notion.com/p/86f2d2e9f4074174a2e1898ace238df6?pvs=21),,2023/10/16,2023年10月13日 14:57
韓国 10月17日,韓国,アップロード済,SUNNYSH (https://app.notion.com/p/08d06c9684c3467ba3373ef7768d2323?pvs=21),追放確定！　韓国やらかし　なす術無し,韓国 - 2023-10-17 -,,YouTubeチェンネル運営ビジネス (https://app.notion.com/p/86f2d2e9f4074174a2e1898ace238df6?pvs=21),,2023/10/17,2023年10月14日 14:12
中国 10月17日,中国,アップロード済,SUNNYSH (https://app.notion.com/p/08d06c9684c3467ba3373ef7768d2323?pvs=21),容疑かけられ　中国非常事態　白国本気の行動,中国 - 2023-10-17 -,,YouTubeチェンネル運営ビジネス (https://app.notion.com/p/86f2d2e9f4074174a2e1898ace238df6?pvs=21),,2023/10/17,2023年10月14日 15:27
韓国 10月18日,韓国,アップロード済,SUNNYSH (https://app.notion.com/p/08d06c9684c3467ba3373ef7768d2323?pvs=21),インド激怒　韓国号泣謝罪　輸入拒否で壊滅,韓国 - 2023-10-18 -,,YouTubeチェンネル運営ビジネス (https://app.notion.com/p/86f2d2e9f4074174a2e1898ace238df6?pvs=21),,2023/10/18,2023年10月15日 1:00
中国 10月19日,中国,アップロード済,SUNNYSH (https://app.notion.com/p/08d06c9684c3467ba3373ef7768d2323?pvs=21),中国騒然　まさか取引停止　急遽カナダが,中国 - 2023-10-19 -,,YouTubeチェンネル運営ビジネス (https://app.notion.com/p/86f2d2e9f4074174a2e1898ace238df6?pvs=21),,2023/10/19,2023年10月16日 13:46
韓国 10月20日,韓国,アップロード済,SUNNYSH (https://app.notion.com/p/08d06c9684c3467ba3373ef7768d2323?pvs=21),哀れな韓国へ　麻生節炸裂　事実に国民屈辱,韓国 - 2023-10-20 -,,YouTubeチェンネル運営ビジネス (https://app.notion.com/p/86f2d2e9f4074174a2e1898ace238df6?pvs=21),,2023/10/20,2023年10月16日 16:08
中国 10月20日,中国,アップロード済,SUNNYSH (https://app.notion.com/p/08d06c9684c3467ba3373ef7768d2323?pvs=21),韓国民大混乱　滞納続出　まさか日本が,中国 - 2023-10-20 -,,YouTubeチェンネル運営ビジネス (https://app.notion.com/p/86f2d2e9f4074174a2e1898ace238df6?pvs=21),,2023/10/20,2023年10月16日 17:21
中国 10月21日,中国,アップロード済,SUNNYSH (https://app.notion.com/p/08d06c9684c3467ba3373ef7768d2323?pvs=21),中国国鉄壊滅　連鎖倒産の恐怖　もう止まりません,中国 - 2023-10-21 -,,YouTubeチェンネル運営ビジネス (https://app.notion.com/p/86f2d2e9f4074174a2e1898ace238df6?pvs=21),,2023/10/21,2023年10月17日 16:25
中国 10月24日,中国,アップロード済,SUNNYSH (https://app.notion.com/p/08d06c9684c3467ba3373ef7768d2323?pvs=21),日本の本気　最新鋭兵器に　中国腰抜かす,中国 - 2023-10-24 -,,YouTubeチェンネル運営ビジネス (https://app.notion.com/p/86f2d2e9f4074174a2e1898ace238df6?pvs=21),,2023/10/24,2023年10月20日 13:17
韓国 10月27日,韓国,アップロード済,SUNNYSH (https://app.notion.com/p/08d06c9684c3467ba3373ef7768d2323?pvs=21),韓国大崩壊　国連違反バレ　経済支援停止,韓国 - 2023-10-27 -,,YouTubeチェンネル運営ビジネス (https://app.notion.com/p/86f2d2e9f4074174a2e1898ace238df6?pvs=21),,2023/10/27,2023年10月23日 15:14
ユニ 10月 24日,ユニ,アップロード済,SUNNYSH (https://app.notion.com/p/08d06c9684c3467ba3373ef7768d2323?pvs=21),頑張り屋が失敗する引き寄せのポイント,ユニ - 2023-10-24 -,,YouTubeチェンネル運営ビジネス (https://app.notion.com/p/86f2d2e9f4074174a2e1898ace238df6?pvs=21),,2023/10/24,2023年10月24日 13:55
中国 10月29日,中国,アップロード済,SUNNYSH (https://app.notion.com/p/08d06c9684c3467ba3373ef7768d2323?pvs=21),ついに認めた　実は日本製　中国最大屈辱,中国 - 2023-10-29 -,,YouTubeチェンネル運営ビジネス (https://app.notion.com/p/86f2d2e9f4074174a2e1898ace238df6?pvs=21),,2023/10/29,2023年10月25日 15:43
韓国 10月31日,韓国,アップロード済,SUNNYSH (https://app.notion.com/p/08d06c9684c3467ba3373ef7768d2323?pvs=21),仏ほっとけぬ　日本の味方　韓国民大混乱,韓国 - 2023-10-31 -,,YouTubeチェンネル運営ビジネス (https://app.notion.com/p/86f2d2e9f4074174a2e1898ace238df6?pvs=21),,2023/10/31,2023年10月28日 12:44
韓国 11月01日,韓国,アップロード済,SUNNYSH (https://app.notion.com/p/08d06c9684c3467ba3373ef7768d2323?pvs=21),いいぞ露国文在　公共施設壊滅　韓国冬が地獄　,韓国 - 2023-11-01 -,,YouTubeチェンネル運営ビジネス (https://app.notion.com/p/86f2d2e9f4074174a2e1898ace238df6?pvs=21),,2023/11/01,2023年10月29日 12:59
ユニ 10月 31日,ユニ,アップロード済,SUNNYSH (https://app.notion.com/p/08d06c9684c3467ba3373ef7768d2323?pvs=21),引き寄せ力アップのカンタン練習法,ユニ - 2023-10-31 -,,YouTubeチェンネル運営ビジネス (https://app.notion.com/p/86f2d2e9f4074174a2e1898ace238df6?pvs=21),,2023/10/31,2023年10月30日 12:37
ユニ 10月 26日,ユニ,アップロード済,SUNNYSH (https://app.notion.com/p/08d06c9684c3467ba3373ef7768d2323?pvs=21),願望を叶える、クセの特徴,ユニ - 2023-10-28 -,,YouTubeチェンネル運営ビジネス (https://app.notion.com/p/86f2d2e9f4074174a2e1898ace238df6?pvs=21),,2023/10/28,2023年10月30日 15:10
韓国 11月02日,韓国,アップロード済,SUNNYSH (https://app.notion.com/p/08d06c9684c3467ba3373ef7768d2323?pvs=21),米国紙事実通達　ついに世界へ　韓国民大騒ぎ,韓国 - 2023-11-02 -,NO,YouTubeチェンネル運営ビジネス (https://app.notion.com/p/86f2d2e9f4074174a2e1898ace238df6?pvs=21),,2023/11/02,2023年10月31日 15:54
中国 11月03日,中国,アップロード済,SUNNYSH (https://app.notion.com/p/08d06c9684c3467ba3373ef7768d2323?pvs=21),いいぞイタリア　必死の中国へ　あっさり拒否,中国 - 2023-11-03 -,NO,YouTubeチェンネル運営ビジネス (https://app.notion.com/p/86f2d2e9f4074174a2e1898ace238df6?pvs=21),,2023/11/03,2023年10月31日 16:07
韓国 11月03日,韓国,アップロード済,SUNNYSH (https://app.notion.com/p/08d06c9684c3467ba3373ef7768d2323?pvs=21),韓国秒速で　極貧状態　今月直撃大混乱,韓国 - 2023-11-03 -,NO,YouTubeチェンネル運営ビジネス (https://app.notion.com/p/86f2d2e9f4074174a2e1898ace238df6?pvs=21),,2023/11/03,2023年10月31日 16:47
ユニ 11月 04日,ユニ,Not     　Started,SUNNYSH (https://app.notion.com/p/08d06c9684c3467ba3373ef7768d2323?pvs=21),占い復活のお知らせ,ユニ - 2023-11-04 -,,YouTubeチェンネル運営ビジネス (https://app.notion.com/p/86f2d2e9f4074174a2e1898ace238df6?pvs=21),,2023/11/04,2023年11月1日 13:36
韓国 11月04日,韓国,アップロード済,SUNNYSH (https://app.notion.com/p/08d06c9684c3467ba3373ef7768d2323?pvs=21),世界唖然　国民生活壊滅　韓国大惨事,韓国 - 2023-11-04 -,要検証,YouTubeチェンネル運営ビジネス (https://app.notion.com/p/86f2d2e9f4074174a2e1898ace238df6?pvs=21),,2023/11/04,2023年11月1日 15:39
中国 11月05日,中国,アップロード済,SUNNYSH (https://app.notion.com/p/08d06c9684c3467ba3373ef7768d2323?pvs=21),中国なす術無し　追放確定！　錫国で4兆円が　,中国 - 2023-11-05 -,NO,YouTubeチェンネル運営ビジネス (https://app.notion.com/p/86f2d2e9f4074174a2e1898ace238df6?pvs=21),,2023/11/05,2023年11月2日 13:59
韓国 11月07日,韓国,アップロード済,SUNNYSH (https://app.notion.com/p/08d06c9684c3467ba3373ef7768d2323?pvs=21),ついにタイ激怒　入国拒否続出　韓国民大混乱,韓国 - 2023-11-07 -,NO,YouTubeチェンネル運営ビジネス (https://app.notion.com/p/86f2d2e9f4074174a2e1898ace238df6?pvs=21),,2023/11/07,2023年11月4日 13:41
韓国 11月08日,韓国,アップロード済,SUNNYSH (https://app.notion.com/p/08d06c9684c3467ba3373ef7768d2323?pvs=21),沖縄急加速　突如受入拒否　韓国民騒然,韓国 - 2023-11-08 -,NO,YouTubeチェンネル運営ビジネス (https://app.notion.com/p/86f2d2e9f4074174a2e1898ace238df6?pvs=21),,2023/11/08,2023年11月4日 15:18
中国 11月09日,中国,アップロード済,SUNNYSH (https://app.notion.com/p/08d06c9684c3467ba3373ef7768d2323?pvs=21),英外相大胆発表　国際政治連鎖で　中国地獄絵図,中国 - 2023-11-09 -,NO,YouTubeチェンネル運営ビジネス (https://app.notion.com/p/86f2d2e9f4074174a2e1898ace238df6?pvs=21),,2023/11/09,2023年11月5日 12:56
韓国 11月09日,韓国,アップロード済,SUNNYSH (https://app.notion.com/p/08d06c9684c3467ba3373ef7768d2323?pvs=21),韓国騒然　世界が輸入拒否　まんまと日本に,韓国 - 2023-11-09 -,要検証,YouTubeチェンネル運営ビジネス (https://app.notion.com/p/86f2d2e9f4074174a2e1898ace238df6?pvs=21),,2023/11/09,2023年11月5日 15:13
中国 11月10日,中国,アップロード済,SUNNYSH (https://app.notion.com/p/08d06c9684c3467ba3373ef7768d2323?pvs=21),日本契約中止　米国大使続々と　中国もうお金が,中国 - 2023-11-10 -,NO,YouTubeチェンネル運営ビジネス (https://app.notion.com/p/86f2d2e9f4074174a2e1898ace238df6?pvs=21),,2023/11/10,2023年11月6日 13:40
韓国 11月10日,韓国,アップロード済,SUNNYSH (https://app.notion.com/p/08d06c9684c3467ba3373ef7768d2323?pvs=21),韓国もう限界　世界で嘘バレ　大惨事,韓国 - 2023-11-10 -,NO,YouTubeチェンネル運営ビジネス (https://app.notion.com/p/86f2d2e9f4074174a2e1898ace238df6?pvs=21),,2023/11/10,2023年11月6日 16:24
韓国 11月12日,韓国,アップロード済,SUNNYSH (https://app.notion.com/p/08d06c9684c3467ba3373ef7768d2323?pvs=21),韓国やはり　緊急SOS　世界一斉規制,韓国 - 2023-11-12 -,NO,YouTubeチェンネル運営ビジネス (https://app.notion.com/p/86f2d2e9f4074174a2e1898ace238df6?pvs=21),,2023/11/12,2023年11月8日 14:34
中国 11月14日,中国,アップロード済,SUNNYSH (https://app.notion.com/p/08d06c9684c3467ba3373ef7768d2323?pvs=21),無礼な中国へ　比国節炸裂！　そして日本へ,中国 - 2023-11-14 -,NO,YouTubeチェンネル運営ビジネス (https://app.notion.com/p/86f2d2e9f4074174a2e1898ace238df6?pvs=21),,2023/11/14,2023年11月9日 13:40
中国 11月13日,中国,アップロード済,SUNNYSH (https://app.notion.com/p/08d06c9684c3467ba3373ef7768d2323?pvs=21),日本唖然　中国EV破産　態度激変？,中国 - 2023-11-13 -,要検証,YouTubeチェンネル運営ビジネス (https://app.notion.com/p/86f2d2e9f4074174a2e1898ace238df6?pvs=21),,2023/11/13,2023年11月10日 14:17
韓国 11月14日,韓国,アップロード済,SUNNYSH (https://app.notion.com/p/08d06c9684c3467ba3373ef7768d2323?pvs=21),屈辱のEV壊滅　韓国民認める　日本EVの凄さ,韓国 - 2023-11-14 -,要検証,YouTubeチェンネル運営ビジネス (https://app.notion.com/p/86f2d2e9f4074174a2e1898ace238df6?pvs=21),,2023/11/14,2023年11月11日 12:37
中国 11月16日,中国,アップロード済,SUNNYSH (https://app.notion.com/p/08d06c9684c3467ba3373ef7768d2323?pvs=21),高市宣戦布告　許さん中国　日本への暴挙,中国 - 2023-11-16 -,NO,YouTubeチェンネル運営ビジネス (https://app.notion.com/p/86f2d2e9f4074174a2e1898ace238df6?pvs=21),,2023/11/16,2023年11月12日 15:05
その他 12月14日,日本・その他のニュース,アップロード済,SUNNYSH (https://app.notion.com/p/08d06c9684c3467ba3373ef7768d2323?pvs=21),モンゴル決別　中国手遅れ　完全に日本へ,日本・その他のニュース - 2023-12-14 -,要検証,YouTubeチェンネル運営ビジネス (https://app.notion.com/p/86f2d2e9f4074174a2e1898ace238df6?pvs=21),,2023/12/14,2023年11月13日 12:35
中国 11月18日,中国,アップロード済,SUNNYSH (https://app.notion.com/p/08d06c9684c3467ba3373ef7768d2323?pvs=21),中国もう限界　銀行破産で　社会保障崩壊,中国 - 2023-11-18 -,NO,YouTubeチェンネル運営ビジネス (https://app.notion.com/p/86f2d2e9f4074174a2e1898ace238df6?pvs=21),,2023/11/18,2023年11月14日 15:34
川本 11月11日,川本,アップロード済,SUNNYSH (https://app.notion.com/p/08d06c9684c3467ba3373ef7768d2323?pvs=21),うつ病患者の　家族・友人の　役割ガイド,川本 - 2023-11-11 -,,YouTubeチェンネル運営ビジネス (https://app.notion.com/p/86f2d2e9f4074174a2e1898ace238df6?pvs=21),,2023/11/11,2023年11月15日 11:29
韓国 11月20日,韓国,アップロード済,SUNNYSH (https://app.notion.com/p/08d06c9684c3467ba3373ef7768d2323?pvs=21),仏国正気か？　支払い命令　韓国もうお金が,韓国 - 2023-11-20 -,NO,YouTubeチェンネル運営ビジネス (https://app.notion.com/p/86f2d2e9f4074174a2e1898ace238df6?pvs=21),,2023/11/20,2023年11月16日 13:03
中国 11月21日,中国,アップロード済,SUNNYSH (https://app.notion.com/p/08d06c9684c3467ba3373ef7768d2323?pvs=21),さよなら中国　400万社倒産　驚理由世界仰天,中国 - 2023-11-21 -,要検証,YouTubeチェンネル運営ビジネス (https://app.notion.com/p/86f2d2e9f4074174a2e1898ace238df6?pvs=21),,2023/11/21,2023年11月17日 13:34
中国 11月22日,中国,アップロード済,SUNNYSH (https://app.notion.com/p/08d06c9684c3467ba3373ef7768d2323?pvs=21),中国製拒否され　輸出4割減少　やはり日本製へ,中国 - 2023-11-22 -,NO,YouTubeチェンネル運営ビジネス (https://app.notion.com/p/86f2d2e9f4074174a2e1898ace238df6?pvs=21),,2023/11/22,2023年11月18日 13:01
韓国 11月22日,韓国,アップロード済,SUNNYSH (https://app.notion.com/p/08d06c9684c3467ba3373ef7768d2323?pvs=21),韓国終了への道　4割が破産決定　もはや末期,韓国 - 2023-11-22 -,要検証,YouTubeチェンネル運営ビジネス (https://app.notion.com/p/86f2d2e9f4074174a2e1898ace238df6?pvs=21),,2023/11/22,2023年11月18日 17:50
韓国 11月25日,韓国,アップロード済,SUNNYSH (https://app.notion.com/p/08d06c9684c3467ba3373ef7768d2323?pvs=21),ベトナム節発動　あっさり処刑！　韓国号泣謝罪,韓国 - 2023-11-25 -,NO,YouTubeチェンネル運営ビジネス (https://app.notion.com/p/86f2d2e9f4074174a2e1898ace238df6?pvs=21),,2023/11/25,2023年11月21日 14:08
中国 11月27日,中国,アップロード済,SUNNYSH (https://app.notion.com/p/08d06c9684c3467ba3373ef7768d2323?pvs=21),アルゼンチン　突如協約破棄で　中国大惨事,中国 - 2023-11-27 -,要検証,YouTubeチェンネル運営ビジネス (https://app.notion.com/p/86f2d2e9f4074174a2e1898ace238df6?pvs=21),,2023/11/27,2023年11月23日 14:04
川本 11月18日,川本,アップロード済,SUNNYSH (https://app.notion.com/p/08d06c9684c3467ba3373ef7768d2323?pvs=21)," 心が　疲れた時の　特効薬",川本 - 2023-11-18 -,,YouTubeチェンネル運営ビジネス (https://app.notion.com/p/86f2d2e9f4074174a2e1898ace238df6?pvs=21),,2023/11/18,2023年11月23日 14:50
中国 11月28日,中国,アップロード済,SUNNYSH (https://app.notion.com/p/08d06c9684c3467ba3373ef7768d2323?pvs=21),EU制裁決定　巨額支払い命令　中国借金地獄,中国 - 2023-11-28 -,要検証,YouTubeチェンネル運営ビジネス (https://app.notion.com/p/86f2d2e9f4074174a2e1898ace238df6?pvs=21),,2023/11/28,2023年11月24日 14:53
韓国 11月29日,韓国,アップロード済,SUNNYSH (https://app.notion.com/p/08d06c9684c3467ba3373ef7768d2323?pvs=21),いいぞ杉田議員　驚愕事実公開し　韓国民発狂,韓国 - 2023-11-29 -,NO,YouTubeチェンネル運営ビジネス (https://app.notion.com/p/86f2d2e9f4074174a2e1898ace238df6?pvs=21),,2023/11/29,2023年11月25日 13:24
中国 11月29日,中国,アップロード済,SUNNYSH (https://app.notion.com/p/08d06c9684c3467ba3373ef7768d2323?pvs=21),インド電撃辞退　裏で中国奔走　経済末期症状,中国 - 2023-11-29 -,NO,YouTubeチェンネル運営ビジネス (https://app.notion.com/p/86f2d2e9f4074174a2e1898ace238df6?pvs=21),,2023/11/29,2023年11月25日 14:29
韓国 11月30日,韓国,アップロード済,SUNNYSH (https://app.notion.com/p/08d06c9684c3467ba3373ef7768d2323?pvs=21),我慢の限界　愚かな韓国へ　レーザー照射,韓国 - 2023-11-30 -,要検証,YouTubeチェンネル運営ビジネス (https://app.notion.com/p/86f2d2e9f4074174a2e1898ace238df6?pvs=21),,2023/11/30,2023年11月26日 12:43
中国 11月30日,中国,アップロード済,SUNNYSH (https://app.notion.com/p/08d06c9684c3467ba3373ef7768d2323?pvs=21),中国猛吹雪凍結　倒壊崩落吹地獄絵　悲鳴散々人命が,中国 - 2023-11-30 -,NO,YouTubeチェンネル運営ビジネス (https://app.notion.com/p/86f2d2e9f4074174a2e1898ace238df6?pvs=21),,2023/11/30,2023年11月26日 14:09
韓国 12月01日,韓国,アップロード済,SUNNYSH (https://app.notion.com/p/08d06c9684c3467ba3373ef7768d2323?pvs=21),まさか国連で　文前大統領詐欺　韓国世界で大恥,韓国 - 2023-12-01 -,要検証,YouTubeチェンネル運営ビジネス (https://app.notion.com/p/86f2d2e9f4074174a2e1898ace238df6?pvs=21),,2023/12/01,2023年11月27日 12:46
中国 12月01日,中国,アップロード済,SUNNYSH (https://app.notion.com/p/08d06c9684c3467ba3373ef7768d2323?pvs=21),←中国の命運EV　日本上陸の結果　全く売れず壊滅,中国 - 2023-12-01 -,要検証,YouTubeチェンネル運営ビジネス (https://app.notion.com/p/86f2d2e9f4074174a2e1898ace238df6?pvs=21),,2023/12/01,2023年11月27日 12:48
韓国 12月03日,韓国,アップロード済,SUNNYSH (https://app.notion.com/p/08d06c9684c3467ba3373ef7768d2323?pvs=21),嘘バレ大後悔　日本契約中止　韓国万策尽きる,韓国 - 2023-12-03 -,NO,YouTubeチェンネル運営ビジネス (https://app.notion.com/p/86f2d2e9f4074174a2e1898ace238df6?pvs=21),,2023/12/03,2023年11月29日 12:30
韓国 01月01日,韓国,,SUNNYSH (https://app.notion.com/p/08d06c9684c3467ba3373ef7768d2323?pvs=21),韓国緊急SOS　破産続出　もうお金が,韓国 - 2023-12-01 -,NO,YouTubeチェンネル運営ビジネス (https://app.notion.com/p/86f2d2e9f4074174a2e1898ace238df6?pvs=21),,2023/12/01,2023年11月30日 14:00
川本 11月25日,川本,アップロード済,SUNNYSH (https://app.notion.com/p/08d06c9684c3467ba3373ef7768d2323?pvs=21),変わりたい　あなたに　知って欲しいこと,川本 - 2023-11-25 -,,YouTubeチェンネル運営ビジネス (https://app.notion.com/p/86f2d2e9f4074174a2e1898ace238df6?pvs=21),,2023/11/25,2023年12月1日 14:46
中国 12月06日,中国,アップロード済,SUNNYSH (https://app.notion.com/p/08d06c9684c3467ba3373ef7768d2323?pvs=21),カナダ即決　まさか強制駆除　中国激震,中国 - 2023-12-06 -,NO,YouTubeチェンネル運営ビジネス (https://app.notion.com/p/86f2d2e9f4074174a2e1898ace238df6?pvs=21),,2023/12/06,2023年12月2日 13:54
韓国 12月06日,韓国,アップロード済,SUNNYSH (https://app.notion.com/p/08d06c9684c3467ba3373ef7768d2323?pvs=21),嘘ばれパニック　韓国民地獄絵図　ついに日本が,韓国 - 2023-12-06 -,NO,YouTubeチェンネル運営ビジネス (https://app.notion.com/p/86f2d2e9f4074174a2e1898ace238df6?pvs=21),,2023/12/06,2023年12月2日 15:18
中国 12月08日,中国,アップロード済,SUNNYSH (https://app.notion.com/p/08d06c9684c3467ba3373ef7768d2323?pvs=21),世界的投資会社　国際金融誅罰へ　中国大慌て,中国 - 2023-12-08 -,NO,YouTubeチェンネル運営ビジネス (https://app.notion.com/p/86f2d2e9f4074174a2e1898ace238df6?pvs=21),,2023/12/08,2023年12月3日 12:48
韓国 12月07日,韓国,アップロード済,SUNNYSH (https://app.notion.com/p/08d06c9684c3467ba3373ef7768d2323?pvs=21),韓国で警告無視　行政崩壊を発表　もう止まらん,韓国 - 2023-12-07 -,NO,YouTubeチェンネル運営ビジネス (https://app.notion.com/p/86f2d2e9f4074174a2e1898ace238df6?pvs=21),,2023/12/07,2023年12月3日 14:29
中国 12月11日,中国,アップロード済,SUNNYSH (https://app.notion.com/p/08d06c9684c3467ba3373ef7768d2323?pvs=21),さよなら中国　日本態度急変　契約中止続出　,中国 - 2023-12-11 -,NO,YouTubeチェンネル運営ビジネス (https://app.notion.com/p/86f2d2e9f4074174a2e1898ace238df6?pvs=21),,2023/12/11,2023年12月6日 14:04
韓国 12月11日,韓国,アップロード済,SUNNYSH (https://app.notion.com/p/08d06c9684c3467ba3373ef7768d2323?pvs=21),中国公式発表　ついに全額削減　韓国なす術無し,韓国 - 2023-12-11 -,NO,YouTubeチェンネル運営ビジネス (https://app.notion.com/p/86f2d2e9f4074174a2e1898ace238df6?pvs=21),,2023/12/11,2023年12月7日 14:31
韓国 12月12日,韓国,アップロード済,SUNNYSH (https://app.notion.com/p/08d06c9684c3467ba3373ef7768d2323?pvs=21),どうか和解を　アマゾン撤退に　韓国必死の懇願,韓国 - 2023-12-12 -,NO,YouTubeチェンネル運営ビジネス (https://app.notion.com/p/86f2d2e9f4074174a2e1898ace238df6?pvs=21),,2023/12/12,2023年12月8日 13:59
中国 02月09日,中国,アップロード済,SUNNYSH (https://app.notion.com/p/08d06c9684c3467ba3373ef7768d2323?pvs=21),中国大パニック　大手銀行乗取り　もはや末期,中国 - 2024-02-09 -,要検証,YouTubeチェンネル運営ビジネス (https://app.notion.com/p/86f2d2e9f4074174a2e1898ace238df6?pvs=21),,2024/02/09,2023年12月10日 13:02
その他 02月10日,日本・その他のニュース,アップロード済,SUNNYSH (https://app.notion.com/p/08d06c9684c3467ba3373ef7768d2323?pvs=21),,日本・その他のニュース - 2023-12-10 -,NO,YouTubeチェンネル運営ビジネス (https://app.notion.com/p/86f2d2e9f4074174a2e1898ace238df6?pvs=21),,2023/12/10,2023年12月10日 15:42
中国 12月15日,中国,アップロード済,SUNNYSH (https://app.notion.com/p/08d06c9684c3467ba3373ef7768d2323?pvs=21),まさかネパール　必死の中国へ　あっさり拒否,中国 - 2023-12-15 -,NO,YouTubeチェンネル運営ビジネス (https://app.notion.com/p/86f2d2e9f4074174a2e1898ace238df6?pvs=21),,2023/12/15,2023年12月11日 14:28
中国 12月16日,中国,アップロード済,SUNNYSH (https://app.notion.com/p/08d06c9684c3467ba3373ef7768d2323?pvs=21),三峡ダムの罠　日本の冷酷策略　中国腰抜かす,中国 - 2023-12-16 -,NO,YouTubeチェンネル運営ビジネス (https://app.notion.com/p/86f2d2e9f4074174a2e1898ace238df6?pvs=21),,2023/12/16,2023年12月12日 14:46
その他 12月15日,日本・その他のニュース,アップロード済,SUNNYSH (https://app.notion.com/p/08d06c9684c3467ba3373ef7768d2323?pvs=21),日本が独占開始　世界騒然　経済大復活,日本・その他のニュース - 2023-12-15 -,要検証,YouTubeチェンネル運営ビジネス (https://app.notion.com/p/86f2d2e9f4074174a2e1898ace238df6?pvs=21),,2023/12/15,2023年12月12日 16:49
韓国 12月16日,韓国,アップロード済,SUNNYSH (https://app.notion.com/p/08d06c9684c3467ba3373ef7768d2323?pvs=21),情報操作を認め　国際報道発表　韓国民大混乱,韓国 - 2023-12-16 -,NO,YouTubeチェンネル運営ビジネス (https://app.notion.com/p/86f2d2e9f4074174a2e1898ace238df6?pvs=21),,2023/12/16,2023年12月14日 13:13
川本 12月09日,川本,アップロード済,SUNNYSH (https://app.notion.com/p/08d06c9684c3467ba3373ef7768d2323?pvs=21),人生をもっと豊に　キセキを　つかむ方法,川本 - 2023-12-09 -,,YouTubeチェンネル運営ビジネス (https://app.notion.com/p/86f2d2e9f4074174a2e1898ace238df6?pvs=21),,2023/12/09,2023年12月14日 16:41
韓国 12月20日,韓国,アップロード済,SUNNYSH (https://app.notion.com/p/08d06c9684c3467ba3373ef7768d2323?pvs=21),米国正気か？　財産凍結　韓国腰抜かす,韓国 - 2023-12-20 -,NO,YouTubeチェンネル運営ビジネス (https://app.notion.com/p/86f2d2e9f4074174a2e1898ace238df6?pvs=21),,2023/12/20,2023年12月17日 16:32
中国 12月21日,中国,アップロード済,SUNNYSH (https://app.notion.com/p/08d06c9684c3467ba3373ef7768d2323?pvs=21),ついに認めた　実は日本製が　中国最大屈辱,中国 - 2023-12-21 -,NO,YouTubeチェンネル運営ビジネス (https://app.notion.com/p/86f2d2e9f4074174a2e1898ace238df6?pvs=21),,2023/12/21,2023年12月18日 14:16
中国 12月22日,中国,アップロード済,SUNNYSH (https://app.notion.com/p/08d06c9684c3467ba3373ef7768d2323?pvs=21),いいぞ豪国　国際調査実行へ　中国絶体絶命,中国 - 2023-12-22 -,NO,YouTubeチェンネル運営ビジネス (https://app.notion.com/p/86f2d2e9f4074174a2e1898ace238df6?pvs=21),,2023/12/22,2023年12月19日 16:37
韓国 12月23日,韓国,アップロード済,SUNNYSH (https://app.notion.com/p/08d06c9684c3467ba3373ef7768d2323?pvs=21),フランス即決　まさか強制排除　ついに韓国が,韓国 - 2023-12-23 -,NO,YouTubeチェンネル運営ビジネス (https://app.notion.com/p/86f2d2e9f4074174a2e1898ace238df6?pvs=21),,2023/12/23,2023年12月21日 14:05
川本05月04日,川本,,SUNNYSH (https://app.notion.com/p/08d06c9684c3467ba3373ef7768d2323?pvs=21),うつにならない・うつにさせない８つ8,川本 - 2024-05-04 -,NO,YouTubeチェンネル運営ビジネス (https://app.notion.com/p/86f2d2e9f4074174a2e1898ace238df6?pvs=21),,2024/05/04,2023年12月22日 16:48
韓国 12月25日,韓国,アップロード済,SUNNYSH (https://app.notion.com/p/08d06c9684c3467ba3373ef7768d2323?pvs=21),韓国民激震　国際報道発表　まさか日本が,韓国 - 2023-12-25 -,NO,YouTubeチェンネル運営ビジネス (https://app.notion.com/p/86f2d2e9f4074174a2e1898ace238df6?pvs=21),,2023/12/25,2023年12月23日 13:14
中国 12月25日,中国,アップロード済,SUNNYSH (https://app.notion.com/p/08d06c9684c3467ba3373ef7768d2323?pvs=21),中国大惨事　亀裂崩落土砂流　寒波中地獄絵図,中国 - 2023-12-25 -,NO,YouTubeチェンネル運営ビジネス (https://app.notion.com/p/86f2d2e9f4074174a2e1898ace238df6?pvs=21),,2023/12/25,2023年12月23日 16:27
中国 12月26日,中国,アップロード済,SUNNYSH (https://app.notion.com/p/08d06c9684c3467ba3373ef7768d2323?pvs=21),失敗！大赤字　日本に嫌われ　中国緊急対応へ,中国 - 2023-12-26 -,NO,YouTubeチェンネル運営ビジネス (https://app.notion.com/p/86f2d2e9f4074174a2e1898ace238df6?pvs=21),,2023/12/26,2023年12月24日 14:11
韓国 12月28日,韓国,アップロード済,SUNNYSH (https://app.notion.com/p/08d06c9684c3467ba3373ef7768d2323?pvs=21),国際法の罠　日本の冷酷逮捕　韓国号泣謝罪,韓国 - 2023-12-28 -,NO,YouTubeチェンネル運営ビジネス (https://app.notion.com/p/86f2d2e9f4074174a2e1898ace238df6?pvs=21),,2023/12/28,2023年12月26日 15:58
中国 12月28日,中国,アップロード済,SUNNYSH (https://app.notion.com/p/08d06c9684c3467ba3373ef7768d2323?pvs=21),世界唖然　インフラ壊滅　中国地獄絵図,中国 - 2023-12-28 -,NO,YouTubeチェンネル運営ビジネス (https://app.notion.com/p/86f2d2e9f4074174a2e1898ace238df6?pvs=21),,2023/12/28,2023年12月26日 16:40
中国 12月29日,中国,アップロード済,SUNNYSH (https://app.notion.com/p/08d06c9684c3467ba3373ef7768d2323?pvs=21),中国大屈辱　米英が契約破棄　完全に日本へ,中国 - 2023-12-29 -,NO,YouTubeチェンネル運営ビジネス (https://app.notion.com/p/86f2d2e9f4074174a2e1898ace238df6?pvs=21),,2023/12/29,2023年12月27日 13:41
中国 12月30日,中国,アップロード済,SUNNYSH (https://app.notion.com/p/08d06c9684c3467ba3373ef7768d2323?pvs=21),中国打つ手なし　国連完全に認め　日本が独占,中国 - 2023-12-30 -,NO,YouTubeチェンネル運営ビジネス (https://app.notion.com/p/86f2d2e9f4074174a2e1898ace238df6?pvs=21),,2023/12/30,2023年12月27日 16:40
韓国 12月30日,韓国,アップロード済,SUNNYSH (https://app.notion.com/p/08d06c9684c3467ba3373ef7768d2323?pvs=21),韓国民驚嘆　反日芸能人追放　日本怒りの審判,韓国 - 2023-12-30 -,NO,YouTubeチェンネル運営ビジネス (https://app.notion.com/p/86f2d2e9f4074174a2e1898ace238df6?pvs=21),,2023/12/30,2023年12月28日 13:17
中国 12月31日,中国,アップロード済,SUNNYSH (https://app.notion.com/p/08d06c9684c3467ba3373ef7768d2323?pvs=21),ダム問題　原因は中国　世界に宣言,中国 - 2023-12-31 -,NO,YouTubeチェンネル運営ビジネス (https://app.notion.com/p/86f2d2e9f4074174a2e1898ace238df6?pvs=21),,2023/12/31,2023年12月29日 15:06
中国 01月05日,中国,アップロード済,SUNNYSH (https://app.notion.com/p/08d06c9684c3467ba3373ef7768d2323?pvs=21),中国騒然　まさか車両落下　今さら日本へ,中国 - 2024-01-05 -,NO,YouTubeチェンネル運営ビジネス (https://app.notion.com/p/86f2d2e9f4074174a2e1898ace238df6?pvs=21),,2024/01/05,2023年12月30日 16:06
韓国 01月03日,韓国,アップロード済,SUNNYSH (https://app.notion.com/p/08d06c9684c3467ba3373ef7768d2323?pvs=21),竹島新展開　原因は韓国　自ら電撃表明,韓国 - 2024-01-03 -,NO,YouTubeチェンネル運営ビジネス (https://app.notion.com/p/86f2d2e9f4074174a2e1898ace238df6?pvs=21),,2024/01/03,2024年1月1日 12:42
中国 01月03日,中国,アップロード済,SUNNYSH (https://app.notion.com/p/08d06c9684c3467ba3373ef7768d2323?pvs=21),真実ついに漏洩　検閲間に合わず　中国民大混乱,中国 - 2024-01-03 -,NO,YouTubeチェンネル運営ビジネス (https://app.notion.com/p/86f2d2e9f4074174a2e1898ace238df6?pvs=21),,2024/01/03,2024年1月2日 10:28
中国 01月04日,中国,アップロード済,SUNNYSH (https://app.notion.com/p/08d06c9684c3467ba3373ef7768d2323?pvs=21),侵犯は誤解です　中国政府が　必死の言い訳,中国 - 2024-01-04 -,NO,YouTubeチェンネル運営ビジネス (https://app.notion.com/p/86f2d2e9f4074174a2e1898ace238df6?pvs=21),,2024/01/04,2024年1月2日 11:43
韓国 01月05日,韓国,アップロード済,SUNNYSH (https://app.notion.com/p/08d06c9684c3467ba3373ef7768d2323?pvs=21),韓国お金がない　越南国際報道　屈辱発表,韓国 - 2024-01-05 -,NO,YouTubeチェンネル運営ビジネス (https://app.notion.com/p/86f2d2e9f4074174a2e1898ace238df6?pvs=21),,2024/01/05,2024年1月3日 15:44
韓国 01月04日,韓国,アップロード済,SUNNYSH (https://app.notion.com/p/08d06c9684c3467ba3373ef7768d2323?pvs=21),ついに認めた　実は日本製が　韓国民発狂,韓国 - 2024-01-04 -,NO,YouTubeチェンネル運営ビジネス (https://app.notion.com/p/86f2d2e9f4074174a2e1898ace238df6?pvs=21),,2024/01/04,2024年1月3日 16:59
韓国 01月06日,韓国,アップロード済,SUNNYSH (https://app.notion.com/p/08d06c9684c3467ba3373ef7768d2323?pvs=21),韓国非常事態　やばい病魔蔓延　入国禁止か,韓国 - 2024-01-06 -,NO,YouTubeチェンネル運営ビジネス (https://app.notion.com/p/86f2d2e9f4074174a2e1898ace238df6?pvs=21),,2024/01/06,2024年1月5日 13:31
中国 01月06日,中国,アップロード済,SUNNYSH (https://app.notion.com/p/08d06c9684c3467ba3373ef7768d2323?pvs=21),ついに激突　国際裁判開始　中国大慌て,中国 - 2024-01-06 -,NO,YouTubeチェンネル運営ビジネス (https://app.notion.com/p/86f2d2e9f4074174a2e1898ace238df6?pvs=21),,2024/01/06,2024年1月6日 14:47
中国 01月08日,中国,アップロード済,SUNNYSH (https://app.notion.com/p/08d06c9684c3467ba3373ef7768d2323?pvs=21),中国悲鳴続出　影の銀行が破産　連鎖倒産開始,中国 - 2024-01-08 -,要検証,YouTubeチェンネル運営ビジネス (https://app.notion.com/p/86f2d2e9f4074174a2e1898ace238df6?pvs=21),,2024/01/08,2024年1月6日 15:15
韓国 01月10日,韓国,アップロード済,SUNNYSH (https://app.notion.com/p/08d06c9684c3467ba3373ef7768d2323?pvs=21),哀れよ韓国　完全信用停止　利息も払えん,韓国 - 2024-01-10 -,NO,YouTubeチェンネル運営ビジネス (https://app.notion.com/p/86f2d2e9f4074174a2e1898ace238df6?pvs=21),,2024/01/10,2024年1月8日 12:49
韓国 01月11日,韓国,アップロード済,SUNNYSH (https://app.notion.com/p/08d06c9684c3467ba3373ef7768d2323?pvs=21),フランスの策略　韓国民絶句　まさか日本が,韓国 - 2024-01-11 -,NO,YouTubeチェンネル運営ビジネス (https://app.notion.com/p/86f2d2e9f4074174a2e1898ace238df6?pvs=21),,2024/01/11,2024年1月8日 16:22
中国 01月12日,中国,アップロード済,SUNNYSH (https://app.notion.com/p/08d06c9684c3467ba3373ef7768d2323?pvs=21),もう許さん　元高官暴露　中国政府が狂乱,中国 - 2024-01-12 -,NO,YouTubeチェンネル運営ビジネス (https://app.notion.com/p/86f2d2e9f4074174a2e1898ace238df6?pvs=21),,2024/01/12,2024年1月9日 17:04
川本 12月30日,川本,アップロード済,SUNNYSH (https://app.notion.com/p/08d06c9684c3467ba3373ef7768d2323?pvs=21),自己肯定感で　悩む人へ　高め方の真実,川本 - 2023-12-30 -,,YouTubeチェンネル運営ビジネス (https://app.notion.com/p/86f2d2e9f4074174a2e1898ace238df6?pvs=21),,2023/12/30,2024年1月12日 16:03
中国 01月17日,中国,アップロード済,SUNNYSH (https://app.notion.com/p/08d06c9684c3467ba3373ef7768d2323?pvs=21),中国企業リアル　米国調査で判明　衝撃すぎる状態　,中国 - 2024-01-17 -,要検証,YouTubeチェンネル運営ビジネス (https://app.notion.com/p/86f2d2e9f4074174a2e1898ace238df6?pvs=21),,2024/01/17,2024年1月14日 15:20
韓国 01月17日,韓国,アップロード済,SUNNYSH (https://app.notion.com/p/08d06c9684c3467ba3373ef7768d2323?pvs=21),ついに協定破棄　日本独占開始　韓国反日後悔,韓国 - 2024-01-17 -,NO,YouTubeチェンネル運営ビジネス (https://app.notion.com/p/86f2d2e9f4074174a2e1898ace238df6?pvs=21),,2024/01/17,2024年1月14日 16:28
韓国 01月20日,韓国,アップロード済,SUNNYSH (https://app.notion.com/p/08d06c9684c3467ba3373ef7768d2323?pvs=21),なぜなんだ　日本の相次無視　韓国枠が消滅へ,韓国 - 2024-01-20 -,NO,YouTubeチェンネル運営ビジネス (https://app.notion.com/p/86f2d2e9f4074174a2e1898ace238df6?pvs=21),,2024/01/20,2024年1月17日 13:42
韓国 01月21日,韓国,アップロード済,SUNNYSH (https://app.notion.com/p/08d06c9684c3467ba3373ef7768d2323?pvs=21),日本に詫びろ　米国際的な警告　韓国民に激震が,韓国 - 2024-01-21 -,NO,YouTubeチェンネル運営ビジネス (https://app.notion.com/p/86f2d2e9f4074174a2e1898ace238df6?pvs=21),,2024/01/21,2024年1月17日 14:30
川本01月13日,川本,アップロード済,SUNNYSH (https://app.notion.com/p/08d06c9684c3467ba3373ef7768d2323?pvs=21),承認欲求が　強いあなたへ　もっと幸せになる方法,川本 - 2024-01-13 -,,YouTubeチェンネル運営ビジネス (https://app.notion.com/p/86f2d2e9f4074174a2e1898ace238df6?pvs=21),,2024/01/13,2024年1月19日 13:03
中国 01月21日,中国,アップロード済,SUNNYSH (https://app.notion.com/p/08d06c9684c3467ba3373ef7768d2323?pvs=21),悲劇の大事故　中国の主張に　ついに自衛隊が,中国 - 2024-01-21 -,NO,YouTubeチェンネル運営ビジネス (https://app.notion.com/p/86f2d2e9f4074174a2e1898ace238df6?pvs=21),,2024/01/21,2024年1月19日 13:47
韓国 01月23日,韓国,アップロード済,SUNNYSH (https://app.notion.com/p/08d06c9684c3467ba3373ef7768d2323?pvs=21),待ってくれ　哀れな韓国　資産消滅,韓国 - 2024-01-23 -,NO,YouTubeチェンネル運営ビジネス (https://app.notion.com/p/86f2d2e9f4074174a2e1898ace238df6?pvs=21),,2024/01/23,2024年1月20日 12:34
韓国 01月24日,韓国,アップロード済,SUNNYSH (https://app.notion.com/p/08d06c9684c3467ba3373ef7768d2323?pvs=21),韓国腰抜かす　国際報道発表　遂に日本が制圧,韓国 - 2024-01-24 -,NO,YouTubeチェンネル運営ビジネス (https://app.notion.com/p/86f2d2e9f4074174a2e1898ace238df6?pvs=21),,2024/01/24,2024年1月20日 14:26
中国 01月24日,中国,アップロード済,SUNNYSH (https://app.notion.com/p/08d06c9684c3467ba3373ef7768d2323?pvs=21),米国で自滅発表　身売り宣言　中国もうお金が,中国 - 2024-01-24 -,NO,YouTubeチェンネル運営ビジネス (https://app.notion.com/p/86f2d2e9f4074174a2e1898ace238df6?pvs=21),,2024/01/24,2024年1月21日 13:28
中国 01月28日,中国,アップロード済,SUNNYSH (https://app.notion.com/p/08d06c9684c3467ba3373ef7768d2323?pvs=21),中国大慌て　世界停止措置　930兆円消滅,中国 - 2024-01-28 -,NO,YouTubeチェンネル運営ビジネス (https://app.notion.com/p/86f2d2e9f4074174a2e1898ace238df6?pvs=21),,2024/01/28,2024年1月24日 13:24
中国 01月29日,中国,アップロード済,SUNNYSH (https://app.notion.com/p/08d06c9684c3467ba3373ef7768d2323?pvs=21),中国罠にはまる　連邦捜査局動き　完全禁制表明,中国 - 2024-01-29 -,NO,YouTubeチェンネル運営ビジネス (https://app.notion.com/p/86f2d2e9f4074174a2e1898ace238df6?pvs=21),,2024/01/29,2024年1月24日 14:26
韓国 01月30日,韓国,アップロード済,SUNNYSH (https://app.notion.com/p/08d06c9684c3467ba3373ef7768d2323?pvs=21),裁判が認めた　慰安婦の嘘　韓国民大混乱,韓国 - 2024-01-30 -,NO,YouTubeチェンネル運営ビジネス (https://app.notion.com/p/86f2d2e9f4074174a2e1898ace238df6?pvs=21),,2024/01/30,2024年1月25日 13:15
宇宙 01月30日,宇宙のルール,Not     　Started,SUNNYSH (https://app.notion.com/p/08d06c9684c3467ba3373ef7768d2323?pvs=21),,宇宙のルール - 2024-01-30 -,,YouTubeチェンネル運営ビジネス (https://app.notion.com/p/86f2d2e9f4074174a2e1898ace238df6?pvs=21),,2024/01/30,2024年1月27日 11:09
韓国 02月01日,韓国,アップロード済,SUNNYSH (https://app.notion.com/p/08d06c9684c3467ba3373ef7768d2323?pvs=21),アメリカ公式　大型契約破棄　韓国壊滅続出,韓国 - 2024-02-01 -,NO,YouTubeチェンネル運営ビジネス (https://app.notion.com/p/86f2d2e9f4074174a2e1898ace238df6?pvs=21),,2024/02/01,2024年1月27日 15:55
中国 02月02日,中国,アップロード済,SUNNYSH (https://app.notion.com/p/08d06c9684c3467ba3373ef7768d2323?pvs=21),大恐慌再来　英学者電撃発表　中国壊滅状態,中国 - 2024-02-02 -,NO,YouTubeチェンネル運営ビジネス (https://app.notion.com/p/86f2d2e9f4074174a2e1898ace238df6?pvs=21),,2024/02/02,2024年1月29日 13:03
中国 02月03日,中国,アップロード済,SUNNYSH (https://app.notion.com/p/08d06c9684c3467ba3373ef7768d2323?pvs=21),パナマ急変　急遽停止命令　中国資産消滅,中国 - 2024-02-03 -,NO,YouTubeチェンネル運営ビジネス (https://app.notion.com/p/86f2d2e9f4074174a2e1898ace238df6?pvs=21),,2024/02/03,2024年1月30日 16:39
韓国 02月05日,韓国,アップロード済,SUNNYSH (https://app.notion.com/p/08d06c9684c3467ba3373ef7768d2323?pvs=21),いいぞ日本　復活大反撃　韓国産業壊滅へ,韓国 - 2024-02-05 -,NO,YouTubeチェンネル運営ビジネス (https://app.notion.com/p/86f2d2e9f4074174a2e1898ace238df6?pvs=21),,2024/02/05,2024年1月31日 13:04
中国 02月04日,中国,アップロード済,SUNNYSH (https://app.notion.com/p/08d06c9684c3467ba3373ef7768d2323?pvs=21),中国巨大企業　債権者完全拒否　さらに地獄へ,中国 - 2024-02-04 -,NO,YouTubeチェンネル運営ビジネス (https://app.notion.com/p/86f2d2e9f4074174a2e1898ace238df6?pvs=21),,2024/02/04,2024年1月31日 14:14
中国 02月05日,中国,アップロード済,SUNNYSH (https://app.notion.com/p/08d06c9684c3467ba3373ef7768d2323?pvs=21),国際機関が警告　巨額隠し債務で　中国お陀仏,中国 - 2024-02-05 -,NO,YouTubeチェンネル運営ビジネス (https://app.notion.com/p/86f2d2e9f4074174a2e1898ace238df6?pvs=21),,2024/02/05,2024年2月1日 16:26
中国 02月06日,中国,アップロード済,SUNNYSH (https://app.notion.com/p/08d06c9684c3467ba3373ef7768d2323?pvs=21),中国政府激震　国際報道発表　まさか日英加が　,中国 - 2024-02-06 -,NO,YouTubeチェンネル運営ビジネス (https://app.notion.com/p/86f2d2e9f4074174a2e1898ace238df6?pvs=21),,2024/02/06,2024年2月1日 17:38
中国 02月08日,中国,アップロード済,SUNNYSH (https://app.notion.com/p/08d06c9684c3467ba3373ef7768d2323?pvs=21),中国無賃労働　北朝鮮暴動勃発　○害重傷多発,中国 - 2024-02-08 -,要検証,YouTubeチェンネル運営ビジネス (https://app.notion.com/p/86f2d2e9f4074174a2e1898ace238df6?pvs=21),,2024/02/08,2024年2月3日 12:39
中国 02月10日,中国,アップロード済,SUNNYSH (https://app.notion.com/p/08d06c9684c3467ba3373ef7768d2323?pvs=21),もう復旧不可能　亀裂地滑死者続出　中国大惨事,中国 - 2024-02-10 -,NO,YouTubeチェンネル運営ビジネス (https://app.notion.com/p/86f2d2e9f4074174a2e1898ace238df6?pvs=21),,2024/02/10,2024年2月4日 14:46
中国 02月11日,中国,アップロード済,SUNNYSH (https://app.notion.com/p/08d06c9684c3467ba3373ef7768d2323?pvs=21),待ってくれ　撤退が怖い中国　懸命の懇願,中国 - 2024-02-11 -,NO,YouTubeチェンネル運営ビジネス (https://app.notion.com/p/86f2d2e9f4074174a2e1898ace238df6?pvs=21),,2024/02/11,2024年2月4日 16:23
中国 02月12日,中国,アップロード済,SUNNYSH (https://app.notion.com/p/08d06c9684c3467ba3373ef7768d2323?pvs=21),日本へ緊急SOS　大物名士ら亡命　中国政府驚嘆,中国 - 2024-02-12 -,NO,YouTubeチェンネル運営ビジネス (https://app.notion.com/p/86f2d2e9f4074174a2e1898ace238df6?pvs=21),,2024/02/12,2024年2月5日 15:19
韓国 02月11日,韓国,アップロード済,SUNNYSH (https://app.notion.com/p/08d06c9684c3467ba3373ef7768d2323?pvs=21),韓国無礼働き　日本契約破棄　壊滅的大損害,韓国 - 2024-02-11 -,NO,YouTubeチェンネル運営ビジネス (https://app.notion.com/p/86f2d2e9f4074174a2e1898ace238df6?pvs=21),,2024/02/11,2024年2月6日 15:01
中国 02月13日,中国,アップロード済,SUNNYSH (https://app.notion.com/p/08d06c9684c3467ba3373ef7768d2323?pvs=21),香港警察発表　中国詐欺られ　経済さらに混乱,中国 - 2024-02-13 -,NO,YouTubeチェンネル運営ビジネス (https://app.notion.com/p/86f2d2e9f4074174a2e1898ace238df6?pvs=21),,2024/02/13,2024年2月6日 16:00
川本02月03日,川本,,SUNNYSH (https://app.notion.com/p/08d06c9684c3467ba3373ef7768d2323?pvs=21),,川本 - 2024-02-03 -,,YouTubeチェンネル運営ビジネス (https://app.notion.com/p/86f2d2e9f4074174a2e1898ace238df6?pvs=21),,2024/02/03,2024年2月7日 14:28
韓国 02月14日,韓国,アップロード済,SUNNYSH (https://app.notion.com/p/08d06c9684c3467ba3373ef7768d2323?pvs=21),日本正気か？　完全独占開始　韓国沈没開始,韓国 - 2024-02-14 -,NO,YouTubeチェンネル運営ビジネス (https://app.notion.com/p/86f2d2e9f4074174a2e1898ace238df6?pvs=21),,2024/02/14,2024年2月8日 15:44
韓国 02月16日,韓国,アップロード済,SUNNYSH (https://app.notion.com/p/08d06c9684c3467ba3373ef7768d2323?pvs=21),韓国お金がない　まさか身売り　完全に日本が,韓国 - 2024-02-16 -,NO,YouTubeチェンネル運営ビジネス (https://app.notion.com/p/86f2d2e9f4074174a2e1898ace238df6?pvs=21),,2024/02/16,2024年2月10日 12:16
MEO対策　02月15日,特化,台本生成 - 済,SUNNYSH (https://app.notion.com/p/08d06c9684c3467ba3373ef7768d2323?pvs=21),,特化 - 2024-02-15 -,,YouTubeチェンネル運営ビジネス (https://app.notion.com/p/86f2d2e9f4074174a2e1898ace238df6?pvs=21),,2024/02/15,2024年2月10日 16:36
韓国 02月17日,韓国,アップロード済,SUNNYSH (https://app.notion.com/p/08d06c9684c3467ba3373ef7768d2323?pvs=21),日本竹島奪還　領海が10倍へ　韓国民大狂乱,韓国 - 2024-02-17 -,NO,YouTubeチェンネル運営ビジネス (https://app.notion.com/p/86f2d2e9f4074174a2e1898ace238df6?pvs=21),,2024/02/17,2024年2月11日 13:31
韓国 02月19日,韓国,アップロード済,SUNNYSH (https://app.notion.com/p/08d06c9684c3467ba3373ef7768d2323?pvs=21),ついに認めた　実は日本製　韓国民大混乱,韓国 - 2024-02-19 -,NO,YouTubeチェンネル運営ビジネス (https://app.notion.com/p/86f2d2e9f4074174a2e1898ace238df6?pvs=21),,2024/02/19,2024年2月13日 16:45
韓国 02月20日,韓国,アップロード済,SUNNYSH (https://app.notion.com/p/08d06c9684c3467ba3373ef7768d2323?pvs=21),韓国異常が　まさか強制駆除　完全に日本が,韓国 - 2024-02-20 -,NO,YouTubeチェンネル運営ビジネス (https://app.notion.com/p/86f2d2e9f4074174a2e1898ace238df6?pvs=21),,2024/02/20,2024年2月14日 13:39
その他 12月17日,日本・その他のニュース,アップロード済,SUNNYSH (https://app.notion.com/p/08d06c9684c3467ba3373ef7768d2323?pvs=21),日本に謝れ　世界中で大激怒　米国大企業騒然,日本・その他のニュース - 2023-12-17 -,NO,YouTubeチェンネル運営ビジネス (https://app.notion.com/p/86f2d2e9f4074174a2e1898ace238df6?pvs=21),,2023/12/17,2024年2月14日 16:27
川本02月10日,川本,,SUNNYSH (https://app.notion.com/p/08d06c9684c3467ba3373ef7768d2323?pvs=21),「できない」を楽に解除する方法,川本 - 2024-02-10 -,NO,YouTubeチェンネル運営ビジネス (https://app.notion.com/p/86f2d2e9f4074174a2e1898ace238df6?pvs=21),,2024/02/10,2024年2月15日 12:54
韓国 02月22日,韓国,アップロード済,SUNNYSH (https://app.notion.com/p/08d06c9684c3467ba3373ef7768d2323?pvs=21),日本専門家指摘　ついに世界へ　韓国号泣謝罪　,韓国 - 2024-02-22 -,NO,YouTubeチェンネル運営ビジネス (https://app.notion.com/p/86f2d2e9f4074174a2e1898ace238df6?pvs=21),,2024/02/22,2024年2月16日 11:19
中国 02月22日,中国,アップロード済,SUNNYSH (https://app.notion.com/p/08d06c9684c3467ba3373ef7768d2323?pvs=21),ドイツ激怒　協約破棄表明　中国絶句,中国 - 2024-02-22 -,NO,YouTubeチェンネル運営ビジネス (https://app.notion.com/p/86f2d2e9f4074174a2e1898ace238df6?pvs=21),,2024/02/22,2024年2月16日 12:11
韓国 02月23日,韓国,アップロード済,SUNNYSH (https://app.notion.com/p/08d06c9684c3467ba3373ef7768d2323?pvs=21),年金がない　韓国急変　国民大混乱,韓国 - 2024-02-23 -,NO,YouTubeチェンネル運営ビジネス (https://app.notion.com/p/86f2d2e9f4074174a2e1898ace238df6?pvs=21),,2024/02/23,2024年2月18日 13:25
中国 02月25日,中国,アップロード済,SUNNYSH (https://app.notion.com/p/08d06c9684c3467ba3373ef7768d2323?pvs=21),中国もう限界　反日大損害　世界金融重大警告,中国 - 2024-02-25 -,NO,YouTubeチェンネル運営ビジネス (https://app.notion.com/p/86f2d2e9f4074174a2e1898ace238df6?pvs=21),,2024/02/25,2024年2月19日 13:52
韓国 02月25日,韓国,アップロード済,SUNNYSH (https://app.notion.com/p/08d06c9684c3467ba3373ef7768d2323?pvs=21),韓国大騒ぎ　国内倒産多発　今さら日本へ,韓国 - 2024-02-25 -,NO,YouTubeチェンネル運営ビジネス (https://app.notion.com/p/86f2d2e9f4074174a2e1898ace238df6?pvs=21),,2024/02/25,2024年2月20日 15:08
その他 02月17日,日本・その他のニュース,アップロード済,SUNNYSH (https://app.notion.com/p/08d06c9684c3467ba3373ef7768d2323?pvs=21),岸田総理激震　国際機関が暴露　日本国民に謝れ　,日本・その他のニュース - 2024-02-18 -,NO,YouTubeチェンネル運営ビジネス (https://app.notion.com/p/86f2d2e9f4074174a2e1898ace238df6?pvs=21),,2024/02/18,2024年2月20日 15:47
韓国 02月26日,韓国,アップロード済,SUNNYSH (https://app.notion.com/p/08d06c9684c3467ba3373ef7768d2323?pvs=21),韓国止まらん　反日大失敗　いいぞ日本が,韓国 - 2024-02-26 -,NO,YouTubeチェンネル運営ビジネス (https://app.notion.com/p/86f2d2e9f4074174a2e1898ace238df6?pvs=21),,2024/02/26,2024年2月21日 14:12
中国 02月26日,中国,アップロード済,SUNNYSH (https://app.notion.com/p/08d06c9684c3467ba3373ef7768d2323?pvs=21),驚愕！嘘認め　外貨管理局暴露　中国大慌て,中国 - 2024-02-26 -,NO,YouTubeチェンネル運営ビジネス (https://app.notion.com/p/86f2d2e9f4074174a2e1898ace238df6?pvs=21),,2024/02/26,2024年2月21日 14:33
川本02月17日,川本,,SUNNYSH (https://app.notion.com/p/08d06c9684c3467ba3373ef7768d2323?pvs=21),心が疲れた時に安心を取り戻す方法,川本 - 2024-02-17 -,NO,YouTubeチェンネル運営ビジネス (https://app.notion.com/p/86f2d2e9f4074174a2e1898ace238df6?pvs=21),,2024/02/17,2024年2月21日 15:35
韓国 02月27日,韓国,アップロード済,SUNNYSH (https://app.notion.com/p/08d06c9684c3467ba3373ef7768d2323?pvs=21),元大統領暴露　韓国民騒然　ついに文在寅が,韓国 - 2024-02-27 -,NO,YouTubeチェンネル運営ビジネス (https://app.notion.com/p/86f2d2e9f4074174a2e1898ace238df6?pvs=21),,2024/02/27,2024年2月23日 16:18
中国 02月27日,中国,アップロード済,SUNNYSH (https://app.notion.com/p/08d06c9684c3467ba3373ef7768d2323?pvs=21),待ってくれ　中国不安的中　人民元紙屑に,中国 - 2024-02-27 -,要検証,YouTubeチェンネル運営ビジネス (https://app.notion.com/p/86f2d2e9f4074174a2e1898ace238df6?pvs=21),,2024/02/27,2024年2月23日 16:35
Googleフォーム　03月00日,特化,台本生成 - 済,SUNNYSH (https://app.notion.com/p/08d06c9684c3467ba3373ef7768d2323?pvs=21),,特化 - 2024-02-29 -,,YouTubeチェンネル運営ビジネス (https://app.notion.com/p/86f2d2e9f4074174a2e1898ace238df6?pvs=21),,2024/02/29,2024年2月25日 18:04
韓国 03月01日,韓国,アップロード済,SUNNYSH (https://app.notion.com/p/08d06c9684c3467ba3373ef7768d2323?pvs=21),遂に病院崩壊　韓国事実認め　まさか日本へ,韓国 - 2024-03-01 -,NO,YouTubeチェンネル運営ビジネス (https://app.notion.com/p/86f2d2e9f4074174a2e1898ace238df6?pvs=21),,2024/03/01,2024年2月27日 15:55
川本02月24日,川本,,SUNNYSH (https://app.notion.com/p/08d06c9684c3467ba3373ef7768d2323?pvs=21),イケてる自分になれる簡単な方法,川本 - 2024-02-24 -,NO,YouTubeチェンネル運営ビジネス (https://app.notion.com/p/86f2d2e9f4074174a2e1898ace238df6?pvs=21),,2024/02/24,2024年2月28日 13:08
韓国 03月02日,韓国,アップロード済,SUNNYSH (https://app.notion.com/p/08d06c9684c3467ba3373ef7768d2323?pvs=21),韓国認めた　機密情報漏洩　緊急SOS,韓国 - 2024-03-02 -,NO,YouTubeチェンネル運営ビジネス (https://app.notion.com/p/86f2d2e9f4074174a2e1898ace238df6?pvs=21),,2024/03/02,2024年2月28日 14:16
中国 03月03日,中国,アップロード済,SUNNYSH (https://app.notion.com/p/08d06c9684c3467ba3373ef7768d2323?pvs=21),キャノンが独占　中国大後悔　重要産業壊滅へ,中国 - 2024-03-03 -,NO,YouTubeチェンネル運営ビジネス (https://app.notion.com/p/86f2d2e9f4074174a2e1898ace238df6?pvs=21),,2024/03/03,2024年2月28日 14:52
韓国 03月04日,韓国,アップロード済,SUNNYSH (https://app.notion.com/p/08d06c9684c3467ba3373ef7768d2323?pvs=21),韓国許さん　日本への暴挙　新庄監督激怒,韓国 - 2024-03-04 -,NO,YouTubeチェンネル運営ビジネス (https://app.notion.com/p/86f2d2e9f4074174a2e1898ace238df6?pvs=21),,2024/03/04,2024年2月29日 12:54
中国 03月04日,中国,アップロード済,SUNNYSH (https://app.notion.com/p/08d06c9684c3467ba3373ef7768d2323?pvs=21),口止め失敗　中国真の経済状況　国家崩壊が現実に,中国 - 2024-03-04 -,NO,YouTubeチェンネル運営ビジネス (https://app.notion.com/p/86f2d2e9f4074174a2e1898ace238df6?pvs=21),,2024/03/04,2024年2月29日 14:56
その他 03月02日,日本・その他のニュース,アップロード済,SUNNYSH (https://app.notion.com/p/08d06c9684c3467ba3373ef7768d2323?pvs=21),英国巨大詐欺　電気代55倍　大嘘で経済崩壊,日本・その他のニュース - 2024-03-02 -,NO,YouTubeチェンネル運営ビジネス (https://app.notion.com/p/86f2d2e9f4074174a2e1898ace238df6?pvs=21),,2024/03/02,2024年2月29日 15:34
韓国 03月06日,韓国,アップロード済,SUNNYSH (https://app.notion.com/p/08d06c9684c3467ba3373ef7768d2323?pvs=21),韓国今さら?　懇願再開　世界屈辱発表,韓国 - 2024-03-06 -,NO,YouTubeチェンネル運営ビジネス (https://app.notion.com/p/86f2d2e9f4074174a2e1898ace238df6?pvs=21),,2024/03/06,2024年3月1日 14:19
その他 03月04日,日本・その他のニュース,アップロード済,SUNNYSH (https://app.notion.com/p/08d06c9684c3467ba3373ef7768d2323?pvs=21),国際発表で激震　日本が消えると　世界が終わるぞ,日本・その他のニュース - 2024-03-04 -,NO,YouTubeチェンネル運営ビジネス (https://app.notion.com/p/86f2d2e9f4074174a2e1898ace238df6?pvs=21),,2024/03/04,2024年3月1日 17:07
中国 03月07日,中国,アップロード済,SUNNYSH (https://app.notion.com/p/08d06c9684c3467ba3373ef7768d2323?pvs=21),中国政府大混乱　内部情報流出　遂に国際報道で,中国 - 2024-03-07 -,NO,YouTubeチェンネル運営ビジネス (https://app.notion.com/p/86f2d2e9f4074174a2e1898ace238df6?pvs=21),,2024/03/07,2024年3月2日 13:53
その他 03月05日,日本・その他のニュース,アップロード済,SUNNYSH (https://app.notion.com/p/08d06c9684c3467ba3373ef7768d2323?pvs=21),ケニア急変　日本と侍債契約　中国政府大慌て,日本・その他のニュース - 2024-03-05 -,NO,YouTubeチェンネル運営ビジネス (https://app.notion.com/p/86f2d2e9f4074174a2e1898ace238df6?pvs=21),,2024/03/05,2024年3月2日 15:48
韓国 03月08日,韓国,アップロード済,SUNNYSH (https://app.notion.com/p/08d06c9684c3467ba3373ef7768d2323?pvs=21),なぜなんだ　仏が日本称賛　韓国枠が消滅へ,韓国 - 2024-03-08 -,NO,YouTubeチェンネル運営ビジネス (https://app.notion.com/p/86f2d2e9f4074174a2e1898ace238df6?pvs=21),,2024/03/08,2024年3月3日 13:03
中国 03月08日,中国,アップロード済,SUNNYSH (https://app.notion.com/p/08d06c9684c3467ba3373ef7768d2323?pvs=21),ドイツ銀行急変　中国非常事態　100％大暴落,中国 - 2024-03-08 -,NO,YouTubeチェンネル運営ビジネス (https://app.notion.com/p/86f2d2e9f4074174a2e1898ace238df6?pvs=21),,2024/03/08,2024年3月3日 13:42
その他 03月06日,日本・その他のニュース,アップロード済,SUNNYSH (https://app.notion.com/p/08d06c9684c3467ba3373ef7768d2323?pvs=21),ドイツ参加辞退　中国泣きつき　想定外の結末,日本・その他のニュース - 2024-03-07 -,NO,YouTubeチェンネル運営ビジネス (https://app.notion.com/p/86f2d2e9f4074174a2e1898ace238df6?pvs=21),,2024/03/07,2024年3月3日 14:04
韓国 03月09日,韓国,アップロード済,SUNNYSH (https://app.notion.com/p/08d06c9684c3467ba3373ef7768d2323?pvs=21),韓国へ怒り心頭　嫌なら出ていけ　ついに日本が,韓国 - 2024-03-09 -,NO,YouTubeチェンネル運営ビジネス (https://app.notion.com/p/86f2d2e9f4074174a2e1898ace238df6?pvs=21),,2024/03/09,2024年3月4日 13:51
中国 03月09日,中国,アップロード済,SUNNYSH (https://app.notion.com/p/08d06c9684c3467ba3373ef7768d2323?pvs=21),日本唖然　中国鉄道破産　態度激変？,中国 - 2024-03-09 -,NO,YouTubeチェンネル運営ビジネス (https://app.notion.com/p/86f2d2e9f4074174a2e1898ace238df6?pvs=21),,2024/03/09,2024年3月4日 14:46
韓国 03月10日,韓国,アップロード済,SUNNYSH (https://app.notion.com/p/08d06c9684c3467ba3373ef7768d2323?pvs=21),興行産業崩壊で　暴落倒産多発　韓国民パニック　,韓国 - 2024-03-10 -,NO,YouTubeチェンネル運営ビジネス (https://app.notion.com/p/86f2d2e9f4074174a2e1898ace238df6?pvs=21),,2024/03/10,2024年3月4日 15:45
韓国 03月11日,韓国,アップロード済,SUNNYSH (https://app.notion.com/p/08d06c9684c3467ba3373ef7768d2323?pvs=21),経済国際構発表　遂に調査で判明　韓国の秘匿実態,韓国 - 2024-03-11 -,NO,YouTubeチェンネル運営ビジネス (https://app.notion.com/p/86f2d2e9f4074174a2e1898ace238df6?pvs=21),,2024/03/11,2024年3月5日 14:45
その他 03月09日,日本・その他のニュース,アップロード済,SUNNYSH (https://app.notion.com/p/08d06c9684c3467ba3373ef7768d2323?pvs=21),バイデン裏金　嘘が限界　中国枠が消滅へ,日本・その他のニュース - 2024-03-09 -,NO,YouTubeチェンネル運営ビジネス (https://app.notion.com/p/86f2d2e9f4074174a2e1898ace238df6?pvs=21),,2024/03/09,2024年3月5日 15:13
中国 03月10日,中国,アップロード済,SUNNYSH (https://app.notion.com/p/08d06c9684c3467ba3373ef7768d2323?pvs=21),これがリアル中国　世界が批判　衝撃過ぎる内情,中国 - 2024-03-10 -,NO,YouTubeチェンネル運営ビジネス (https://app.notion.com/p/86f2d2e9f4074174a2e1898ace238df6?pvs=21),,2024/03/10,2024年3月6日 12:33
中国 03月11日,中国,アップロード済,SUNNYSH (https://app.notion.com/p/08d06c9684c3467ba3373ef7768d2323?pvs=21),中国経済の終焉　遂に世界機関発表　その事実に衝撃　,中国 - 2024-03-11 -,NO,YouTubeチェンネル運営ビジネス (https://app.notion.com/p/86f2d2e9f4074174a2e1898ace238df6?pvs=21),,2024/03/11,2024年3月6日 12:53
その他 03月10日,日本・その他のニュース,アップロード済,SUNNYSH (https://app.notion.com/p/08d06c9684c3467ba3373ef7768d2323?pvs=21),韓国政府公認　突如日の丸高揚　内部崩壊開始,日本・その他のニュース - 2024-03-10 -,NO,YouTubeチェンネル運営ビジネス (https://app.notion.com/p/86f2d2e9f4074174a2e1898ace238df6?pvs=21),,2024/03/10,2024年3月6日 14:00
自分の内面の変化を認め、仮想現実を変える,Mc茶会,,SUNNYSH (https://app.notion.com/p/08d06c9684c3467ba3373ef7768d2323?pvs=21),,Mc茶会 - 2024-03-08 -,,YouTubeチェンネル運営ビジネス (https://app.notion.com/p/86f2d2e9f4074174a2e1898ace238df6?pvs=21),,2024/03/08,2024年3月7日 18:29
その他 03月14日,日本・その他のニュース,アップロード済,SUNNYSH (https://app.notion.com/p/08d06c9684c3467ba3373ef7768d2323?pvs=21),日本の技術　あまりの進化に　世界が大騒ぎ,日本・その他のニュース - 2024-03-14 -,NO,YouTubeチェンネル運営ビジネス (https://app.notion.com/p/86f2d2e9f4074174a2e1898ace238df6?pvs=21),,2024/03/14,2024年3月7日 18:34
韓国 03月15日,韓国,アップロード済,SUNNYSH (https://app.notion.com/p/08d06c9684c3467ba3373ef7768d2323?pvs=21),韓国壊滅　クライマックス　暴落！6.3％へ,韓国 - 2024-03-15 -,NO,YouTubeチェンネル運営ビジネス (https://app.notion.com/p/86f2d2e9f4074174a2e1898ace238df6?pvs=21),,2024/03/15,2024年3月9日 15:08
中国 03月16日,中国,アップロード済,SUNNYSH (https://app.notion.com/p/08d06c9684c3467ba3373ef7768d2323?pvs=21),中国の計画大失敗　公式資料嘘バレ　逆に日本が,中国 - 2024-03-16 -,NO,YouTubeチェンネル運営ビジネス (https://app.notion.com/p/86f2d2e9f4074174a2e1898ace238df6?pvs=21),,2024/03/16,2024年3月11日 15:20
中国 03月17日,中国,アップロード済,SUNNYSH (https://app.notion.com/p/08d06c9684c3467ba3373ef7768d2323?pvs=21),ついにドイツ発表　中国政府激震　タイへ大量逃亡,中国 - 2024-03-17 -,NO,YouTubeチェンネル運営ビジネス (https://app.notion.com/p/86f2d2e9f4074174a2e1898ace238df6?pvs=21),,2024/03/17,2024年3月11日 18:04
韓国 03月19日,韓国,アップロード済,SUNNYSH (https://app.notion.com/p/08d06c9684c3467ba3373ef7768d2323?pvs=21),NYが拒否宣言　どうにもならず　韓国民パニック,韓国 - 2024-03-19 -,NO,YouTubeチェンネル運営ビジネス (https://app.notion.com/p/86f2d2e9f4074174a2e1898ace238df6?pvs=21),,2024/03/19,2024年3月13日 13:08
その他 03月17日,日本・その他のニュース,アップロード済,SUNNYSH (https://app.notion.com/p/08d06c9684c3467ba3373ef7768d2323?pvs=21),あの業界でも快挙　全世界を制覇　侍魂日本が大復活,日本・その他のニュース - 2024-03-17 -,NO,YouTubeチェンネル運営ビジネス (https://app.notion.com/p/86f2d2e9f4074174a2e1898ace238df6?pvs=21),,2024/03/17,2024年3月13日 14:52
中国 03月20日,中国,アップロード済,SUNNYSH (https://app.notion.com/p/08d06c9684c3467ba3373ef7768d2323?pvs=21),習近平世界に発表　政府の崩壊決定　中国民大パニック,中国 - 2024-03-20 -,NO,YouTubeチェンネル運営ビジネス (https://app.notion.com/p/86f2d2e9f4074174a2e1898ace238df6?pvs=21),,2024/03/20,2024年3月14日 13:03
その他 03月25日,日本・その他のニュース,アップロード済,SUNNYSH (https://app.notion.com/p/08d06c9684c3467ba3373ef7768d2323?pvs=21),日本が世界を救う　国際機関が任命　ロシア大慌て,日本・その他のニュース - 2024-03-25 -,NO,YouTubeチェンネル運営ビジネス (https://app.notion.com/p/86f2d2e9f4074174a2e1898ace238df6?pvs=21),,2024/03/25,2024年3月14日 13:46
川本03月09日,川本,,SUNNYSH (https://app.notion.com/p/08d06c9684c3467ba3373ef7768d2323?pvs=21),うつにならない・うつにさせない８つ1-2,川本 - 2024-03-09 -,NO,YouTubeチェンネル運営ビジネス (https://app.notion.com/p/86f2d2e9f4074174a2e1898ace238df6?pvs=21),,2024/03/09,2024年3月15日 16:09
中国 03月21日,中国,アップロード済,SUNNYSH (https://app.notion.com/p/08d06c9684c3467ba3373ef7768d2323?pvs=21),中国の頼みの綱　とんでもない失敗　国が吹っ飛びそう　,中国 - 2024-03-21 -,NO,YouTubeチェンネル運営ビジネス (https://app.notion.com/p/86f2d2e9f4074174a2e1898ace238df6?pvs=21),,2024/03/21,2024年3月16日 12:55
その他 03月21日,日本・その他のニュース,アップロード済,SUNNYSH (https://app.notion.com/p/08d06c9684c3467ba3373ef7768d2323?pvs=21),緊急速報 最新NEWS　大谷翔平被害告発　韓国卵で襲撃,日本・その他のニュース - 2024-03-21 -,NO,YouTubeチェンネル運営ビジネス (https://app.notion.com/p/86f2d2e9f4074174a2e1898ace238df6?pvs=21),,2024/03/21,2024年3月16日 13:04
中国 03月23日,中国,アップロード済,SUNNYSH (https://app.notion.com/p/08d06c9684c3467ba3373ef7768d2323?pvs=21),どん底の中国経済　富裕層が国外脱出　国家消滅の危機に　,中国 - 2024-03-23 -,要検証,YouTubeチェンネル運営ビジネス (https://app.notion.com/p/86f2d2e9f4074174a2e1898ace238df6?pvs=21),,2024/03/23,2024年3月18日 13:38
中国 03月24日,中国,アップロード済,SUNNYSH (https://app.notion.com/p/08d06c9684c3467ba3373ef7768d2323?pvs=21),中国EVにトドメ　リチウム急変　倒産続出地獄絵図,中国 - 2024-03-24 -,要検証,YouTubeチェンネル運営ビジネス (https://app.notion.com/p/86f2d2e9f4074174a2e1898ace238df6?pvs=21),,2024/03/24,2024年3月18日 14:09
韓国 03月24日,韓国,アップロード済,SUNNYSH (https://app.notion.com/p/08d06c9684c3467ba3373ef7768d2323?pvs=21),韓国民大混乱　国際金融報道で　国が吹っ飛びそう,韓国 - 2024-03-24 -,NO,YouTubeチェンネル運営ビジネス (https://app.notion.com/p/86f2d2e9f4074174a2e1898ace238df6?pvs=21),,2024/03/24,2024年3月18日 14:24
中国 03月27日,中国,アップロード済,SUNNYSH (https://app.notion.com/p/08d06c9684c3467ba3373ef7768d2323?pvs=21),中国民大混乱　重症疫病拡大で　火葬場パンク状態,中国 - 2024-03-27 -,NO,YouTubeチェンネル運営ビジネス (https://app.notion.com/p/86f2d2e9f4074174a2e1898ace238df6?pvs=21),,2024/03/27,2024年3月21日 14:57
中国 03月28日,中国,アップロード済,SUNNYSH (https://app.notion.com/p/08d06c9684c3467ba3373ef7768d2323?pvs=21),中国民遂に異変が　爆破消し飛び倒壊　習独裁に異常事態,中国 - 2024-03-28 -,NO,YouTubeチェンネル運営ビジネス (https://app.notion.com/p/86f2d2e9f4074174a2e1898ace238df6?pvs=21),,2024/03/28,2024年3月22日 14:29
中国 03月29日,中国,アップロード済,SUNNYSH (https://app.notion.com/p/08d06c9684c3467ba3373ef7768d2323?pvs=21),中国民緊急事態　水トイレ地獄絵　まさか日本が,中国 - 2024-03-29 -,NO,YouTubeチェンネル運営ビジネス (https://app.notion.com/p/86f2d2e9f4074174a2e1898ace238df6?pvs=21),,2024/03/29,2024年3月22日 14:43
韓国 03月27日,韓国,アップロード済,SUNNYSH (https://app.notion.com/p/08d06c9684c3467ba3373ef7768d2323?pvs=21),韓国民が犠牲に　文の置き土産爆発　国家本気で消滅か,韓国 - 2024-03-27 -,要検証,YouTubeチェンネル運営ビジネス (https://app.notion.com/p/86f2d2e9f4074174a2e1898ace238df6?pvs=21),,2024/03/27,2024年3月22日 16:47
その他 03月26日,日本・その他のニュース,アップロード済,SUNNYSH (https://app.notion.com/p/08d06c9684c3467ba3373ef7768d2323?pvs=21),あいつは許さん　反日芸能人追放　日本民怒りの審判,日本・その他のニュース - 2024-03-26 -,要検証,YouTubeチェンネル運営ビジネス (https://app.notion.com/p/86f2d2e9f4074174a2e1898ace238df6?pvs=21),,2024/03/26,2024年3月22日 16:48
その他 04月04日,日本・その他のニュース,アップロード済,SUNNYSH (https://app.notion.com/p/08d06c9684c3467ba3373ef7768d2323?pvs=21),海外EVシフト崩壊　国際的芸能人暴露　日本が世界を駆逐,日本・その他のニュース - 2024-04-04 -,要検証,YouTubeチェンネル運営ビジネス (https://app.notion.com/p/86f2d2e9f4074174a2e1898ace238df6?pvs=21),,2024/04/04,2024年3月23日 13:36
韓国 03月29日,韓国,アップロード済,SUNNYSH (https://app.notion.com/p/08d06c9684c3467ba3373ef7768d2323?pvs=21),韓国大慌て　入国禁止バレ　豪メディアが批判,韓国 - 2024-03-29 -,NO,YouTubeチェンネル運営ビジネス (https://app.notion.com/p/86f2d2e9f4074174a2e1898ace238df6?pvs=21),,2024/03/29,2024年3月24日 14:10
中国 04月01日,中国,アップロード済,SUNNYSH (https://app.notion.com/p/08d06c9684c3467ba3373ef7768d2323?pvs=21),インド急変　中国必死の言い訳　まさか14億人が,中国 - 2024-04-01 -,NO,YouTubeチェンネル運営ビジネス (https://app.notion.com/p/86f2d2e9f4074174a2e1898ace238df6?pvs=21),,2024/04/01,2024年3月24日 15:20
韓国 03月31日,韓国,アップロード済,SUNNYSH (https://app.notion.com/p/08d06c9684c3467ba3373ef7768d2323?pvs=21),韓国絶句　NHK世界に　真実緊急発表,韓国 - 2024-03-31 -,NO,YouTubeチェンネル運営ビジネス (https://app.notion.com/p/86f2d2e9f4074174a2e1898ace238df6?pvs=21),,2024/03/31,2024年3月25日 13:24
韓国 04月03日,韓国,アップロード済,SUNNYSH (https://app.notion.com/p/08d06c9684c3467ba3373ef7768d2323?pvs=21),なぜなんだ　日本の相次無視　韓国限界パニック,韓国 - 2024-04-03 -,NO,YouTubeチェンネル運営ビジネス (https://app.notion.com/p/86f2d2e9f4074174a2e1898ace238df6?pvs=21),,2024/04/03,2024年3月26日 15:42
韓国 04月02日,韓国,アップロード済,SUNNYSH (https://app.notion.com/p/08d06c9684c3467ba3373ef7768d2323?pvs=21),追放確定！　台湾激怒し世界へ　韓国もう手遅れ,韓国 - 2024-04-02 -,NO,YouTubeチェンネル運営ビジネス (https://app.notion.com/p/86f2d2e9f4074174a2e1898ace238df6?pvs=21),,2024/04/02,2024年3月26日 16:47
中国 04月03日,中国,アップロード済,SUNNYSH (https://app.notion.com/p/08d06c9684c3467ba3373ef7768d2323?pvs=21),習近平罠にはまり　確実に財産没収　遂に国際報道へ,中国 - 2024-04-03 -,要検証,YouTubeチェンネル運営ビジネス (https://app.notion.com/p/86f2d2e9f4074174a2e1898ace238df6?pvs=21),,2024/04/03,2024年3月27日 12:49
韓国 04月04日,韓国,アップロード済,SUNNYSH (https://app.notion.com/p/08d06c9684c3467ba3373ef7768d2323?pvs=21),まさか日本が　続々禁止へ　韓国全土大打撃,韓国 - 2024-04-04 -,NO,YouTubeチェンネル運営ビジネス (https://app.notion.com/p/86f2d2e9f4074174a2e1898ace238df6?pvs=21),,2024/04/04,2024年3月27日 13:37
中国 04月15日,中国,アップロード済,SUNNYSH (https://app.notion.com/p/08d06c9684c3467ba3373ef7768d2323?pvs=21),中国ついに不渡り　まさか燃料停止　数億人が犠牲に,中国 - 2024-04-15 -,NO,YouTubeチェンネル運営ビジネス (https://app.notion.com/p/86f2d2e9f4074174a2e1898ace238df6?pvs=21),,2024/04/15,2024年3月28日 12:56
中国 04月04日,中国,アップロード済,SUNNYSH (https://app.notion.com/p/08d06c9684c3467ba3373ef7768d2323?pvs=21),パキスタン急変　突如裏切り反撃へ　中国政府驚嘆,中国 - 2024-04-04 -,NO,YouTubeチェンネル運営ビジネス (https://app.notion.com/p/86f2d2e9f4074174a2e1898ace238df6?pvs=21),,2024/04/04,2024年3月28日 13:06
韓国 04月05日,韓国,アップロード済,SUNNYSH (https://app.notion.com/p/08d06c9684c3467ba3373ef7768d2323?pvs=21),竹島に新展開　日本がやり返し　韓国怯え腰抜かす,韓国 - 2024-04-05 -,NO,YouTubeチェンネル運営ビジネス (https://app.notion.com/p/86f2d2e9f4074174a2e1898ace238df6?pvs=21),,2024/04/05,2024年3月28日 13:52
韓国 04月06日,韓国,アップロード済,SUNNYSH (https://app.notion.com/p/08d06c9684c3467ba3373ef7768d2323?pvs=21),麻生節炸裂　ど正論で全否定　韓国外交パニック,韓国 - 2024-04-06 -,NO,YouTubeチェンネル運営ビジネス (https://app.notion.com/p/86f2d2e9f4074174a2e1898ace238df6?pvs=21),,2024/04/06,2024年3月28日 14:40
中国 04月05日,中国,アップロード済,SUNNYSH (https://app.notion.com/p/08d06c9684c3467ba3373ef7768d2323?pvs=21),英国緊急公式発表　入国禁止資産凍結　中国民大発狂,中国 - 2024-04-05 -,NO,YouTubeチェンネル運営ビジネス (https://app.notion.com/p/86f2d2e9f4074174a2e1898ace238df6?pvs=21),,2024/04/05,2024年3月29日 14:53
中国 04月06日,中国,アップロード済,SUNNYSH (https://app.notion.com/p/08d06c9684c3467ba3373ef7768d2323?pvs=21),中国契約破棄続出　世界各国掌返し　今さら日本へ,中国 - 2024-04-06 -,NO,YouTubeチェンネル運営ビジネス (https://app.notion.com/p/86f2d2e9f4074174a2e1898ace238df6?pvs=21),,2024/04/06,2024年3月30日 13:39
韓国 04月08日,韓国,アップロード済,SUNNYSH (https://app.notion.com/p/08d06c9684c3467ba3373ef7768d2323?pvs=21),なぜなんだ　世界が怒りの審判　韓国枠が消滅へ,韓国 - 2024-04-08 -,NO,YouTubeチェンネル運営ビジネス (https://app.notion.com/p/86f2d2e9f4074174a2e1898ace238df6?pvs=21),,2024/04/08,2024年3月31日 14:03
中国 04月08日,中国,アップロード済,SUNNYSH (https://app.notion.com/p/08d06c9684c3467ba3373ef7768d2323?pvs=21),中国体制崩壊　フィジーが世界へ　まさかの急展開,中国 - 2024-04-08 -,NO,YouTubeチェンネル運営ビジネス (https://app.notion.com/p/86f2d2e9f4074174a2e1898ace238df6?pvs=21),,2024/04/08,2024年3月31日 14:13
中国 04月09日,中国,アップロード済,SUNNYSH (https://app.notion.com/p/08d06c9684c3467ba3373ef7768d2323?pvs=21),中国無人EV暴走　暴走突進はね続け　まさに地獄絵図,中国 - 2024-04-09 -,NO,YouTubeチェンネル運営ビジネス (https://app.notion.com/p/86f2d2e9f4074174a2e1898ace238df6?pvs=21),,2024/04/09,2024年4月1日 12:46
中国 04月18日,中国,アップロード済,SUNNYSH (https://app.notion.com/p/08d06c9684c3467ba3373ef7768d2323?pvs=21),中国手遅れ　国際報道され　入国禁止撤退加速,中国 - 2024-04-18 -,NO,YouTubeチェンネル運営ビジネス (https://app.notion.com/p/86f2d2e9f4074174a2e1898ace238df6?pvs=21),,2024/04/18,2024年4月1日 13:52
その他 04月14日,日本・その他のニュース,アップロード済,SUNNYSH (https://app.notion.com/p/08d06c9684c3467ba3373ef7768d2323?pvs=21),テスラ破産へ　EV無理米国訴訟　時代は日本製へ,日本・その他のニュース - 2024-04-14 -,NO,YouTubeチェンネル運営ビジネス (https://app.notion.com/p/86f2d2e9f4074174a2e1898ace238df6?pvs=21),,2024/04/14,2024年4月3日 16:28
中国 04月12日,中国,アップロード済,SUNNYSH (https://app.notion.com/p/08d06c9684c3467ba3373ef7768d2323?pvs=21),日本仰天　中国EV破産　態度激変？,中国 - 2024-04-12 -,NO,YouTubeチェンネル運営ビジネス (https://app.notion.com/p/86f2d2e9f4074174a2e1898ace238df6?pvs=21),,2024/04/12,2024年4月4日 13:33
中国 04月13日,中国,アップロード済,SUNNYSH (https://app.notion.com/p/08d06c9684c3467ba3373ef7768d2323?pvs=21),極悪非道遂に中国　　実態告発世界から　やばい結末に,中国 - 2024-04-13 -,NO,YouTubeチェンネル運営ビジネス (https://app.notion.com/p/86f2d2e9f4074174a2e1898ace238df6?pvs=21),,2024/04/13,2024年4月4日 13:52
猿のAIが仮想現実と一緒に自分をコントロールしている,Mc茶会,,SUNNYSH (https://app.notion.com/p/08d06c9684c3467ba3373ef7768d2323?pvs=21),,Mc茶会 - 2024-04-02 -,,YouTubeチェンネル運営ビジネス (https://app.notion.com/p/86f2d2e9f4074174a2e1898ace238df6?pvs=21),,2024/04/02,2024年4月4日 17:55
韓国 04月16日,韓国,アップロード済,SUNNYSH (https://app.notion.com/p/08d06c9684c3467ba3373ef7768d2323?pvs=21),韓国人が発泡事件　米国激怒裁判判決　過失決定賠償へ,韓国 - 2024-04-16 -,NO,YouTubeチェンネル運営ビジネス (https://app.notion.com/p/86f2d2e9f4074174a2e1898ace238df6?pvs=21),,2024/04/16,2024年4月5日 15:50
中国 04月14日,中国,アップロード済,SUNNYSH (https://app.notion.com/p/08d06c9684c3467ba3373ef7768d2323?pvs=21),中国金融大打撃　資金持逃げ続出　もうお金が,中国 - 2024-04-14 -,NO,YouTubeチェンネル運営ビジネス (https://app.notion.com/p/86f2d2e9f4074174a2e1898ace238df6?pvs=21),,2024/04/14,2024年4月5日 17:13
川本03月30日,川本,,SUNNYSH (https://app.notion.com/p/08d06c9684c3467ba3373ef7768d2323?pvs=21),うつにならない・うつにさせない８つ3,川本 - 2024-03-30 -,NO,YouTubeチェンネル運営ビジネス (https://app.notion.com/p/86f2d2e9f4074174a2e1898ace238df6?pvs=21),,2024/03/30,2024年4月6日 12:32
AI猿は皆が方向オンチだから方位磁針を使い、人生をより楽に幸せに,Mc茶会,,SUNNYSH (https://app.notion.com/p/08d06c9684c3467ba3373ef7768d2323?pvs=21),,Mc茶会 - 2024-04-05 -,,YouTubeチェンネル運営ビジネス (https://app.notion.com/p/86f2d2e9f4074174a2e1898ace238df6?pvs=21),,2024/04/05,2024年4月9日 0:02
韓国 04月15日,韓国,アップロード済,SUNNYSH (https://app.notion.com/p/08d06c9684c3467ba3373ef7768d2323?pvs=21),いいぞマツコDX　韓国へ怒り心頭　嫌なら出ていけ,韓国 - 2024-04-15 -,NO,YouTubeチェンネル運営ビジネス (https://app.notion.com/p/86f2d2e9f4074174a2e1898ace238df6?pvs=21),,2024/04/15,2024年4月9日 16:53
川本04月06日,川本,,SUNNYSH (https://app.notion.com/p/08d06c9684c3467ba3373ef7768d2323?pvs=21),うつにならない・うつにさせない８つ4,川本 - 2024-04-06 -,NO,YouTubeチェンネル運営ビジネス (https://app.notion.com/p/86f2d2e9f4074174a2e1898ace238df6?pvs=21),,2024/04/06,2024年4月11日 16:07
何もコントロールしようとしない,Mc茶会,,SUNNYSH (https://app.notion.com/p/08d06c9684c3467ba3373ef7768d2323?pvs=21),,Mc茶会 - 2024-04-09 -,,YouTubeチェンネル運営ビジネス (https://app.notion.com/p/86f2d2e9f4074174a2e1898ace238df6?pvs=21),,2024/04/09,2024年4月11日 19:33
韓国 04月19日,韓国,アップロード済,SUNNYSH (https://app.notion.com/p/08d06c9684c3467ba3373ef7768d2323?pvs=21),韓国民大混乱　入国拒否続出　遂に国際報道で,韓国 - 2024-04-19 -,NO,YouTubeチェンネル運営ビジネス (https://app.notion.com/p/86f2d2e9f4074174a2e1898ace238df6?pvs=21),,2024/04/19,2024年4月12日 15:26
韓国 04月22日,韓国,アップロード済,SUNNYSH (https://app.notion.com/p/08d06c9684c3467ba3373ef7768d2323?pvs=21),韓国民地獄絵図　反日放棄逃亡開始　今さら日本へ,韓国 - 2024-04-22 -,NO,YouTubeチェンネル運営ビジネス (https://app.notion.com/p/86f2d2e9f4074174a2e1898ace238df6?pvs=21),,2024/04/22,2024年4月14日 14:47
良い状態を維持しできる人だと思い出す,Mc茶会,,SUNNYSH (https://app.notion.com/p/08d06c9684c3467ba3373ef7768d2323?pvs=21),,Mc茶会 - 2024-04-11 -,,YouTubeチェンネル運営ビジネス (https://app.notion.com/p/86f2d2e9f4074174a2e1898ace238df6?pvs=21),,2024/04/11,2024年4月15日 15:49
中国 04月26日,中国,アップロード済,SUNNYSH (https://app.notion.com/p/08d06c9684c3467ba3373ef7768d2323?pvs=21),世界続々契約停止　中国なす術無し　国内倒産ラッシュ,中国 - 2024-04-26 -,NO,YouTubeチェンネル運営ビジネス (https://app.notion.com/p/86f2d2e9f4074174a2e1898ace238df6?pvs=21),,2024/04/26,2024年4月17日 12:57
中国 05月01日,中国,アップロード済,SUNNYSH (https://app.notion.com/p/08d06c9684c3467ba3373ef7768d2323?pvs=21),高速鉄道地獄絵図　中国政府が　必死の言い訳,中国 - 2024-05-01 -,要検証,YouTubeチェンネル運営ビジネス (https://app.notion.com/p/86f2d2e9f4074174a2e1898ace238df6?pvs=21),,2024/05/01,2024年4月17日 14:21
占いから宇宙の仕組みを理解する。,Mc茶会,,SUNNYSH (https://app.notion.com/p/08d06c9684c3467ba3373ef7768d2323?pvs=21),,Mc茶会 - 2024-04-16 -,,YouTubeチェンネル運営ビジネス (https://app.notion.com/p/86f2d2e9f4074174a2e1898ace238df6?pvs=21),,2024/04/16,2024年4月17日 19:02
韓国 04月26日,韓国,アップロード済,SUNNYSH (https://app.notion.com/p/08d06c9684c3467ba3373ef7768d2323?pvs=21),さよなら韓国　無惨な結果に　遂に米国排除決定,韓国 - 2024-04-26 -,NO,YouTubeチェンネル運営ビジネス (https://app.notion.com/p/86f2d2e9f4074174a2e1898ace238df6?pvs=21),,2024/04/26,2024年4月18日 13:11
中国 04月27日,中国,アップロード済,SUNNYSH (https://app.notion.com/p/08d06c9684c3467ba3373ef7768d2323?pvs=21),日本と契約決定　マレーシアの決断　中国必死の懇願,中国 - 2024-04-27 -,NO,YouTubeチェンネル運営ビジネス (https://app.notion.com/p/86f2d2e9f4074174a2e1898ace238df6?pvs=21),,2024/04/27,2024年4月18日 13:51
中国 04月29日,中国,アップロード済,SUNNYSH (https://app.notion.com/p/08d06c9684c3467ba3373ef7768d2323?pvs=21),中国遂に支払滞納　まさか国有企業が　国家消滅の危機に,中国 - 2024-04-29 -,NO,YouTubeチェンネル運営ビジネス (https://app.notion.com/p/86f2d2e9f4074174a2e1898ace238df6?pvs=21),,2024/04/29,2024年4月20日 13:56
韓国 04月27日,韓国,アップロード済,SUNNYSH (https://app.notion.com/p/08d06c9684c3467ba3373ef7768d2323?pvs=21),韓国急変　暴落倒産多発で　日本へ緊急SOS,韓国 - 2024-04-27 -,NO,YouTubeチェンネル運営ビジネス (https://app.notion.com/p/86f2d2e9f4074174a2e1898ace238df6?pvs=21),,2024/04/27,2024年4月20日 18:09
韓国 04月29日,韓国,アップロード済,SUNNYSH (https://app.notion.com/p/08d06c9684c3467ba3373ef7768d2323?pvs=21),韓国廃業続出　ついに不渡り　国家破産か,韓国 - 2024-04-29 -,NO,YouTubeチェンネル運営ビジネス (https://app.notion.com/p/86f2d2e9f4074174a2e1898ace238df6?pvs=21),,2024/04/29,2024年4月20日 18:10
韓国 04月28日,韓国,アップロード済,SUNNYSH (https://app.notion.com/p/08d06c9684c3467ba3373ef7768d2323?pvs=21),裁判が認めた　慰安婦の嘘　韓国民腰抜かす,韓国 - 2024-04-28 -,NO,YouTubeチェンネル運営ビジネス (https://app.notion.com/p/86f2d2e9f4074174a2e1898ace238df6?pvs=21),,2024/04/28,2024年4月20日 18:16
韓国 04月30日,韓国,アップロード済,SUNNYSH (https://app.notion.com/p/08d06c9684c3467ba3373ef7768d2323?pvs=21),韓国非常事態　やばい脱出劇　入国禁止か,韓国 - 2024-04-30 -,NO,YouTubeチェンネル運営ビジネス (https://app.notion.com/p/86f2d2e9f4074174a2e1898ace238df6?pvs=21),,2024/04/30,2024年4月21日 12:48
詰め重要-威張る猿とAI、自分たちは人間目指す,Mc茶会,,SUNNYSH (https://app.notion.com/p/08d06c9684c3467ba3373ef7768d2323?pvs=21),,Mc茶会 - 2024-04-19 -,,YouTubeチェンネル運営ビジネス (https://app.notion.com/p/86f2d2e9f4074174a2e1898ace238df6?pvs=21),,2024/04/19,2024年4月22日 9:38
韓国 05月01日,韓国,アップロード済,SUNNYSH (https://app.notion.com/p/08d06c9684c3467ba3373ef7768d2323?pvs=21),終わった韓国　残念な結果に　米国が排除決定,韓国 - 2024-05-01 -,NO,YouTubeチェンネル運営ビジネス (https://app.notion.com/p/86f2d2e9f4074174a2e1898ace238df6?pvs=21),,2024/05/01,2024年4月22日 13:20
韓国 05月02日,韓国,アップロード済,SUNNYSH (https://app.notion.com/p/08d06c9684c3467ba3373ef7768d2323?pvs=21),韓国嘘が限界　日本が洗脳暴露　世界続々拒絶,韓国 - 2024-05-02 -,NO,YouTubeチェンネル運営ビジネス (https://app.notion.com/p/86f2d2e9f4074174a2e1898ace238df6?pvs=21),,2024/05/02,2024年4月23日 17:40
韓国 05月03日,韓国,アップロード済,SUNNYSH (https://app.notion.com/p/08d06c9684c3467ba3373ef7768d2323?pvs=21),あっさり認めた　実は日本の勝利　韓国民発狂,韓国 - 2024-05-03 -,NO,YouTubeチェンネル運営ビジネス (https://app.notion.com/p/86f2d2e9f4074174a2e1898ace238df6?pvs=21),,2024/05/03,2024年4月24日 13:42
中国 07月01日,中国,アップロード済,SUNNYSH (https://app.notion.com/p/08d06c9684c3467ba3373ef7768d2323?pvs=21),止まらん資金流出　日本へ大移動　中国打つ手なし,中国 - 2024-07-01 -,NO,YouTubeチェンネル運営ビジネス (https://app.notion.com/p/86f2d2e9f4074174a2e1898ace238df6?pvs=21),,2024/07/01,2024年4月25日 14:43
中国 05月03日,中国,アップロード済,SUNNYSH (https://app.notion.com/p/08d06c9684c3467ba3373ef7768d2323?pvs=21),日本激怒強国復活　侵犯は誤解です　中国必死の言い訳,中国 - 2024-05-03 -,NO,YouTubeチェンネル運営ビジネス (https://app.notion.com/p/86f2d2e9f4074174a2e1898ace238df6?pvs=21),,2024/05/03,2024年4月25日 16:15
川本04月20日,川本,,SUNNYSH (https://app.notion.com/p/08d06c9684c3467ba3373ef7768d2323?pvs=21),うつにならない・うつにさせない８つ6,川本 - 2024-04-20 -,NO,YouTubeチェンネル運営ビジネス (https://app.notion.com/p/86f2d2e9f4074174a2e1898ace238df6?pvs=21),,2024/04/20,2024年4月25日 16:49
韓国 05月06日,韓国,アップロード済,SUNNYSH (https://app.notion.com/p/08d06c9684c3467ba3373ef7768d2323?pvs=21),いいぞポーランド　激怒逮捕損害請求　韓国民大損害,韓国 - 2024-05-06 -,NO,YouTubeチェンネル運営ビジネス (https://app.notion.com/p/86f2d2e9f4074174a2e1898ace238df6?pvs=21),,2024/05/06,2024年4月27日 12:36
中国 05月08日,中国,アップロード済,SUNNYSH (https://app.notion.com/p/08d06c9684c3467ba3373ef7768d2323?pvs=21),西側諸国急変　急遽停止命令　中国資産消滅,中国 - 2024-05-08 -,NO,YouTubeチェンネル運営ビジネス (https://app.notion.com/p/86f2d2e9f4074174a2e1898ace238df6?pvs=21),,2024/05/08,2024年4月28日 13:41
韓国 05月07日,韓国,アップロード済,SUNNYSH (https://app.notion.com/p/08d06c9684c3467ba3373ef7768d2323?pvs=21),韓国非常事態　やばい病魔蔓延　教授が暴露世界へ,韓国 - 2024-05-07 -,NO,YouTubeチェンネル運営ビジネス (https://app.notion.com/p/86f2d2e9f4074174a2e1898ace238df6?pvs=21),,2024/05/07,2024年4月28日 13:58
韓国 05月09日,韓国,アップロード済,SUNNYSH (https://app.notion.com/p/08d06c9684c3467ba3373ef7768d2323?pvs=21),なぜなんだ　世界が相次無視　韓国国家消滅へ,韓国 - 2024-05-09 -,NO,YouTubeチェンネル運営ビジネス (https://app.notion.com/p/86f2d2e9f4074174a2e1898ace238df6?pvs=21),,2024/05/09,2024年4月29日 13:39
韓国 05月10日,韓国,アップロード済,SUNNYSH (https://app.notion.com/p/08d06c9684c3467ba3373ef7768d2323?pvs=21),韓国公報道で驚歎　反日芸能人追放！　日本怒りの審判,韓国 - 2024-05-10 -,NO,YouTubeチェンネル運営ビジネス (https://app.notion.com/p/86f2d2e9f4074174a2e1898ace238df6?pvs=21),,2024/05/10,2024年4月30日 15:10
中国 05月11日,中国,アップロード済,SUNNYSH (https://app.notion.com/p/08d06c9684c3467ba3373ef7768d2323?pvs=21),さよなら中国　毎月15万社倒産　重要産業壊滅へ,中国 - 2024-05-11 -,NO,YouTubeチェンネル運営ビジネス (https://app.notion.com/p/86f2d2e9f4074174a2e1898ace238df6?pvs=21),,2024/05/11,2024年5月1日 13:09
韓国 05月12日,韓国,アップロード済,SUNNYSH (https://app.notion.com/p/08d06c9684c3467ba3373ef7768d2323?pvs=21),韓国企業大混乱　各国入港拒否続出　4千億賠償命令,韓国 - 2024-05-12 -,NO,YouTubeチェンネル運営ビジネス (https://app.notion.com/p/86f2d2e9f4074174a2e1898ace238df6?pvs=21),,2024/05/12,2024年5月2日 12:48
川本04月27日,川本,,SUNNYSH (https://app.notion.com/p/08d06c9684c3467ba3373ef7768d2323?pvs=21),うつにならない・うつにさせない８つ7,川本 - 2024-04-27 -,NO,YouTubeチェンネル運営ビジネス (https://app.notion.com/p/86f2d2e9f4074174a2e1898ace238df6?pvs=21),,2024/04/27,2024年5月2日 13:37
中国 05月14日,中国,アップロード済,SUNNYSH (https://app.notion.com/p/08d06c9684c3467ba3373ef7768d2323?pvs=21),中国大惨事　爆破崩落道路車　死者続出地獄絵図,中国 - 2024-05-14 -,NO,YouTubeチェンネル運営ビジネス (https://app.notion.com/p/86f2d2e9f4074174a2e1898ace238df6?pvs=21),,2024/05/14,2024年5月5日 13:16
韓国 05月14日,韓国,アップロード済,SUNNYSH (https://app.notion.com/p/08d06c9684c3467ba3373ef7768d2323?pvs=21),韓国無礼働き　日本許可を破棄　壊滅的大損害,韓国 - 2024-05-14 -,NO,YouTubeチェンネル運営ビジネス (https://app.notion.com/p/86f2d2e9f4074174a2e1898ace238df6?pvs=21),,2024/05/14,2024年5月5日 13:38
韓国 05月16日,韓国,アップロード済,SUNNYSH (https://app.notion.com/p/08d06c9684c3467ba3373ef7768d2323?pvs=21),メキシコ態度急変　韓国打つ手なし　契約中止続出,韓国 - 2024-05-16 -,NO,YouTubeチェンネル運営ビジネス (https://app.notion.com/p/86f2d2e9f4074174a2e1898ace238df6?pvs=21),,2024/05/16,2024年5月6日 13:55
中国 05月15日,中国,アップロード済,SUNNYSH (https://app.notion.com/p/08d06c9684c3467ba3373ef7768d2323?pvs=21),もう作らせん！　各国相次ぎ拒絶　中国重要産業壊滅,中国 - 2024-05-15 -,NO,YouTubeチェンネル運営ビジネス (https://app.notion.com/p/86f2d2e9f4074174a2e1898ace238df6?pvs=21),,2024/05/15,2024年5月6日 16:01
中国 05月16日,中国,アップロード済,SUNNYSH (https://app.notion.com/p/08d06c9684c3467ba3373ef7768d2323?pvs=21),いいぞ連邦捜査局　強気の逮捕　中国緊急対応へ,中国 - 2024-05-16 -,NO,YouTubeチェンネル運営ビジネス (https://app.notion.com/p/86f2d2e9f4074174a2e1898ace238df6?pvs=21),,2024/05/16,2024年5月7日 22:01
韓国 05月17日,韓国,アップロード済,SUNNYSH (https://app.notion.com/p/08d06c9684c3467ba3373ef7768d2323?pvs=21),韓国異変が　極貧緊急SOS　日本断固拒否,韓国 - 2024-05-17 -,NO,YouTubeチェンネル運営ビジネス (https://app.notion.com/p/86f2d2e9f4074174a2e1898ace238df6?pvs=21),,2024/05/17,2024年5月8日 12:52
中国 05月17日,中国,アップロード済,SUNNYSH (https://app.notion.com/p/08d06c9684c3467ba3373ef7768d2323?pvs=21),再拡散で病院崩壊　中国事実隠蔽し　世界入国拒否か,中国 - 2024-05-17 -,NO,YouTubeチェンネル運営ビジネス (https://app.notion.com/p/86f2d2e9f4074174a2e1898ace238df6?pvs=21),,2024/05/17,2024年5月8日 13:03
韓国 05月18日,韓国,アップロード済,SUNNYSH (https://app.notion.com/p/08d06c9684c3467ba3373ef7768d2323?pvs=21),韓国人災経済打撃　重要交通網断裂　一斉崩落地獄絵図,韓国 - 2024-05-18 -,NO,YouTubeチェンネル運営ビジネス (https://app.notion.com/p/86f2d2e9f4074174a2e1898ace238df6?pvs=21),,2024/05/18,2024年5月8日 16:54
中国 05月20日,中国,アップロード済,SUNNYSH (https://app.notion.com/p/08d06c9684c3467ba3373ef7768d2323?pvs=21),中国民緊急SOS　サウジ契約破棄で　100％大暴落,中国 - 2024-05-20 -,NO,YouTubeチェンネル運営ビジネス (https://app.notion.com/p/86f2d2e9f4074174a2e1898ace238df6?pvs=21),,2024/05/20,2024年5月11日 14:12
韓国 05月20日,韓国,アップロード済,SUNNYSH (https://app.notion.com/p/08d06c9684c3467ba3373ef7768d2323?pvs=21),日本急変　急遽停止命令　韓国資産消滅へ,韓国 - 2024-05-20 -,NO,YouTubeチェンネル運営ビジネス (https://app.notion.com/p/86f2d2e9f4074174a2e1898ace238df6?pvs=21),,2024/05/20,2024年5月11日 14:38
中国 05月22日,中国,アップロード済,SUNNYSH (https://app.notion.com/p/08d06c9684c3467ba3373ef7768d2323?pvs=21),国際報道で大批判　急遽輸入停止命令　中国経済どん底へ,中国 - 2024-05-22 -,NO,YouTubeチェンネル運営ビジネス (https://app.notion.com/p/86f2d2e9f4074174a2e1898ace238df6?pvs=21),,2024/05/22,2024年5月13日 14:44
中国 05月23日,中国,アップロード済,SUNNYSH (https://app.notion.com/p/08d06c9684c3467ba3373ef7768d2323?pvs=21),新感染で病院崩壊　中国事実認め　世界入国拒否？,中国 - 2024-05-23 -,NO,YouTubeチェンネル運営ビジネス (https://app.notion.com/p/86f2d2e9f4074174a2e1898ace238df6?pvs=21),,2024/05/23,2024年5月14日 14:18
韓国 05月23日,韓国,アップロード済,SUNNYSH (https://app.notion.com/p/08d06c9684c3467ba3373ef7768d2323?pvs=21),スワップの罠　日本の冷酷策略　韓国ついに外貨が,韓国 - 2024-05-23 -,NO,YouTubeチェンネル運営ビジネス (https://app.notion.com/p/86f2d2e9f4074174a2e1898ace238df6?pvs=21),,2024/05/23,2024年5月14日 14:46
中国 05月24日,中国,アップロード済,SUNNYSH (https://app.notion.com/p/08d06c9684c3467ba3373ef7768d2323?pvs=21),中国民大混乱　真実バレ国際報道　遂に日本が制圧,中国 - 2024-05-24 -,NO,YouTubeチェンネル運営ビジネス (https://app.notion.com/p/86f2d2e9f4074174a2e1898ace238df6?pvs=21),,2024/05/24,2024年5月15日 13:17
韓国 05月25日,韓国,アップロード済,SUNNYSH (https://app.notion.com/p/08d06c9684c3467ba3373ef7768d2323?pvs=21),日本正気か？　財産没収　韓国連鎖倒産へ,韓国 - 2024-05-25 -,NO,YouTubeチェンネル運営ビジネス (https://app.notion.com/p/86f2d2e9f4074174a2e1898ace238df6?pvs=21),,2024/05/25,2024年5月16日 12:44
韓国 05月26日,韓国,アップロード済,SUNNYSH (https://app.notion.com/p/08d06c9684c3467ba3373ef7768d2323?pvs=21),ついに認めた　隠れて日本製　韓国民大炎上,韓国 - 2024-05-26 -,NO,YouTubeチェンネル運営ビジネス (https://app.notion.com/p/86f2d2e9f4074174a2e1898ace238df6?pvs=21),,2024/05/26,2024年5月16日 13:08
中国 05月30日,中国,アップロード済,SUNNYSH (https://app.notion.com/p/08d06c9684c3467ba3373ef7768d2323?pvs=21),中国嫌われ狙われ　襲撃強盗紛争拡大　世界続々反中へ,中国 - 2024-05-30 -,NO,YouTubeチェンネル運営ビジネス (https://app.notion.com/p/86f2d2e9f4074174a2e1898ace238df6?pvs=21),,2024/05/30,2024年5月16日 13:30
中国 05月25日,中国,アップロード済,SUNNYSH (https://app.notion.com/p/08d06c9684c3467ba3373ef7768d2323?pvs=21),資産差押公文通達　ついに世界へ　中国号泣謝罪,中国 - 2024-05-25 -,NO,YouTubeチェンネル運営ビジネス (https://app.notion.com/p/86f2d2e9f4074174a2e1898ace238df6?pvs=21),,2024/05/25,2024年5月18日 13:07
韓国 05月29日,韓国,アップロード済,SUNNYSH (https://app.notion.com/p/08d06c9684c3467ba3373ef7768d2323?pvs=21),ついに契約破棄　日本が独占開始　韓国打つ手なし,韓国 - 2024-05-29 -,NO,YouTubeチェンネル運営ビジネス (https://app.notion.com/p/86f2d2e9f4074174a2e1898ace238df6?pvs=21),,2024/05/29,2024年5月19日 14:11
中国 05月29日,中国,アップロード済,SUNNYSH (https://app.notion.com/p/08d06c9684c3467ba3373ef7768d2323?pvs=21),日本に謝れ　ロシア世界に公表　中国民腰抜かす,中国 - 2024-05-29 -,NO,YouTubeチェンネル運営ビジネス (https://app.notion.com/p/86f2d2e9f4074174a2e1898ace238df6?pvs=21),,2024/05/29,2024年5月20日 13:19
韓国 05月30日,韓国,アップロード済,SUNNYSH (https://app.notion.com/p/08d06c9684c3467ba3373ef7768d2323?pvs=21),世界で痙攣血尿　韓国続々禁止か　日本とは桁違い,韓国 - 2024-05-30 -,NO,YouTubeチェンネル運営ビジネス (https://app.notion.com/p/86f2d2e9f4074174a2e1898ace238df6?pvs=21),,2024/05/30,2024年5月20日 15:04
中国 06月01日,中国,アップロード済,SUNNYSH (https://app.notion.com/p/08d06c9684c3467ba3373ef7768d2323?pvs=21),中国同時多発襲撃　習近平怯える　狂気の犯行声明,中国 - 2024-06-01 -,NO,YouTubeチェンネル運営ビジネス (https://app.notion.com/p/86f2d2e9f4074174a2e1898ace238df6?pvs=21),,2024/06/01,2024年5月23日 13:31
韓国 06月02日,韓国,アップロード済,SUNNYSH (https://app.notion.com/p/08d06c9684c3467ba3373ef7768d2323?pvs=21),国際書が真実発表　本物は完全日本製　韓国枠消滅へ,韓国 - 2024-06-02 -,NO,YouTubeチェンネル運営ビジネス (https://app.notion.com/p/86f2d2e9f4074174a2e1898ace238df6?pvs=21),,2024/06/02,2024年5月23日 15:18
韓国 06月06日,韓国,アップロード済,SUNNYSH (https://app.notion.com/p/08d06c9684c3467ba3373ef7768d2323?pvs=21),韓国電力廃業か　ついに不渡り　国家破産へ,韓国 - 2024-06-06 -,NO,YouTubeチェンネル運営ビジネス (https://app.notion.com/p/86f2d2e9f4074174a2e1898ace238df6?pvs=21),,2024/06/06,2024年5月26日 12:44
韓国 06月07日,韓国,アップロード済,SUNNYSH (https://app.notion.com/p/08d06c9684c3467ba3373ef7768d2323?pvs=21),さよなら韓国　日本急変協約破棄　世界へ宣言,韓国 - 2024-06-07 -,NO,YouTubeチェンネル運営ビジネス (https://app.notion.com/p/86f2d2e9f4074174a2e1898ace238df6?pvs=21),,2024/06/07,2024年5月27日 12:43
怪我を治した奇跡的な力で願望を叶える,Mc茶会,,SUNNYSH (https://app.notion.com/p/08d06c9684c3467ba3373ef7768d2323?pvs=21),,Mc茶会 - 2024-05-21 -,,YouTubeチェンネル運営ビジネス (https://app.notion.com/p/86f2d2e9f4074174a2e1898ace238df6?pvs=21),,2024/05/21,2024年5月28日 0:50
中国 06月07日,中国,アップロード済,SUNNYSH (https://app.notion.com/p/08d06c9684c3467ba3373ef7768d2323?pvs=21),遂に刑事起訴決定　国際問題大炎上　中国大慌て,中国 - 2024-06-07 -,NO,YouTubeチェンネル運営ビジネス (https://app.notion.com/p/86f2d2e9f4074174a2e1898ace238df6?pvs=21),,2024/06/07,2024年5月28日 14:21
中国 06月08日,中国,アップロード済,SUNNYSH (https://app.notion.com/p/08d06c9684c3467ba3373ef7768d2323?pvs=21),中国更に自滅加速　反日教育副作用　大量失業地獄絵図,中国 - 2024-06-08 -,NO,YouTubeチェンネル運営ビジネス (https://app.notion.com/p/86f2d2e9f4074174a2e1898ace238df6?pvs=21),,2024/06/08,2024年5月29日 14:25
中国 06月09日,中国,アップロード済,SUNNYSH (https://app.notion.com/p/08d06c9684c3467ba3373ef7768d2323?pvs=21),緊急拘束！　中国民大混乱　遂に国際報道で,中国 - 2024-06-09 -,NO,YouTubeチェンネル運営ビジネス (https://app.notion.com/p/86f2d2e9f4074174a2e1898ace238df6?pvs=21),,2024/06/09,2024年5月29日 14:43
中国 06月11日,中国,アップロード済,SUNNYSH (https://app.notion.com/p/08d06c9684c3467ba3373ef7768d2323?pvs=21),中国緊急SOS　有害漏洩地獄絵図　完全に日本が,中国 - 2024-06-11 -,NO,YouTubeチェンネル運営ビジネス (https://app.notion.com/p/86f2d2e9f4074174a2e1898ace238df6?pvs=21),,2024/06/11,2024年5月30日 13:05
韓国 06月10日,韓国,アップロード済,SUNNYSH (https://app.notion.com/p/08d06c9684c3467ba3373ef7768d2323?pvs=21),哀れな韓国　日本米蘭続々裁判　事実知り国民悲鳴,韓国 - 2024-06-10 -,NO,YouTubeチェンネル運営ビジネス (https://app.notion.com/p/86f2d2e9f4074174a2e1898ace238df6?pvs=21),,2024/06/10,2024年5月30日 16:09
韓国 06月11日,韓国,アップロード済,SUNNYSH (https://app.notion.com/p/08d06c9684c3467ba3373ef7768d2323?pvs=21),韓国内複合崩壊　必死の言い訳　まさかロッテが,韓国 - 2024-06-11 -,NO,YouTubeチェンネル運営ビジネス (https://app.notion.com/p/86f2d2e9f4074174a2e1898ace238df6?pvs=21),,2024/06/11,2024年6月1日 13:14
韓国 06月12日,韓国,アップロード済,SUNNYSH (https://app.notion.com/p/08d06c9684c3467ba3373ef7768d2323?pvs=21),韓国民も激怒　久石譲に謝れ　日本怒りの審判,韓国 - 2024-06-12 -,NO,YouTubeチェンネル運営ビジネス (https://app.notion.com/p/86f2d2e9f4074174a2e1898ace238df6?pvs=21),,2024/06/12,2024年6月2日 12:49
韓国 06月13日,韓国,アップロード済,SUNNYSH (https://app.notion.com/p/08d06c9684c3467ba3373ef7768d2323?pvs=21),韓国限界パニック　旭日旗教授が　世界で自滅発表,韓国 - 2024-06-13 -,NO,YouTubeチェンネル運営ビジネス (https://app.notion.com/p/86f2d2e9f4074174a2e1898ace238df6?pvs=21),,2024/06/13,2024年6月2日 13:12
中国 06月13日,中国,アップロード済,SUNNYSH (https://app.notion.com/p/08d06c9684c3467ba3373ef7768d2323?pvs=21),中国絶句　フィリピン真実を　世界続々非難　,中国 - 2024-06-13 -,NO,YouTubeチェンネル運営ビジネス (https://app.notion.com/p/86f2d2e9f4074174a2e1898ace238df6?pvs=21),,2024/06/13,2024年6月2日 14:15
韓国 06月14日,韓国,アップロード済,SUNNYSH (https://app.notion.com/p/08d06c9684c3467ba3373ef7768d2323?pvs=21),ルールを守れ　ドイツ怒りの追求　韓国枠が消滅決定,韓国 - 2024-06-14 -,NO,YouTubeチェンネル運営ビジネス (https://app.notion.com/p/86f2d2e9f4074174a2e1898ace238df6?pvs=21),,2024/06/14,2024年6月3日 14:12
中国 06月14日,中国,アップロード済,SUNNYSH (https://app.notion.com/p/08d06c9684c3467ba3373ef7768d2323?pvs=21),ポーランド急変　突如協定違反請求　中国連鎖倒産恐怖,中国 - 2024-06-14 -,NO,YouTubeチェンネル運営ビジネス (https://app.notion.com/p/86f2d2e9f4074174a2e1898ace238df6?pvs=21),,2024/06/14,2024年6月3日 14:40
韓国 06月15日,韓国,アップロード済,SUNNYSH (https://app.notion.com/p/08d06c9684c3467ba3373ef7768d2323?pvs=21),韓国民大混乱　汚物爆発破損炎上　外出禁止地獄絵図,韓国 - 2024-06-15 -,NO,YouTubeチェンネル運営ビジネス (https://app.notion.com/p/86f2d2e9f4074174a2e1898ace238df6?pvs=21),,2024/06/15,2024年6月4日 17:04
中国 06月16日,中国,アップロード済,SUNNYSH (https://app.notion.com/p/08d06c9684c3467ba3373ef7768d2323?pvs=21),日本唖然　　豪国急遽協定破棄　中国打つ手なし,中国 - 2024-06-16 -,NO,YouTubeチェンネル運営ビジネス (https://app.notion.com/p/86f2d2e9f4074174a2e1898ace238df6?pvs=21),,2024/06/16,2024年6月5日 13:42
中国 06月19日,中国,アップロード済,SUNNYSH (https://app.notion.com/p/08d06c9684c3467ba3373ef7768d2323?pvs=21),日本政府事実公開　どうか和解を　厚顔中国必死懇願,中国 - 2024-06-19 -,NO,YouTubeチェンネル運営ビジネス (https://app.notion.com/p/86f2d2e9f4074174a2e1898ace238df6?pvs=21),,2024/06/19,2024年6月8日 13:04
韓国 06月18日,韓国,アップロード済,SUNNYSH (https://app.notion.com/p/08d06c9684c3467ba3373ef7768d2323?pvs=21),韓国反日大失敗　いいぞ日本　立入り禁止決定へ,韓国 - 2024-06-18 -,NO,YouTubeチェンネル運営ビジネス (https://app.notion.com/p/86f2d2e9f4074174a2e1898ace238df6?pvs=21),,2024/06/18,2024年6月8日 15:52
中国 06月20日,中国,アップロード済,SUNNYSH (https://app.notion.com/p/08d06c9684c3467ba3373ef7768d2323?pvs=21),中国政府絶句　嘘の証拠動画拡散　国連が登録抹消へ,中国 - 2024-06-20 -,NO,YouTubeチェンネル運営ビジネス (https://app.notion.com/p/86f2d2e9f4074174a2e1898ace238df6?pvs=21),,2024/06/20,2024年6月8日 17:59
韓国 06月19日,韓国,アップロード済,SUNNYSH (https://app.notion.com/p/08d06c9684c3467ba3373ef7768d2323?pvs=21),豪国急変　急遽停止命令　韓国石油消滅,韓国 - 2024-06-19 -,NO,YouTubeチェンネル運営ビジネス (https://app.notion.com/p/86f2d2e9f4074174a2e1898ace238df6?pvs=21),,2024/06/19,2024年6月9日 13:35
ラベル外し→仮想現実,Mc茶会,,SUNNYSH (https://app.notion.com/p/08d06c9684c3467ba3373ef7768d2323?pvs=21),,Mc茶会 - 2024-06-04 -,,YouTubeチェンネル運営ビジネス (https://app.notion.com/p/86f2d2e9f4074174a2e1898ace238df6?pvs=21),,2024/06/04,2024年6月10日 10:46
韓国 06月20日,韓国,アップロード済,SUNNYSH (https://app.notion.com/p/08d06c9684c3467ba3373ef7768d2323?pvs=21),韓国公報道で驚歎　世界中が契約拒否　完全に日本が,韓国 - 2024-06-20 -,NO,YouTubeチェンネル運営ビジネス (https://app.notion.com/p/86f2d2e9f4074174a2e1898ace238df6?pvs=21),,2024/06/20,2024年6月11日 15:42
中国 06月22日,中国,アップロード済,SUNNYSH (https://app.notion.com/p/08d06c9684c3467ba3373ef7768d2323?pvs=21),中国鉄道壊滅　連鎖倒産の恐怖　日本へ緊急SOS,中国 - 2024-06-22 -,NO,YouTubeチェンネル運営ビジネス (https://app.notion.com/p/86f2d2e9f4074174a2e1898ace238df6?pvs=21),,2024/06/22,2024年6月12日 13:09
韓国 06月22日,韓国,アップロード済,SUNNYSH (https://app.notion.com/p/08d06c9684c3467ba3373ef7768d2323?pvs=21),どうか和解を　強制送還怖い韓国　必死の懇願,韓国 - 2024-06-22 -,NO,YouTubeチェンネル運営ビジネス (https://app.notion.com/p/86f2d2e9f4074174a2e1898ace238df6?pvs=21),,2024/06/22,2024年6月13日 12:41
韓国 06月23日,韓国,アップロード済,SUNNYSH (https://app.notion.com/p/08d06c9684c3467ba3373ef7768d2323?pvs=21),韓国・・・許さん　韓の嘘に英国激怒　世界で続々拒絶　,韓国 - 2024-06-23 -,NO,YouTubeチェンネル運営ビジネス (https://app.notion.com/p/86f2d2e9f4074174a2e1898ace238df6?pvs=21),,2024/06/23,2024年6月13日 14:15
中国 06月23日,中国,アップロード済,SUNNYSH (https://app.notion.com/p/08d06c9684c3467ba3373ef7768d2323?pvs=21),中国異変北京陥落　滞納続出で限界　遂に国際問題へ,中国 - 2024-06-23 -,NO,YouTubeチェンネル運営ビジネス (https://app.notion.com/p/86f2d2e9f4074174a2e1898ace238df6?pvs=21),,2024/06/23,2024年6月15日 14:19
最高の将来にするために,Mc茶会,,SUNNYSH (https://app.notion.com/p/08d06c9684c3467ba3373ef7768d2323?pvs=21),,Mc茶会 - 2024-06-11 -,,YouTubeチェンネル運営ビジネス (https://app.notion.com/p/86f2d2e9f4074174a2e1898ace238df6?pvs=21),,2024/06/11,2024年6月16日 14:00
韓国 06月25日,韓国,アップロード済,SUNNYSH (https://app.notion.com/p/08d06c9684c3467ba3373ef7768d2323?pvs=21),韓国異変国際報道　極貧緊急SOS　日本断固拒否,韓国 - 2024-06-25 -,NO,YouTubeチェンネル運営ビジネス (https://app.notion.com/p/86f2d2e9f4074174a2e1898ace238df6?pvs=21),,2024/06/25,2024年6月16日 15:15
韓国 06月26日,韓国,アップロード済,SUNNYSH (https://app.notion.com/p/08d06c9684c3467ba3373ef7768d2323?pvs=21),国際情勢読めず　契約解除支払命令　韓国腰抜かす　,韓国 - 2024-06-26 -,NO,YouTubeチェンネル運営ビジネス (https://app.notion.com/p/86f2d2e9f4074174a2e1898ace238df6?pvs=21),,2024/06/26,2024年6月16日 16:12
中国 06月25日,中国,アップロード済,SUNNYSH (https://app.notion.com/p/08d06c9684c3467ba3373ef7768d2323?pvs=21),裏でマレーシア　突如協約破棄で　中国大惨事,中国 - 2024-06-25 -,NO,YouTubeチェンネル運営ビジネス (https://app.notion.com/p/86f2d2e9f4074174a2e1898ace238df6?pvs=21),,2024/06/25,2024年6月17日 13:06
中国 06月26日,中国,アップロード済,SUNNYSH (https://app.notion.com/p/08d06c9684c3467ba3373ef7768d2323?pvs=21),日本我慢の限界　無礼天誅ビザ取消　中国民大パニック,中国 - 2024-06-26 -,NO,YouTubeチェンネル運営ビジネス (https://app.notion.com/p/86f2d2e9f4074174a2e1898ace238df6?pvs=21),,2024/06/26,2024年6月17日 13:56
中国 06月27日,中国,アップロード済,SUNNYSH (https://app.notion.com/p/08d06c9684c3467ba3373ef7768d2323?pvs=21),中国軍壊滅　フィリピン急変　世界が一斉に,中国 - 2024-06-27 -,NO,YouTubeチェンネル運営ビジネス (https://app.notion.com/p/86f2d2e9f4074174a2e1898ace238df6?pvs=21),,2024/06/27,2024年6月18日 16:16
韓国 06月28日,韓国,アップロード済,SUNNYSH (https://app.notion.com/p/08d06c9684c3467ba3373ef7768d2323?pvs=21),韓国博士事実発表　世界へ拡散大騒ぎ　遂に日本新聞社が,韓国 - 2024-06-28 -,NO,YouTubeチェンネル運営ビジネス (https://app.notion.com/p/86f2d2e9f4074174a2e1898ace238df6?pvs=21),,2024/06/28,2024年6月18日 16:52
韓国 06月29日,韓国,アップロード済,SUNNYSH (https://app.notion.com/p/08d06c9684c3467ba3373ef7768d2323?pvs=21),韓国お金がない　滞納続出　遂に国家破産か,韓国 - 2024-06-29 -,NO,YouTubeチェンネル運営ビジネス (https://app.notion.com/p/86f2d2e9f4074174a2e1898ace238df6?pvs=21),,2024/06/29,2024年6月22日 15:07
韓国 07月02日,韓国,アップロード済,SUNNYSH (https://app.notion.com/p/08d06c9684c3467ba3373ef7768d2323?pvs=21),日本に謝れ　親日韓国教授激怒　全土大騒ぎ,韓国 - 2024-07-02 -,NO,YouTubeチェンネル運営ビジネス (https://app.notion.com/p/86f2d2e9f4074174a2e1898ace238df6?pvs=21),,2024/07/02,2024年6月23日 15:53
韓国 07月01日,韓国,アップロード済,SUNNYSH (https://app.notion.com/p/08d06c9684c3467ba3373ef7768d2323?pvs=21),もう復旧不可能　日本が完全無視　韓国領土が消滅へ,韓国 - 2024-07-01 -,NO,YouTubeチェンネル運営ビジネス (https://app.notion.com/p/86f2d2e9f4074174a2e1898ace238df6?pvs=21),,2024/07/01,2024年6月23日 17:10
韓国 07月03日,韓国,アップロード済,SUNNYSH (https://app.notion.com/p/08d06c9684c3467ba3373ef7768d2323?pvs=21),韓国は不要だ　今度は越国中国へ　入国拒否続出,韓国 - 2024-07-03 -,NO,YouTubeチェンネル運営ビジネス (https://app.notion.com/p/86f2d2e9f4074174a2e1898ace238df6?pvs=21),,2024/07/03,2024年6月24日 16:54
韓国 07月05日,韓国,アップロード済,SUNNYSH (https://app.notion.com/p/08d06c9684c3467ba3373ef7768d2323?pvs=21),コンテナ通さん　各国続々拒絶　韓国緊急対応へ,韓国 - 2024-07-05 -,NO,YouTubeチェンネル運営ビジネス (https://app.notion.com/p/86f2d2e9f4074174a2e1898ace238df6?pvs=21),,2024/07/05,2024年6月26日 15:24
中国 07月04日,中国,アップロード済,SUNNYSH (https://app.notion.com/p/08d06c9684c3467ba3373ef7768d2323?pvs=21),ついに認めた　実は日本製　中国民発狂泣崩れ,中国 - 2024-07-04 -,NO,YouTubeチェンネル運営ビジネス (https://app.notion.com/p/86f2d2e9f4074174a2e1898ace238df6?pvs=21),,2024/07/04,2024年6月26日 17:08
中国 07月07日,中国,アップロード済,SUNNYSH (https://app.notion.com/p/08d06c9684c3467ba3373ef7768d2323?pvs=21),ついに認め　警察動き逮捕連発　中国国内も絶句,中国 - 2024-07-07 -,NO,YouTubeチェンネル運営ビジネス (https://app.notion.com/p/86f2d2e9f4074174a2e1898ace238df6?pvs=21),,2024/07/07,2024年6月30日 16:32
韓国 07月07日,韓国,アップロード済,SUNNYSH (https://app.notion.com/p/08d06c9684c3467ba3373ef7768d2323?pvs=21),韓国メディア発表　暴露し緊急SOS　日本断固拒否,韓国 - 2024-07-07 -,NO,YouTubeチェンネル運営ビジネス (https://app.notion.com/p/86f2d2e9f4074174a2e1898ace238df6?pvs=21),,2024/07/07,2024年6月30日 16:51
韓国 07月09日,韓国,アップロード済,SUNNYSH (https://app.notion.com/p/08d06c9684c3467ba3373ef7768d2323?pvs=21),もう復旧不可能　台湾が真実を公表　韓国腰抜かす,韓国 - 2024-07-09 -,NO,YouTubeチェンネル運営ビジネス (https://app.notion.com/p/86f2d2e9f4074174a2e1898ace238df6?pvs=21),,2024/07/09,2024年7月1日 14:12
中国 07月10日,中国,アップロード済,SUNNYSH (https://app.notion.com/p/08d06c9684c3467ba3373ef7768d2323?pvs=21),残念な中国　意地を張った結果　軍事機密が,中国 - 2024-07-10 -,NO,YouTubeチェンネル運営ビジネス (https://app.notion.com/p/86f2d2e9f4074174a2e1898ace238df6?pvs=21),,2024/07/10,2024年7月2日 0:57
韓国 07月10日,韓国,アップロード済,SUNNYSH (https://app.notion.com/p/08d06c9684c3467ba3373ef7768d2323?pvs=21),いいぞ群馬県知事　嘘を許さん強姿勢　韓国それはやめて,韓国 - 2024-07-10 -,NO,YouTubeチェンネル運営ビジネス (https://app.notion.com/p/86f2d2e9f4074174a2e1898ace238df6?pvs=21),,2024/07/10,2024年7月2日 16:51
中国 07月11日,中国,アップロード済,SUNNYSH (https://app.notion.com/p/08d06c9684c3467ba3373ef7768d2323?pvs=21),中国・・・許さん　米英加豪新が激怒　遂に執行決定,中国 - 2024-07-11 -,NO,YouTubeチェンネル運営ビジネス (https://app.notion.com/p/86f2d2e9f4074174a2e1898ace238df6?pvs=21),,2024/07/11,2024年7月3日 12:35
韓国 07月12日,韓国,アップロード済,SUNNYSH (https://app.notion.com/p/08d06c9684c3467ba3373ef7768d2323?pvs=21),嘘バレ地獄絵　資産消滅で　韓国民パニック,韓国 - 2024-07-12 -,NO,YouTubeチェンネル運営ビジネス (https://app.notion.com/p/86f2d2e9f4074174a2e1898ace238df6?pvs=21),,2024/07/12,2024年7月4日 14:34
韓国 07月15日,韓国,アップロード済,SUNNYSH (https://app.notion.com/p/08d06c9684c3467ba3373ef7768d2323?pvs=21),韓国真実を世界へ　汚物麻薬蝿まみれ　渡航拒否続出,韓国 - 2024-07-15 -,NO,YouTubeチェンネル運営ビジネス (https://app.notion.com/p/86f2d2e9f4074174a2e1898ace238df6?pvs=21),,2024/07/15,2024年7月6日 17:43
中国 07月15日,中国,アップロード済,SUNNYSH (https://app.notion.com/p/08d06c9684c3467ba3373ef7768d2323?pvs=21),ドイツ政府割込み　ギリギリ阻止成功　中国技術外交壊滅,中国 - 2024-07-15 -,NO,YouTubeチェンネル運営ビジネス (https://app.notion.com/p/86f2d2e9f4074174a2e1898ace238df6?pvs=21),,2024/07/15,2024年7月8日 12:52
最高の将来にするために,Mc茶会,,SUNNYSH (https://app.notion.com/p/08d06c9684c3467ba3373ef7768d2323?pvs=21),,Mc茶会 - 2024-06-25 -,,YouTubeチェンネル運営ビジネス (https://app.notion.com/p/86f2d2e9f4074174a2e1898ace238df6?pvs=21),,2024/06/25,2024年7月8日 23:09
韓国 07月29日,韓国,アップロード済,SUNNYSH (https://app.notion.com/p/08d06c9684c3467ba3373ef7768d2323?pvs=21),すでに計画大崩壊　追放確定　韓国なす術無し,韓国 - 2024-07-29 -,NO,YouTubeチェンネル運営ビジネス (https://app.notion.com/p/86f2d2e9f4074174a2e1898ace238df6?pvs=21),,2024/07/29,2024年7月9日 17:19
韓国 07月16日,韓国,アップロード済,SUNNYSH (https://app.notion.com/p/08d06c9684c3467ba3373ef7768d2323?pvs=21),韓国民から批判　反日教授追放　日本が怒りの審判,韓国 - 2024-07-16 -,NO,YouTubeチェンネル運営ビジネス (https://app.notion.com/p/86f2d2e9f4074174a2e1898ace238df6?pvs=21),,2024/07/16,2024年7月10日 13:28
中国 07月19日,中国,アップロード済,SUNNYSH (https://app.notion.com/p/08d06c9684c3467ba3373ef7768d2323?pvs=21),コンゴで大誤算　中国大惨事　まさか武装勢力が,中国 - 2024-07-19 -,NO,YouTubeチェンネル運営ビジネス (https://app.notion.com/p/86f2d2e9f4074174a2e1898ace238df6?pvs=21),,2024/07/19,2024年7月11日 12:33
韓国 07月19日,韓国,アップロード済,SUNNYSH (https://app.notion.com/p/08d06c9684c3467ba3373ef7768d2323?pvs=21),いいぞ警視庁　強気の逮捕で　韓国緊急対応へ,韓国 - 2024-07-19 -,NO,YouTubeチェンネル運営ビジネス (https://app.notion.com/p/86f2d2e9f4074174a2e1898ace238df6?pvs=21),,2024/07/19,2024年7月11日 16:07
韓国 07月20日,韓国,アップロード済,SUNNYSH (https://app.notion.com/p/08d06c9684c3467ba3373ef7768d2323?pvs=21),あまりの進化に　日本シェアトップ　韓国減少止まらん,韓国 - 2024-07-20 -,NO,YouTubeチェンネル運営ビジネス (https://app.notion.com/p/86f2d2e9f4074174a2e1898ace238df6?pvs=21),,2024/07/20,2024年7月13日 22:53
韓国 07月21日,韓国,アップロード済,SUNNYSH (https://app.notion.com/p/08d06c9684c3467ba3373ef7768d2323?pvs=21),哀れな韓国へ　米国民一斉拒否　事実知り韓民絶望,韓国 - 2024-07-21 -,NO,YouTubeチェンネル運営ビジネス (https://app.notion.com/p/86f2d2e9f4074174a2e1898ace238df6?pvs=21),,2024/07/21,2024年7月13日 22:54
中国 07月21日,中国,アップロード済,SUNNYSH (https://app.notion.com/p/08d06c9684c3467ba3373ef7768d2323?pvs=21),ドイツ露骨に　排除実行　中国もうお金が,中国 - 2024-07-21 -,NO,YouTubeチェンネル運営ビジネス (https://app.notion.com/p/86f2d2e9f4074174a2e1898ace238df6?pvs=21),,2024/07/21,2024年7月14日 15:59
中国 07月23日,中国,アップロード済,SUNNYSH (https://app.notion.com/p/08d06c9684c3467ba3373ef7768d2323?pvs=21),中国巨大竜巻直撃　人建物車堤防道を　完全破壊大量死亡,中国 - 2024-07-23 -,NO,YouTubeチェンネル運営ビジネス (https://app.notion.com/p/86f2d2e9f4074174a2e1898ace238df6?pvs=21),,2024/07/23,2024年7月15日 12:57
中国 07月24日,中国,アップロード済,SUNNYSH (https://app.notion.com/p/08d06c9684c3467ba3373ef7768d2323?pvs=21),もう復旧不可能　米有名創業者激白　中国希望失う,中国 - 2024-07-24 -,NO,YouTubeチェンネル運営ビジネス (https://app.notion.com/p/86f2d2e9f4074174a2e1898ace238df6?pvs=21),,2024/07/24,2024年7月15日 13:41
韓国 07月24日,韓国,アップロード済,SUNNYSH (https://app.notion.com/p/08d06c9684c3467ba3373ef7768d2323?pvs=21),韓国水爆弾直撃　家崩壊土砂崩れ　完全生活麻痺,韓国 - 2024-07-24 -,NO,YouTubeチェンネル運営ビジネス (https://app.notion.com/p/86f2d2e9f4074174a2e1898ace238df6?pvs=21),,2024/07/24,2024年7月15日 15:56
中国 07月25日,中国,アップロード済,SUNNYSH (https://app.notion.com/p/08d06c9684c3467ba3373ef7768d2323?pvs=21),これが中国リアル　数々の契約解除に　突如後悔,中国 - 2024-07-25 -,NO,YouTubeチェンネル運営ビジネス (https://app.notion.com/p/86f2d2e9f4074174a2e1898ace238df6?pvs=21),,2024/07/25,2024年7月16日 16:33
韓国 07月25日,韓国,アップロード済,SUNNYSH (https://app.notion.com/p/08d06c9684c3467ba3373ef7768d2323?pvs=21),もう通さん　独国次々拒絶　韓国全土大打撃,韓国 - 2024-07-25 -,NO,YouTubeチェンネル運営ビジネス (https://app.notion.com/p/86f2d2e9f4074174a2e1898ace238df6?pvs=21),,2024/07/25,2024年7月16日 17:18
中国 08月08日,中国,アップロード済,SUNNYSH (https://app.notion.com/p/08d06c9684c3467ba3373ef7768d2323?pvs=21),ニュージー強行　もう許さん　中国へ激怒の理由,中国 - 2024-08-08 -,NO,YouTubeチェンネル運営ビジネス (https://app.notion.com/p/86f2d2e9f4074174a2e1898ace238df6?pvs=21),,2024/08/08,2024年7月17日 16:16
韓国 08月01日,韓国,アップロード済,SUNNYSH (https://app.notion.com/p/08d06c9684c3467ba3373ef7768d2323?pvs=21),ついに認めた　実は日本製　韓国を法的措置へ,韓国 - 2024-08-01 -,NO,YouTubeチェンネル運営ビジネス (https://app.notion.com/p/86f2d2e9f4074174a2e1898ace238df6?pvs=21),,2024/08/01,2024年7月18日 17:17
中国 07月30日,中国,アップロード済,SUNNYSH (https://app.notion.com/p/08d06c9684c3467ba3373ef7768d2323?pvs=21),中国の嘘が限界　ついに洗脳暴露　世界続々拒絶,中国 - 2024-07-30 -,NO,YouTubeチェンネル運営ビジネス (https://app.notion.com/p/86f2d2e9f4074174a2e1898ace238df6?pvs=21),,2024/07/30,2024年7月20日 14:59
中国 08月01日,中国,アップロード済,SUNNYSH (https://app.notion.com/p/08d06c9684c3467ba3373ef7768d2323?pvs=21),中国経済の終焉　100％増税へ　遂に国家破産か,中国 - 2024-08-01 -,NO,YouTubeチェンネル運営ビジネス (https://app.notion.com/p/86f2d2e9f4074174a2e1898ace238df6?pvs=21),,2024/08/01,2024年7月22日 15:55
中国 08月02日,中国,アップロード済,SUNNYSH (https://app.notion.com/p/08d06c9684c3467ba3373ef7768d2323?pvs=21),中国の正体判明　遂に国際問題へ　オランダ入国拒否,中国 - 2024-08-02 -,NO,YouTubeチェンネル運営ビジネス (https://app.notion.com/p/86f2d2e9f4074174a2e1898ace238df6?pvs=21),,2024/08/02,2024年7月23日 15:14
中国 08月03日,中国,アップロード済,SUNNYSH (https://app.notion.com/p/08d06c9684c3467ba3373ef7768d2323?pvs=21),中国の致命的ミス　　日本契約破棄　壊滅的大損害,中国 - 2024-08-03 -,NO,YouTubeチェンネル運営ビジネス (https://app.notion.com/p/86f2d2e9f4074174a2e1898ace238df6?pvs=21),,2024/08/03,2024年7月24日 16:19
中国 08月06日,中国,アップロード済,SUNNYSH (https://app.notion.com/p/08d06c9684c3467ba3373ef7768d2323?pvs=21),パラオ入国拒否　世界で嫌われ中国　日本へ緊急SOS,中国 - 2024-08-06 -,NO,YouTubeチェンネル運営ビジネス (https://app.notion.com/p/86f2d2e9f4074174a2e1898ace238df6?pvs=21),,2024/08/06,2024年7月29日 13:15
韓国 08月06日,韓国,アップロード済,SUNNYSH (https://app.notion.com/p/08d06c9684c3467ba3373ef7768d2323?pvs=21),韓国が急変し　ついに公基までも　滞納続出もう限界,韓国 - 2024-08-06 -,NO,YouTubeチェンネル運営ビジネス (https://app.notion.com/p/86f2d2e9f4074174a2e1898ace238df6?pvs=21),,2024/08/06,2024年7月29日 14:42
中国 08月07日,中国,アップロード済,SUNNYSH (https://app.notion.com/p/08d06c9684c3467ba3373ef7768d2323?pvs=21),中国商取引壊滅へ　連載撤退の恐怖　もう止まらん,中国 - 2024-08-07 -,NO,YouTubeチェンネル運営ビジネス (https://app.notion.com/p/86f2d2e9f4074174a2e1898ace238df6?pvs=21),,2024/08/07,2024年7月30日 16:20
中国 08月09日,中国,アップロード済,SUNNYSH (https://app.notion.com/p/08d06c9684c3467ba3373ef7768d2323?pvs=21),中国激怒の中　逮捕決定　仏西動き資産没収,中国 - 2024-08-09 -,NO,YouTubeチェンネル運営ビジネス (https://app.notion.com/p/86f2d2e9f4074174a2e1898ace238df6?pvs=21),,2024/08/09,2024年7月30日 16:20
韓国 08月08日,韓国,アップロード済,SUNNYSH (https://app.notion.com/p/08d06c9684c3467ba3373ef7768d2323?pvs=21),高騰10兆大損害　止まらん解雇地獄　韓国の債務ヤバい,韓国 - 2024-08-08 -,NO,YouTubeチェンネル運営ビジネス (https://app.notion.com/p/86f2d2e9f4074174a2e1898ace238df6?pvs=21),,2024/08/08,2024年7月30日 17:00
韓国 08月10日,韓国,アップロード済,SUNNYSH (https://app.notion.com/p/08d06c9684c3467ba3373ef7768d2323?pvs=21),韓国への観光激減　ひどい実態が告発　日本が最高独壇場,韓国 - 2024-08-10 -,NO,YouTubeチェンネル運営ビジネス (https://app.notion.com/p/86f2d2e9f4074174a2e1898ace238df6?pvs=21),,2024/08/10,2024年7月31日 14:08
中国 08月18日,中国,アップロード済,SUNNYSH (https://app.notion.com/p/08d06c9684c3467ba3373ef7768d2323?pvs=21),金欠で航空停止へ　中国事実認め　国民大パニック,中国 - 2024-08-18 -,NO,YouTubeチェンネル運営ビジネス (https://app.notion.com/p/86f2d2e9f4074174a2e1898ace238df6?pvs=21),,2024/08/18,2024年7月31日 15:44
韓国 08月09日,韓国,アップロード済,SUNNYSH (https://app.notion.com/p/08d06c9684c3467ba3373ef7768d2323?pvs=21),スワップの罠　計算高い日本　韓国ドル無大後悔,韓国 - 2024-08-09 -,NO,YouTubeチェンネル運営ビジネス (https://app.notion.com/p/86f2d2e9f4074174a2e1898ace238df6?pvs=21),,2024/08/09,2024年8月1日 12:49
韓国 08月11日,韓国,アップロード済,SUNNYSH (https://app.notion.com/p/08d06c9684c3467ba3373ef7768d2323?pvs=21),韓国経済もう限界　日本報道されない　リアルな破産状況,韓国 - 2024-08-11 -,NO,YouTubeチェンネル運営ビジネス (https://app.notion.com/p/86f2d2e9f4074174a2e1898ace238df6?pvs=21),,2024/08/11,2024年8月3日 13:35
中国 08月11日,中国,アップロード済,SUNNYSH (https://app.notion.com/p/08d06c9684c3467ba3373ef7768d2323?pvs=21),中国完全に詰んだ　日本撤退掌返し　現地の生々しい声,中国 - 2024-08-11 -,NO,YouTubeチェンネル運営ビジネス (https://app.notion.com/p/86f2d2e9f4074174a2e1898ace238df6?pvs=21),,2024/08/11,2024年8月3日 13:35
韓国 08月13日,韓国,アップロード済,SUNNYSH (https://app.notion.com/p/08d06c9684c3467ba3373ef7768d2323?pvs=21),隠され韓国の闇　入国拒否続出　遂に国際報道で,韓国 - 2024-08-13 -,NO,YouTubeチェンネル運営ビジネス (https://app.notion.com/p/86f2d2e9f4074174a2e1898ace238df6?pvs=21),,2024/08/13,2024年8月4日 13:34
中国 08月13日,中国,アップロード済,SUNNYSH (https://app.notion.com/p/08d06c9684c3467ba3373ef7768d2323?pvs=21),中国非常事態　有名企業破産決定　全土で連鎖崩壊へ,中国 - 2024-08-13 -,NO,YouTubeチェンネル運営ビジネス (https://app.notion.com/p/86f2d2e9f4074174a2e1898ace238df6?pvs=21),,2024/08/13,2024年8月5日 13:29
韓国 08月30日,韓国,アップロード済,SUNNYSH (https://app.notion.com/p/08d06c9684c3467ba3373ef7768d2323?pvs=21),泣きつく！　必死の韓国大損害　ベトナム断固拒否,韓国 - 2024-08-30 -,NO,YouTubeチェンネル運営ビジネス (https://app.notion.com/p/86f2d2e9f4074174a2e1898ace238df6?pvs=21),,2024/08/30,2024年8月5日 16:04
ネガティブのない仮想現実を作る鍛錬,Mc茶会,,SUNNYSH (https://app.notion.com/p/08d06c9684c3467ba3373ef7768d2323?pvs=21),,Mc茶会 - 2024-07-30 -,,YouTubeチェンネル運営ビジネス (https://app.notion.com/p/86f2d2e9f4074174a2e1898ace238df6?pvs=21),,2024/07/30,2024年8月6日 10:25
韓国 08月14日,韓国,アップロード済,SUNNYSH (https://app.notion.com/p/08d06c9684c3467ba3373ef7768d2323?pvs=21),韓国爆発焼失損傷　停電断水有毒ガス　完全地獄絵図,韓国 - 2024-08-14 -,NO,YouTubeチェンネル運営ビジネス (https://app.notion.com/p/86f2d2e9f4074174a2e1898ace238df6?pvs=21),,2024/08/14,2024年8月7日 0:23
韓国 08月15日,韓国,アップロード済,SUNNYSH (https://app.notion.com/p/08d06c9684c3467ba3373ef7768d2323?pvs=21),韓国緊急SOS　一日で資金消滅　全て日本が,韓国 - 2024-08-15 -,NO,YouTubeチェンネル運営ビジネス (https://app.notion.com/p/86f2d2e9f4074174a2e1898ace238df6?pvs=21),,2024/08/15,2024年8月7日 0:23
韓国 08月16日,韓国,アップロード済,SUNNYSH (https://app.notion.com/p/08d06c9684c3467ba3373ef7768d2323?pvs=21),韓国メディア突如　不都合な真実暴露　世界が続々避難,韓国 - 2024-08-16 -,NO,YouTubeチェンネル運営ビジネス (https://app.notion.com/p/86f2d2e9f4074174a2e1898ace238df6?pvs=21),,2024/08/16,2024年8月8日 12:59
韓国 08月19日,韓国,アップロード済,SUNNYSH (https://app.notion.com/p/08d06c9684c3467ba3373ef7768d2323?pvs=21),韓国非常事態　決定100％暴落　世界が次々と,韓国 - 2024-08-19 -,NO,YouTubeチェンネル運営ビジネス (https://app.notion.com/p/86f2d2e9f4074174a2e1898ace238df6?pvs=21),,2024/08/19,2024年8月11日 12:59
中国 08月21日,中国,アップロード済,SUNNYSH (https://app.notion.com/p/08d06c9684c3467ba3373ef7768d2323?pvs=21),中国騒然　世界が輸入拒否　完全に日本米嘉が,中国 - 2024-08-21 -,NO,YouTubeチェンネル運営ビジネス (https://app.notion.com/p/86f2d2e9f4074174a2e1898ace238df6?pvs=21),,2024/08/21,2024年8月11日 13:00
韓国 08月20日,韓国,アップロード済,SUNNYSH (https://app.notion.com/p/08d06c9684c3467ba3373ef7768d2323?pvs=21),まさか韓国SOS　TBS放送公表　年末までもたん,韓国 - 2024-08-20 -,NO,YouTubeチェンネル運営ビジネス (https://app.notion.com/p/86f2d2e9f4074174a2e1898ace238df6?pvs=21),,2024/08/20,2024年8月12日 15:38
中国 08月19日,中国,アップロード済,SUNNYSH (https://app.notion.com/p/08d06c9684c3467ba3373ef7768d2323?pvs=21),中国限界パニック　急激連鎖倒産劇　世界で自滅発表,中国 - 2024-08-19 -,NO,YouTubeチェンネル運営ビジネス (https://app.notion.com/p/86f2d2e9f4074174a2e1898ace238df6?pvs=21),,2024/08/19,2024年8月13日 15:20
韓国 08月21日,韓国,アップロード済,SUNNYSH (https://app.notion.com/p/08d06c9684c3467ba3373ef7768d2323?pvs=21),世界が日本認め　韓国暴落極貧へ　報道されない事実,韓国 - 2024-08-21 -,NO,YouTubeチェンネル運営ビジネス (https://app.notion.com/p/86f2d2e9f4074174a2e1898ace238df6?pvs=21),,2024/08/21,2024年8月14日 13:19
中国 08月27日,中国,アップロード済,SUNNYSH (https://app.notion.com/p/08d06c9684c3467ba3373ef7768d2323?pvs=21),中国大慌て　NHKが世界に　国際緊急発表,中国 - 2024-08-27 -,NO,YouTubeチェンネル運営ビジネス (https://app.notion.com/p/86f2d2e9f4074174a2e1898ace238df6?pvs=21),,2024/08/27,2024年8月15日 13:49
韓国 08月23日,韓国,アップロード済,SUNNYSH (https://app.notion.com/p/08d06c9684c3467ba3373ef7768d2323?pvs=21),韓国民から批判　反日主義者追放　日本が怒りの審判,韓国 - 2024-08-23 -,NO,YouTubeチェンネル運営ビジネス (https://app.notion.com/p/86f2d2e9f4074174a2e1898ace238df6?pvs=21),,2024/08/23,2024年8月17日 14:34
中国 08月23日,中国,アップロード済,SUNNYSH (https://app.notion.com/p/08d06c9684c3467ba3373ef7768d2323?pvs=21),いいぞ台湾　驚愕事実世界公開　中国緊急対応へ,中国 - 2024-08-23 -,NO,YouTubeチェンネル運営ビジネス (https://app.notion.com/p/86f2d2e9f4074174a2e1898ace238df6?pvs=21),,2024/08/23,2024年8月17日 14:48
韓国 08月24日,韓国,アップロード済,SUNNYSH (https://app.notion.com/p/08d06c9684c3467ba3373ef7768d2323?pvs=21),日本に謝れ　韓国人調査員激怒　全土で大騒ぎ,韓国 - 2024-08-24 -,NO,YouTubeチェンネル運営ビジネス (https://app.notion.com/p/86f2d2e9f4074174a2e1898ace238df6?pvs=21),,2024/08/24,2024年8月18日 12:48
韓国 08月25日,韓国,アップロード済,SUNNYSH (https://app.notion.com/p/08d06c9684c3467ba3373ef7768d2323?pvs=21),韓国軍壊滅　アメリカ急変　西側が一斉に,韓国 - 2024-08-25 -,NO,YouTubeチェンネル運営ビジネス (https://app.notion.com/p/86f2d2e9f4074174a2e1898ace238df6?pvs=21),,2024/08/25,2024年8月18日 12:48
中国 08月25日,中国,アップロード済,SUNNYSH (https://app.notion.com/p/08d06c9684c3467ba3373ef7768d2323?pvs=21),日本メディア暴露　中国絶望的被害　空母艦壊滅大混乱　,中国 - 2024-08-25 -,NO,YouTubeチェンネル運営ビジネス (https://app.notion.com/p/86f2d2e9f4074174a2e1898ace238df6?pvs=21),,2024/08/25,2024年8月19日 14:14
中国 08月24日,中国,アップロード済,SUNNYSH (https://app.notion.com/p/08d06c9684c3467ba3373ef7768d2323?pvs=21),いいぞ特殊警察　強気の撃破　中国屈辱大暴動　,中国 - 2024-08-24 -,NO,YouTubeチェンネル運営ビジネス (https://app.notion.com/p/86f2d2e9f4074174a2e1898ace238df6?pvs=21),,2024/08/24,2024年8月19日 14:14
中国 08月26日,中国,アップロード済,SUNNYSH (https://app.notion.com/p/08d06c9684c3467ba3373ef7768d2323?pvs=21),中国もう耐えれん　遂に銀行廃業へ　始まった地獄図,中国 - 2024-08-26 -,NO,YouTubeチェンネル運営ビジネス (https://app.notion.com/p/86f2d2e9f4074174a2e1898ace238df6?pvs=21),,2024/08/26,2024年8月19日 16:55
韓国 08月28日,韓国,アップロード済,SUNNYSH (https://app.notion.com/p/08d06c9684c3467ba3373ef7768d2323?pvs=21),韓国腰抜かす　まさか日本有名人　遂に国際報道で,韓国 - 2024-08-28 -,NO,YouTubeチェンネル運営ビジネス (https://app.notion.com/p/86f2d2e9f4074174a2e1898ace238df6?pvs=21),,2024/08/28,2024年8月24日 19:02
韓国 09月06日,韓国,アップロード済,SUNNYSH (https://app.notion.com/p/08d06c9684c3467ba3373ef7768d2323?pvs=21),哀れな韓国大誤算　米国民一斉拒否　事実知り韓民屈辱,韓国 - 2024-09-06 -,NO,YouTubeチェンネル運営ビジネス (https://app.notion.com/p/86f2d2e9f4074174a2e1898ace238df6?pvs=21),,2024/09/06,2024年8月25日 16:43
中国 08月29日,中国,アップロード済,SUNNYSH (https://app.notion.com/p/08d06c9684c3467ba3373ef7768d2323?pvs=21),どうか和解を　強制送還怖い中国　必死の懇願,中国 - 2024-08-29 -,NO,YouTubeチェンネル運営ビジネス (https://app.notion.com/p/86f2d2e9f4074174a2e1898ace238df6?pvs=21),,2024/08/29,2024年8月25日 20:02
韓国 08月31日,韓国,アップロード済,SUNNYSH (https://app.notion.com/p/08d06c9684c3467ba3373ef7768d2323?pvs=21),もう復旧不可能　日本が完全無視　韓国お金が消滅,韓国 - 2024-08-31 -,NO,YouTubeチェンネル運営ビジネス (https://app.notion.com/p/86f2d2e9f4074174a2e1898ace238df6?pvs=21),,2024/08/31,2024年8月26日 13:31
韓国 09月01日,韓国,アップロード済,SUNNYSH (https://app.notion.com/p/08d06c9684c3467ba3373ef7768d2323?pvs=21),韓国致命的ミス　まさかの米韓紛争　チェコ契約破棄か,韓国 - 2024-09-01 -,NO,YouTubeチェンネル運営ビジネス (https://app.notion.com/p/86f2d2e9f4074174a2e1898ace238df6?pvs=21),,2024/09/01,2024年8月27日 14:23
中国 09月02日,中国,アップロード済,SUNNYSH (https://app.notion.com/p/08d06c9684c3467ba3373ef7768d2323?pvs=21),中国商取引壊滅　連鎖撤退の恐怖　衝撃の末期症状,中国 - 2024-09-02 -,NO,YouTubeチェンネル運営ビジネス (https://app.notion.com/p/86f2d2e9f4074174a2e1898ace238df6?pvs=21),,2024/09/02,2024年8月27日 15:03
中国 09月04日,中国,アップロード済,SUNNYSH (https://app.notion.com/p/08d06c9684c3467ba3373ef7768d2323?pvs=21),どうか和解を　100％増税怖い　中国必死の懇願,中国 - 2024-09-04 -,NO,YouTubeチェンネル運営ビジネス (https://app.notion.com/p/86f2d2e9f4074174a2e1898ace238df6?pvs=21),,2024/09/04,2024年8月28日 15:04
韓国 09月07日,韓国,アップロード済,SUNNYSH (https://app.notion.com/p/08d06c9684c3467ba3373ef7768d2323?pvs=21),これが韓国リアル　調査を世界に公表　衝撃過ぎ国格崩壊,韓国 - 2024-09-07 -,NO,YouTubeチェンネル運営ビジネス (https://app.notion.com/p/86f2d2e9f4074174a2e1898ace238df6?pvs=21),,2024/09/07,2024年8月31日 13:31
中国 09月08日,中国,アップロード済,SUNNYSH (https://app.notion.com/p/08d06c9684c3467ba3373ef7768d2323?pvs=21),オランダ急変　急遽停止命令　中国資産消滅,中国 - 2024-09-08 -,NO,YouTubeチェンネル運営ビジネス (https://app.notion.com/p/86f2d2e9f4074174a2e1898ace238df6?pvs=21),,2024/09/08,2024年8月31日 15:57
韓国 09月09日,韓国,アップロード済,SUNNYSH (https://app.notion.com/p/08d06c9684c3467ba3373ef7768d2323?pvs=21),どうか和解を　比国支払い拒否に　韓国国際問題へ,韓国 - 2024-09-09 -,NO,YouTubeチェンネル運営ビジネス (https://app.notion.com/p/86f2d2e9f4074174a2e1898ace238df6?pvs=21),,2024/09/09,2024年9月2日 12:47
韓国 09月02日速報,韓国,アップロード済,SUNNYSH (https://app.notion.com/p/08d06c9684c3467ba3373ef7768d2323?pvs=21),文在寅を家宅捜索　韓国全土騒然　口座押収逮捕か,韓国 - 2024-09-02 -,NO,YouTubeチェンネル運営ビジネス (https://app.notion.com/p/86f2d2e9f4074174a2e1898ace238df6?pvs=21),,2024/09/02,2024年9月2日 12:47
中国 09月09日,中国,アップロード済,SUNNYSH (https://app.notion.com/p/08d06c9684c3467ba3373ef7768d2323?pvs=21),ついに始まった　中国民大発狂　日本入国即逮捕,中国 - 2024-09-09 -,NO,YouTubeチェンネル運営ビジネス (https://app.notion.com/p/86f2d2e9f4074174a2e1898ace238df6?pvs=21),,2024/09/09,2024年9月2日 15:01
中国 09月10日,中国,アップロード済,SUNNYSH (https://app.notion.com/p/08d06c9684c3467ba3373ef7768d2323?pvs=21),中国極貧餓死続出　日本報道されない　若者の生々しい声,中国 - 2024-09-10 -,NO,YouTubeチェンネル運営ビジネス (https://app.notion.com/p/86f2d2e9f4074174a2e1898ace238df6?pvs=21),,2024/09/10,2024年9月4日 13:21
韓国 09月11日,韓国,アップロード済,SUNNYSH (https://app.notion.com/p/08d06c9684c3467ba3373ef7768d2323?pvs=21),哀れ韓国大ピンチ　反日ミスで　経済損害世界大恥,韓国 - 2024-09-11 -,NO,YouTubeチェンネル運営ビジネス (https://app.notion.com/p/86f2d2e9f4074174a2e1898ace238df6?pvs=21),,2024/09/11,2024年9月4日 15:53
中国 09月06日速報,中国,アップロード済,SUNNYSH (https://app.notion.com/p/08d06c9684c3467ba3373ef7768d2323?pvs=21),いいぞ日本国民　親中二階一刀両断　中国絶句,中国 - 2024-09-06 -,NO,YouTubeチェンネル運営ビジネス (https://app.notion.com/p/86f2d2e9f4074174a2e1898ace238df6?pvs=21),,2024/09/06,2024年9月5日 12:57
韓国 09月12日,韓国,アップロード済,SUNNYSH (https://app.notion.com/p/08d06c9684c3467ba3373ef7768d2323?pvs=21),なぜなんだ　日本の相次ぐ無視　韓国限界パニック,韓国 - 2024-09-12 -,NO,YouTubeチェンネル運営ビジネス (https://app.notion.com/p/86f2d2e9f4074174a2e1898ace238df6?pvs=21),,2024/09/12,2024年9月5日 14:10
中国 09月15日,中国,アップロード済,SUNNYSH (https://app.notion.com/p/08d06c9684c3467ba3373ef7768d2323?pvs=21),中国で破綻続出　病院観光製鉄売却　もう売るものなし,中国 - 2024-09-15 -,NO,YouTubeチェンネル運営ビジネス (https://app.notion.com/p/86f2d2e9f4074174a2e1898ace238df6?pvs=21),,2024/09/15,2024年9月7日 14:03
中国 09月12日,中国,アップロード済,SUNNYSH (https://app.notion.com/p/08d06c9684c3467ba3373ef7768d2323?pvs=21),中国極限被害拡大　資金枯渇首回らん　北海道不動産売却,中国 - 2024-09-12 -,NO,YouTubeチェンネル運営ビジネス (https://app.notion.com/p/86f2d2e9f4074174a2e1898ace238df6?pvs=21),,2024/09/12,2024年9月7日 15:27
中国 09月13日,中国,アップロード済,SUNNYSH (https://app.notion.com/p/08d06c9684c3467ba3373ef7768d2323?pvs=21),大災害で中国沈む　人工◯雨で壊滅的　車窓飛散倒木地獄,中国 - 2024-09-13 -,NO,YouTubeチェンネル運営ビジネス (https://app.notion.com/p/86f2d2e9f4074174a2e1898ace238df6?pvs=21),,2024/09/13,2024年9月7日 15:27
韓国 09月14日,韓国,アップロード済,SUNNYSH (https://app.notion.com/p/08d06c9684c3467ba3373ef7768d2323?pvs=21),愚か韓国自業自得　調子に乗った結果　完全に日豪伯亜が,韓国 - 2024-09-14 -,NO,YouTubeチェンネル運営ビジネス (https://app.notion.com/p/86f2d2e9f4074174a2e1898ace238df6?pvs=21),,2024/09/14,2024年9月7日 16:53
中国 09月14日,中国,アップロード済,SUNNYSH (https://app.notion.com/p/08d06c9684c3467ba3373ef7768d2323?pvs=21),中国この世終わり　警官襲撃市民多発　国民パニック逃亡,中国 - 2024-09-14 -,NO,YouTubeチェンネル運営ビジネス (https://app.notion.com/p/86f2d2e9f4074174a2e1898ace238df6?pvs=21),,2024/09/14,2024年9月8日 13:09
韓国 09月16日,韓国,アップロード済,SUNNYSH (https://app.notion.com/p/08d06c9684c3467ba3373ef7768d2323?pvs=21),韓国民大混乱　インフラ壊滅　日本へ緊急SOS,韓国 - 2024-09-16 -,NO,YouTubeチェンネル運営ビジネス (https://app.notion.com/p/86f2d2e9f4074174a2e1898ace238df6?pvs=21),,2024/09/16,2024年9月9日 14:34
中国 09月18日,中国,アップロード済,SUNNYSH (https://app.notion.com/p/08d06c9684c3467ba3373ef7768d2323?pvs=21),中国民極貧大暴走　食料集団略奪多発　警察動員地獄絵図,中国 - 2024-09-18 -,NO,YouTubeチェンネル運営ビジネス (https://app.notion.com/p/86f2d2e9f4074174a2e1898ace238df6?pvs=21),,2024/09/18,2024年9月11日 14:29
速報 09月22日,日本・その他のニュース,アップロード済,SUNNYSH (https://app.notion.com/p/08d06c9684c3467ba3373ef7768d2323?pvs=21),【速報】世界批判　中国の極悪反日に　日本人激怒の審判,日本・その他のニュース - 2024-09-22 -,NO,YouTubeチェンネル運営ビジネス (https://app.notion.com/p/86f2d2e9f4074174a2e1898ace238df6?pvs=21),,2024/09/22,2024年9月12日 13:32
韓国 09月20日,韓国,アップロード済,SUNNYSH (https://app.notion.com/p/08d06c9684c3467ba3373ef7768d2323?pvs=21),韓国で食糧問題が　まさかの散乱銃　遂に国民が犠牲に,韓国 - 2024-09-20 -,NO,YouTubeチェンネル運営ビジネス (https://app.notion.com/p/86f2d2e9f4074174a2e1898ace238df6?pvs=21),,2024/09/20,2024年9月12日 15:23
中国 09月22日,中国,アップロード済,SUNNYSH (https://app.notion.com/p/08d06c9684c3467ba3373ef7768d2323?pvs=21),中国商取引崩壊　日本撤退で民地獄　連鎖倒産の恐怖,中国 - 2024-09-22 -,NO,YouTubeチェンネル運営ビジネス (https://app.notion.com/p/86f2d2e9f4074174a2e1898ace238df6?pvs=21),,2024/09/22,2024年9月12日 16:44
韓国 09月21日,韓国,アップロード済,SUNNYSH (https://app.notion.com/p/08d06c9684c3467ba3373ef7768d2323?pvs=21),韓国ほぼ全民犠牲　有名企業が売国し　国が吹っ飛びそう,韓国 - 2024-09-21 -,NO,YouTubeチェンネル運営ビジネス (https://app.notion.com/p/86f2d2e9f4074174a2e1898ace238df6?pvs=21),,2024/09/21,2024年9月14日 14:13
速報 09月15日,日本・その他のニュース,アップロード済,SUNNYSH (https://app.notion.com/p/08d06c9684c3467ba3373ef7768d2323?pvs=21),いいぞ高市節発動　反日芸能人追放　世界で大恥,日本・その他のニュース - 2024-09-15 -,NO,YouTubeチェンネル運営ビジネス (https://app.notion.com/p/86f2d2e9f4074174a2e1898ace238df6?pvs=21),,2024/09/15,2024年9月14日 23:07
中国 09月24日,中国,アップロード済,SUNNYSH (https://app.notion.com/p/08d06c9684c3467ba3373ef7768d2323?pvs=21),予想以上過剰負債　中国全てが破綻　日本が完全無視,中国 - 2024-09-24 -,NO,YouTubeチェンネル運営ビジネス (https://app.notion.com/p/86f2d2e9f4074174a2e1898ace238df6?pvs=21),,2024/09/24,2024年9月15日 13:30
中国 09月23日,中国,アップロード済,SUNNYSH (https://app.notion.com/p/08d06c9684c3467ba3373ef7768d2323?pvs=21),中国不都合な真実　都市が極貧街へ　極貧で無住者急増,中国 - 2024-09-23 -,NO,YouTubeチェンネル運営ビジネス (https://app.notion.com/p/86f2d2e9f4074174a2e1898ace238df6?pvs=21),,2024/09/23,2024年9月16日 12:40
韓国 09月27日,韓国,アップロード済,SUNNYSH (https://app.notion.com/p/08d06c9684c3467ba3373ef7768d2323?pvs=21),航空壊滅的大損害　韓国政府大混乱　真実を知った国民　,韓国 - 2024-09-27 -,NO,YouTubeチェンネル運営ビジネス (https://app.notion.com/p/86f2d2e9f4074174a2e1898ace238df6?pvs=21),,2024/09/27,2024年9月19日 12:49
中国 09月28日,中国,アップロード済,SUNNYSH (https://app.notion.com/p/08d06c9684c3467ba3373ef7768d2323?pvs=21),中国極貧自●続出　日本報道されない　地獄生活の実態,中国 - 2024-09-28 -,NO,YouTubeチェンネル運営ビジネス (https://app.notion.com/p/86f2d2e9f4074174a2e1898ace238df6?pvs=21),,2024/09/28,2024年9月23日 13:32
中国 09月27日,中国,アップロード済,SUNNYSH (https://app.notion.com/p/08d06c9684c3467ba3373ef7768d2323?pvs=21),中国撤退大打撃　台湾怒涛の動きに　印国越国がまさか,中国 - 2024-09-27 -,NO,YouTubeチェンネル運営ビジネス (https://app.notion.com/p/86f2d2e9f4074174a2e1898ace238df6?pvs=21),,2024/09/27,2024年9月23日 13:32
韓国 - 2026-05-26 - 2nd,韓国,アップロード済,SUNNYSH (https://app.notion.com/p/08d06c9684c3467ba3373ef7768d2323?pvs=21),専門家調査へ　9割復旧不可能　韓国衝撃突如後悔,韓国 - 2026-05-26 - 2nd,,YouTubeチェンネル運営ビジネス (https://app.notion.com/p/86f2d2e9f4074174a2e1898ace238df6?pvs=21),2nd,2026/05/26,2026年5月20日 12:43
韓国 - 2026-05-26 - 1st,韓国,アップロード済,SUNNYSH (https://app.notion.com/p/08d06c9684c3467ba3373ef7768d2323?pvs=21),ま、待ってくれ　まさか非常事態に　韓国、懸命の延命,韓国 - 2026-05-26 - 1st,,YouTubeチェンネル運営ビジネス (https://app.notion.com/p/86f2d2e9f4074174a2e1898ace238df6?pvs=21),1st,2026/05/26,2026年5月20日 12:43
韓国 - 2026-05-27 - 2nd,韓国,アップロード済,SUNNYSH (https://app.notion.com/p/08d06c9684c3467ba3373ef7768d2323?pvs=21),韓国まさか　激震発表　悲鳴の嵐,韓国 - 2026-05-27 - 1st,,YouTubeチェンネル運営ビジネス (https://app.notion.com/p/86f2d2e9f4074174a2e1898ace238df6?pvs=21),1st,2026/05/27,2026年5月21日 13:27
韓国 - 2026-05-27 - 1st,韓国,アップロード済,SUNNYSH (https://app.notion.com/p/08d06c9684c3467ba3373ef7768d2323?pvs=21),ついに認めた　実は日本製　哀れ韓国失笑続出,韓国 - 2026-05-27 - 1st,,YouTubeチェンネル運営ビジネス (https://app.notion.com/p/86f2d2e9f4074174a2e1898ace238df6?pvs=21),1st,2026/05/27,2026年5月21日 13:27
韓国 - 2026-05-28 - 2nd,韓国,アップロード済,SUNNYSH (https://app.notion.com/p/08d06c9684c3467ba3373ef7768d2323?pvs=21),イジェミョン暴走　韓国民激怒の中　国際刑事逮捕へ,韓国 - 2026-05-28 - 2nd,,YouTubeチェンネル運営ビジネス (https://app.notion.com/p/86f2d2e9f4074174a2e1898ace238df6?pvs=21),2nd,2026/05/28,2026年5月22日 20:52
韓国 - 2026-05-28 - 1st,韓国,アップロード済,SUNNYSH (https://app.notion.com/p/08d06c9684c3467ba3373ef7768d2323?pvs=21),米国裏で極秘始動　怯える韓国政府　世界へ波紋,韓国 - 2026-05-28 - 1st,,YouTubeチェンネル運営ビジネス (https://app.notion.com/p/86f2d2e9f4074174a2e1898ace238df6?pvs=21),1st,2026/05/28,2026年5月22日 20:52
ア経済｜会員向け - 2026-05-31 - 会員向け,ア経済｜会員向け,アップロード済,SUNNYSH (https://app.notion.com/p/08d06c9684c3467ba3373ef7768d2323?pvs=21),激動アジア富の行方　大富豪が最後に選ぶ　禍を避ける陰徳の法,ア経済｜会員向け - 2026-05-31 - 会員向け,,YouTubeチェンネル運営ビジネス (https://app.notion.com/p/86f2d2e9f4074174a2e1898ace238df6?pvs=21),会員向け,2026/05/31,2026年5月23日 13:13
韓国 - 2026-06-15 - 1st,韓国,Not     　Started,SUNNYSH (https://app.notion.com/p/08d06c9684c3467ba3373ef7768d2323?pvs=21),,韓国 - 2026-06-15 - 1st,,YouTubeチェンネル運営ビジネス (https://app.notion.com/p/86f2d2e9f4074174a2e1898ace238df6?pvs=21),1st,2026/06/15,2026年5月23日 14:01
韓国 - 2026-05-29 - 1st,韓国,アップロード済,SUNNYSH (https://app.notion.com/p/08d06c9684c3467ba3373ef7768d2323?pvs=21),韓国危険水域　既に手遅れ　もう止まりません,韓国 - 2026-05-29 - 1st,要検証,YouTubeチェンネル運営ビジネス (https://app.notion.com/p/86f2d2e9f4074174a2e1898ace238df6?pvs=21),1st,2026/05/29,2026年5月23日 14:01
韓国 - 2026-05-30 - 2nd,韓国,アップロード済,SUNNYSH (https://app.notion.com/p/08d06c9684c3467ba3373ef7768d2323?pvs=21),日本の冷酷策略　全財産没収に　韓国大慌て,韓国 - 2026-05-30 - 2nd,,YouTubeチェンネル運営ビジネス (https://app.notion.com/p/86f2d2e9f4074174a2e1898ace238df6?pvs=21),2nd,2026/05/30,2026年5月24日 16:56
韓国 - 2026-05-30 - 1st,韓国,アップロード済,SUNNYSH (https://app.notion.com/p/08d06c9684c3467ba3373ef7768d2323?pvs=21),日本利益総取り　韓国完全敗北　損失拡大で絶望,韓国 - 2026-05-30 - 1st,,YouTubeチェンネル運営ビジネス (https://app.notion.com/p/86f2d2e9f4074174a2e1898ace238df6?pvs=21),1st,2026/05/30,2026年5月24日 16:57
韓国 - 2026-05-31 - 2nd,韓国,アップロード済,SUNNYSH (https://app.notion.com/p/08d06c9684c3467ba3373ef7768d2323?pvs=21),韓国大騒ぎ　米豪新が参加拒否　完全に日本が,韓国 - 2026-05-31 - 2nd,,YouTubeチェンネル運営ビジネス (https://app.notion.com/p/86f2d2e9f4074174a2e1898ace238df6?pvs=21),2nd,2026/05/31,2026年5月25日 18:34
韓国 - 2026-05-31 - 1st,韓国,アップロード済,SUNNYSH (https://app.notion.com/p/08d06c9684c3467ba3373ef7768d2323?pvs=21),腐った韓国へ　国際機関電撃発表　　最終警告！！　,韓国 - 2026-05-31 - 1st,,YouTubeチェンネル運営ビジネス (https://app.notion.com/p/86f2d2e9f4074174a2e1898ace238df6?pvs=21),1st,2026/05/31,2026年5月25日 18:35
韓国 - 2026-06-01 - 2nd,韓国,アップロード済,SUNNYSH (https://app.notion.com/p/08d06c9684c3467ba3373ef7768d2323?pvs=21),日米比加豪新が　拒否した瞬間　韓国大パニック,韓国 - 2026-06-01 - 2nd,,YouTubeチェンネル運営ビジネス (https://app.notion.com/p/86f2d2e9f4074174a2e1898ace238df6?pvs=21),2nd,2026/06/01,2026年5月26日 13:24
韓国 - 2026-06-01 - 1st,韓国,アップロード済,SUNNYSH (https://app.notion.com/p/08d06c9684c3467ba3373ef7768d2323?pvs=21),首脳会談の裏側！　韓国土下座懇願　日本バッサリと,韓国 - 2026-06-01 - 1st,,YouTubeチェンネル運営ビジネス (https://app.notion.com/p/86f2d2e9f4074174a2e1898ace238df6?pvs=21),1st,2026/06/01,2026年5月26日 13:24
中国 - 2026-05-26 - 3rd,中国,アップロード済,SUNNYSH (https://app.notion.com/p/08d06c9684c3467ba3373ef7768d2323?pvs=21),【速報】中国豪雨　記録被害同時洪水　都市壊滅財政破綻,中国 - 2026-05-26 - 3rd,,YouTubeチェンネル運営ビジネス (https://app.notion.com/p/86f2d2e9f4074174a2e1898ace238df6?pvs=21),3rd,2026/05/26,2026年5月26日 17:08
韓国 - 2026-06-02 - 2nd,韓国,アップロード済,SUNNYSH (https://app.notion.com/p/08d06c9684c3467ba3373ef7768d2323?pvs=21),韓国民崩れ落ちる　米司令官電撃発表　日本は助けず無視,韓国 - 2026-06-02 - 2nd,,YouTubeチェンネル運営ビジネス (https://app.notion.com/p/86f2d2e9f4074174a2e1898ace238df6?pvs=21),2nd,2026/06/02,2026年5月27日 12:13
韓国 - 2026-06-02 - 1st,韓国,アップロード済,SUNNYSH (https://app.notion.com/p/08d06c9684c3467ba3373ef7768d2323?pvs=21),韓国民震慄　理解追いつかぬ　真相に大絶叫,韓国 - 2026-06-02 - 1st,,YouTubeチェンネル運営ビジネス (https://app.notion.com/p/86f2d2e9f4074174a2e1898ace238df6?pvs=21),1st,2026/06/02,2026年5月27日 12:13
韓国 - 2026-06-03 - 2nd,韓国,アップロード済,SUNNYSH (https://app.notion.com/p/08d06c9684c3467ba3373ef7768d2323?pvs=21),韓国、大失敗　国家プロジェクト　天皇に阻まれ終了,韓国 - 2026-06-03 - 2nd,,YouTubeチェンネル運営ビジネス (https://app.notion.com/p/86f2d2e9f4074174a2e1898ace238df6?pvs=21),2nd,2026/06/03,2026年5月28日 14:33
韓国 - 2026-06-03 - 1st,韓国,アップロード済,SUNNYSH (https://app.notion.com/p/08d06c9684c3467ba3373ef7768d2323?pvs=21),韓国が完全終わる　恐怖指数がバレ　国家消滅の危機に,韓国 - 2026-06-03 - 1st,,YouTubeチェンネル運営ビジネス (https://app.notion.com/p/86f2d2e9f4074174a2e1898ace238df6?pvs=21),1st,2026/06/03,2026年5月28日 14:33
韓国 - 2026-06-04 - 2nd,韓国,アップロード済,SUNNYSH (https://app.notion.com/p/08d06c9684c3467ba3373ef7768d2323?pvs=21),まさか都市伝説が　世界のお金が　韓国から日本へ　,韓国 - 2026-06-04 - 2nd,,YouTubeチェンネル運営ビジネス (https://app.notion.com/p/86f2d2e9f4074174a2e1898ace238df6?pvs=21),2nd,2026/06/04,2026年5月29日 14:02
韓国 - 2026-06-04 - 1st,韓国,アップロード済,SUNNYSH (https://app.notion.com/p/08d06c9684c3467ba3373ef7768d2323?pvs=21),急遽停止で壊滅へ　金融・通信・交通　韓国経済崩壊寸前,韓国 - 2026-06-04 - 1st,,YouTubeチェンネル運営ビジネス (https://app.notion.com/p/86f2d2e9f4074174a2e1898ace238df6?pvs=21),1st,2026/06/04,2026年5月29日 14:02
韓国 - 2026-06-05 - 2nd,韓国,アップロード済,SUNNYSH (https://app.notion.com/p/08d06c9684c3467ba3373ef7768d2323?pvs=21),日本絶対助けるな　返済不能な負債　韓国全てが破綻,韓国 - 2026-06-05 - 2nd,,YouTubeチェンネル運営ビジネス (https://app.notion.com/p/86f2d2e9f4074174a2e1898ace238df6?pvs=21),2nd,2026/06/05,2026年5月30日 14:39
韓国 - 2026-06-05 - 1st,韓国,アップロード済,SUNNYSH (https://app.notion.com/p/08d06c9684c3467ba3373ef7768d2323?pvs=21),急遽契約中止　各国続々と　韓国経済に致命傷,韓国 - 2026-06-05 - 1st,,YouTubeチェンネル運営ビジネス (https://app.notion.com/p/86f2d2e9f4074174a2e1898ace238df6?pvs=21),1st,2026/06/05,2026年5月30日 14:39
韓国 - 2026-06-06 - 2nd,韓国,アップロード済,SUNNYSH (https://app.notion.com/p/08d06c9684c3467ba3373ef7768d2323?pvs=21),韓国は不要だ　今度は米軍が　まさか日本へ,韓国 - 2026-06-06 - 2nd,,YouTubeチェンネル運営ビジネス (https://app.notion.com/p/86f2d2e9f4074174a2e1898ace238df6?pvs=21),2nd,2026/06/06,2026年5月31日 13:21
韓国 - 2026-06-06 - 1st,韓国,アップロード済,SUNNYSH (https://app.notion.com/p/08d06c9684c3467ba3373ef7768d2323?pvs=21),韓国未払い多発　契約破棄計画破綻　もう滅びる,韓国 - 2026-06-06 - 1st,,YouTubeチェンネル運営ビジネス (https://app.notion.com/p/86f2d2e9f4074174a2e1898ace238df6?pvs=21),1st,2026/06/06,2026年5月31日 13:21
韓国 - 2026-06-07 - 2nd,韓国,アップロード済,SUNNYSH (https://app.notion.com/p/08d06c9684c3467ba3373ef7768d2323?pvs=21),韓国銀行大失敗　24時間で終わり　またウォン暴落,韓国 - 2026-06-07 - 2nd,,YouTubeチェンネル運営ビジネス (https://app.notion.com/p/86f2d2e9f4074174a2e1898ace238df6?pvs=21),2nd,2026/06/07,2026年6月1日 16:35
韓国 - 2026-06-07 - 1st,韓国,アップロード済,SUNNYSH (https://app.notion.com/p/08d06c9684c3467ba3373ef7768d2323?pvs=21),腐った韓国へ　EU連合電撃発表　事実知り韓民悲鳴,韓国 - 2026-06-07 - 1st,,YouTubeチェンネル運営ビジネス (https://app.notion.com/p/86f2d2e9f4074174a2e1898ace238df6?pvs=21),1st,2026/06/07,2026年6月1日 16:35
韓国 - 2026-06-08 - 2nd,韓国,アップロード済,SUNNYSH (https://app.notion.com/p/08d06c9684c3467ba3373ef7768d2323?pvs=21),韓国緊急事態　急変トリプル暴落　日本へSOS,韓国 - 2026-06-08 - 2nd,,YouTubeチェンネル運営ビジネス (https://app.notion.com/p/86f2d2e9f4074174a2e1898ace238df6?pvs=21),2nd,2026/06/08,2026年6月2日 17:53
韓国 - 2026-06-08 - 1st,韓国,アップロード済,SUNNYSH (https://app.notion.com/p/08d06c9684c3467ba3373ef7768d2323?pvs=21),日本が契約大儲け　愚かな韓国　無謀な抵抗,韓国 - 2026-06-08 - 1st,,YouTubeチェンネル運営ビジネス (https://app.notion.com/p/86f2d2e9f4074174a2e1898ace238df6?pvs=21),1st,2026/06/08,2026年6月2日 17:53
韓国 - 2026-06-09 - 2nd,韓国,アップロード済,SUNNYSH (https://app.notion.com/p/08d06c9684c3467ba3373ef7768d2323?pvs=21),財産没収復旧不能　韓国腰抜かす　日本が完全無視,韓国 - 2026-06-09 - 2nd,,YouTubeチェンネル運営ビジネス (https://app.notion.com/p/86f2d2e9f4074174a2e1898ace238df6?pvs=21),2nd,2026/06/09,2026年6月2日 21:53
韓国 - 2026-06-09 - 1st,韓国,アップロード済,SUNNYSH (https://app.notion.com/p/08d06c9684c3467ba3373ef7768d2323?pvs=21),極悪非道…　韓国ついに　世界から,韓国 - 2026-06-09 - 1st,要検証,YouTubeチェンネル運営ビジネス (https://app.notion.com/p/86f2d2e9f4074174a2e1898ace238df6?pvs=21),1st,2026/06/09,2026年6月2日 21:53
韓国 - 2026-06-10 - 2nd,韓国,アップロード済,SUNNYSH (https://app.notion.com/p/08d06c9684c3467ba3373ef7768d2323?pvs=21),韓国、最悪の悲報　真実バレ崩壊　カウントダウン,韓国 - 2026-06-10 - 2nd,,YouTubeチェンネル運営ビジネス (https://app.notion.com/p/86f2d2e9f4074174a2e1898ace238df6?pvs=21),2nd,2026/06/10,2026年6月5日 18:10
韓国 - 2026-06-10 - 1st,韓国,アップロード済,SUNNYSH (https://app.notion.com/p/08d06c9684c3467ba3373ef7768d2323?pvs=21),韓国退場　世界が怒り心頭　もう手遅れ,韓国 - 2026-06-10 - 1st,,YouTubeチェンネル運営ビジネス (https://app.notion.com/p/86f2d2e9f4074174a2e1898ace238df6?pvs=21),1st,2026/06/10,2026年6月5日 18:10
ア経済｜会員向け - 2026-06-07 - 会員向け,ア経済｜会員向け,アップロード済,SUNNYSH (https://app.notion.com/p/08d06c9684c3467ba3373ef7768d2323?pvs=21),激動時代の戦略！　65歳から輝く　男の品格・至高戦略,ア経済｜会員向け - 2026-06-07 - 会員向け,,YouTubeチェンネル運営ビジネス (https://app.notion.com/p/86f2d2e9f4074174a2e1898ace238df6?pvs=21),会員向け,2026/06/07,2026年6月5日 23:04
ア経済｜会員向け - 2026-06-14 - 会員向け,ア経済｜会員向け,Not     　Started,SUNNYSH (https://app.notion.com/p/08d06c9684c3467ba3373ef7768d2323?pvs=21),,ア経済｜会員向け - 2026-06-14 - 会員向け,,YouTubeチェンネル運営ビジネス (https://app.notion.com/p/86f2d2e9f4074174a2e1898ace238df6?pvs=21),会員向け,2026/06/14,2026年6月5日 23:05
韓国 - 2026-06-11 - 2nd,韓国,アップロード済,SUNNYSH (https://app.notion.com/p/08d06c9684c3467ba3373ef7768d2323?pvs=21),世界市場から夜逃　韓国泣きつく　完全に日本が,韓国 - 2026-06-11 - 2nd,,YouTubeチェンネル運営ビジネス (https://app.notion.com/p/86f2d2e9f4074174a2e1898ace238df6?pvs=21),2nd,2026/06/11,2026年6月6日 0:33
韓国 - 2026-06-11 - 1st,韓国,アップロード済,SUNNYSH (https://app.notion.com/p/08d06c9684c3467ba3373ef7768d2323?pvs=21),なぜ？ウォン紙屑　経済金融崩壊へ　韓国事実認める　,韓国 - 2026-06-11 - 1st,,YouTubeチェンネル運営ビジネス (https://app.notion.com/p/86f2d2e9f4074174a2e1898ace238df6?pvs=21),1st,2026/06/11,2026年6月6日 0:33
韓国 - 2026-06-12 - 2nd,韓国,アップロード済,SUNNYSH (https://app.notion.com/p/08d06c9684c3467ba3373ef7768d2323?pvs=21),日本絶対助けるな　資産奪われ　韓国政府顔面蒼白,韓国 - 2026-06-12 - 2nd,要検証：内容タイトルズレ,YouTubeチェンネル運営ビジネス (https://app.notion.com/p/86f2d2e9f4074174a2e1898ace238df6?pvs=21),2nd,2026/06/12,2026年6月7日 16:23
韓国 - 2026-06-12 - 1st,韓国,アップロード済,SUNNYSH (https://app.notion.com/p/08d06c9684c3467ba3373ef7768d2323?pvs=21),韓国お金がない　世界中で契約破棄　まさか日英が,韓国 - 2026-06-12 - 1st,要検証：内容タイトルズレ,YouTubeチェンネル運営ビジネス (https://app.notion.com/p/86f2d2e9f4074174a2e1898ace238df6?pvs=21),1st,2026/06/12,2026年6月7日 16:23
韓国 - 2026-06-13 - 2nd,韓国,アップロード済,SUNNYSH (https://app.notion.com/p/08d06c9684c3467ba3373ef7768d2323?pvs=21),世界騒然　韓国が内戦か？　経済麻痺国家崩壊,韓国 - 2026-06-13 - 2nd,要検証,YouTubeチェンネル運営ビジネス (https://app.notion.com/p/86f2d2e9f4074174a2e1898ace238df6?pvs=21),2nd,2026/06/13,2026年6月8日 14:19
韓国 - 2026-06-13 - 1st,韓国,アップロード済,SUNNYSH (https://app.notion.com/p/08d06c9684c3467ba3373ef7768d2323?pvs=21),まさか宇宙株が　韓資金を全消滅　韓国民絶望！？,韓国 - 2026-06-13 - 1st,要検証,YouTubeチェンネル運営ビジネス (https://app.notion.com/p/86f2d2e9f4074174a2e1898ace238df6?pvs=21),1st,2026/06/13,2026年6月8日 14:19
韓国 - 2026-06-14 - 2nd,韓国,アップロード済,SUNNYSH (https://app.notion.com/p/08d06c9684c3467ba3373ef7768d2323?pvs=21),米に完全拒絶され　韓国巨額の金失い　まさかの展開,韓国 - 2026-06-14 - 2nd,要検証,YouTubeチェンネル運営ビジネス (https://app.notion.com/p/86f2d2e9f4074174a2e1898ace238df6?pvs=21),2nd,2026/06/14,2026年6月9日 14:00
韓国 - 2026-06-14 - 1st,韓国,アップロード済,SUNNYSH (https://app.notion.com/p/08d06c9684c3467ba3373ef7768d2323?pvs=21),IMFが冷酷宣告！　韓国の資金引揚げ　ついに全滅？,韓国 - 2026-06-14 - 1st,要検証,YouTubeチェンネル運営ビジネス (https://app.notion.com/p/86f2d2e9f4074174a2e1898ace238df6?pvs=21),1st,2026/06/14,2026年6月9日 14:00
韓国 - 2026-06-15 - 2nd,韓国,動画生成済,SUNNYSH (https://app.notion.com/p/08d06c9684c3467ba3373ef7768d2323?pvs=21),世界から格下扱い　驚愕の拒否理由に　韓国民絶句,韓国 - 2026-06-15 - 2nd,要検証,YouTubeチェンネル運営ビジネス (https://app.notion.com/p/86f2d2e9f4074174a2e1898ace238df6?pvs=21),2nd,2026/06/15,2026年6月10日 16:51
韓国 - 2026-06-15 - 1st,韓国,動画生成済,SUNNYSH (https://app.notion.com/p/08d06c9684c3467ba3373ef7768d2323?pvs=21),日本の要求まさか　巨大圏から干され　韓国利益完全消滅,韓国 - 2026-06-15 - 1st,要検証,YouTubeチェンネル運営ビジネス (https://app.notion.com/p/86f2d2e9f4074174a2e1898ace238df6?pvs=21),1st,2026/06/15,2026年6月10日 16:51
アジア経済 07月24日,,アップロード済,SUNNYSH (https://app.notion.com/p/08d06c9684c3467ba3373ef7768d2323?pvs=21),,- 2023-07-24 -,,YouTubeチェンネル運営ビジネス (https://app.notion.com/p/86f2d2e9f4074174a2e1898ace238df6?pvs=21),,2023/07/24,2023年7月20日 17:36
アジア経済 08月02日,,アップロード済,SUNNYSH (https://app.notion.com/p/08d06c9684c3467ba3373ef7768d2323?pvs=21),,- 2023-08-02 -,,YouTubeチェンネル運営ビジネス (https://app.notion.com/p/86f2d2e9f4074174a2e1898ace238df6?pvs=21),,2023/08/02,2023年7月30日 12:15
アジア経済 08月09日,,アップロード済,SUNNYSH (https://app.notion.com/p/08d06c9684c3467ba3373ef7768d2323?pvs=21),,- 2023-08-09 -,,YouTubeチェンネル運営ビジネス (https://app.notion.com/p/86f2d2e9f4074174a2e1898ace238df6?pvs=21),,2023/08/09,2023年8月6日 14:12
アジア経済 08月18日,,アップロード済,SUNNYSH (https://app.notion.com/p/08d06c9684c3467ba3373ef7768d2323?pvs=21),,- 2023-08-18 -,,YouTubeチェンネル運営ビジネス (https://app.notion.com/p/86f2d2e9f4074174a2e1898ace238df6?pvs=21),,2023/08/18,2023年8月15日 15:18
アジア経済 09月03日,,アップロード済,SUNNYSH (https://app.notion.com/p/08d06c9684c3467ba3373ef7768d2323?pvs=21),,- 2023-09-03 -,,YouTubeチェンネル運営ビジネス (https://app.notion.com/p/86f2d2e9f4074174a2e1898ace238df6?pvs=21),,2023/09/03,2023年8月31日 13:16
韓国 09月17日,韓国,アップロード済,SUNNYSH (https://app.notion.com/p/08d06c9684c3467ba3373ef7768d2323?pvs=21),,韓国 - 2023-09-17 -,,YouTubeチェンネル運営ビジネス (https://app.notion.com/p/86f2d2e9f4074174a2e1898ace238df6?pvs=21),,2023/09/17,2023年9月14日 12:16
韓国 09月19日,韓国,アップロード済,SUNNYSH (https://app.notion.com/p/08d06c9684c3467ba3373ef7768d2323?pvs=21),,韓国 - 2023-09-19 -,,YouTubeチェンネル運営ビジネス (https://app.notion.com/p/86f2d2e9f4074174a2e1898ace238df6?pvs=21),,2023/09/19,2023年9月17日 14:40
韓国 09月21日,韓国,アップロード済,SUNNYSH (https://app.notion.com/p/08d06c9684c3467ba3373ef7768d2323?pvs=21),,韓国 - 2023-09-21 -,,YouTubeチェンネル運営ビジネス (https://app.notion.com/p/86f2d2e9f4074174a2e1898ace238df6?pvs=21),,2023/09/21,2023年9月18日 15:08
中国 09月29日,中国,アップロード済,SUNNYSH (https://app.notion.com/p/08d06c9684c3467ba3373ef7768d2323?pvs=21),まさかそこまで　日本の冷酷計略　中国腰抜かす,中国 - 2023-09-29 -,,YouTubeチェンネル運営ビジネス (https://app.notion.com/p/86f2d2e9f4074174a2e1898ace238df6?pvs=21),,2023/09/29,2023年9月20日 9:23
韓国 09月24日,韓国,アップロード済,SUNNYSH (https://app.notion.com/p/08d06c9684c3467ba3373ef7768d2323?pvs=21),,韓国 - 2023-09-24 -,,YouTubeチェンネル運営ビジネス (https://app.notion.com/p/86f2d2e9f4074174a2e1898ace238df6?pvs=21),,2023/09/24,2023年9月21日 14:58
中国 10月03日,中国,アップロード済,SUNNYSH (https://app.notion.com/p/08d06c9684c3467ba3373ef7768d2323?pvs=21),急遽逮捕！　中国民騒然　遂に習近平が,中国 - 2023-10-03 -,,YouTubeチェンネル運営ビジネス (https://app.notion.com/p/86f2d2e9f4074174a2e1898ace238df6?pvs=21),,2023/10/03,2023年10月1日 13:49
中国 10月13日,中国,アップロード済,SUNNYSH (https://app.notion.com/p/08d06c9684c3467ba3373ef7768d2323?pvs=21),中国民大混乱　台湾入国拒否　ついに日米が,中国 - 2023-10-13 -,,YouTubeチェンネル運営ビジネス (https://app.notion.com/p/86f2d2e9f4074174a2e1898ace238df6?pvs=21),,2023/10/13,2023年10月10日 14:39
ユニ 10月 05日,ユニ,Not     　Started,SUNNYSH (https://app.notion.com/p/08d06c9684c3467ba3373ef7768d2323?pvs=21),占い復活のお知らせ,ユニ - 2023-11-04 -,,YouTubeチェンネル運営ビジネス (https://app.notion.com/p/86f2d2e9f4074174a2e1898ace238df6?pvs=21),,2023/11/04,2023年10月11日 16:57
韓国 10月19日,韓国,アップロード済,SUNNYSH (https://app.notion.com/p/08d06c9684c3467ba3373ef7768d2323?pvs=21),台湾断固拒否　韓国民悲鳴　世界が断韓へ,韓国 - 2023-10-19 -,,YouTubeチェンネル運営ビジネス (https://app.notion.com/p/86f2d2e9f4074174a2e1898ace238df6?pvs=21),,2023/10/19,2023年10月15日 12:48
韓国 10月24日,韓国,アップロード済,SUNNYSH (https://app.notion.com/p/08d06c9684c3467ba3373ef7768d2323?pvs=21),米国緊急通達　ついに世界へ　韓国号泣謝罪,韓国 - 2023-10-24 -,,YouTubeチェンネル運営ビジネス (https://app.notion.com/p/86f2d2e9f4074174a2e1898ace238df6?pvs=21),,2023/10/24,2023年10月20日 15:16
川本 10月21日,川本,アップロード済,SUNNYSH (https://app.notion.com/p/08d06c9684c3467ba3373ef7768d2323?pvs=21),誰でも簡単　一瞬で怒りを　鎮める方法,川本 - 2023-10-21 -,,YouTubeチェンネル運営ビジネス (https://app.notion.com/p/86f2d2e9f4074174a2e1898ace238df6?pvs=21),,2023/10/21,2023年10月21日 15:52
中国 10月28日,中国,アップロード済,SUNNYSH (https://app.notion.com/p/08d06c9684c3467ba3373ef7768d2323?pvs=21),中国致命的ミス　日本企業大英断　まさかインドへ,中国 - 2023-10-28 -,,YouTubeチェンネル運営ビジネス (https://app.notion.com/p/86f2d2e9f4074174a2e1898ace238df6?pvs=21),,2023/10/28,2023年10月24日 14:26
韓国 10月28日,韓国,アップロード済,SUNNYSH (https://app.notion.com/p/08d06c9684c3467ba3373ef7768d2323?pvs=21),韓国事実を認め　強制連行へ　仏世界で称賛,韓国 - 2023-10-28 -,,YouTubeチェンネル運営ビジネス (https://app.notion.com/p/86f2d2e9f4074174a2e1898ace238df6?pvs=21),,2023/10/28,2023年10月24日 16:51
韓国 10月29日,韓国,アップロード済,SUNNYSH (https://app.notion.com/p/08d06c9684c3467ba3373ef7768d2323?pvs=21),韓国産業崩壊　輸出拒否され　連鎖倒産始まる,韓国 - 2023-10-29 -,,YouTubeチェンネル運営ビジネス (https://app.notion.com/p/86f2d2e9f4074174a2e1898ace238df6?pvs=21),,2023/10/29,2023年10月25日 12:55
中国 10月30日,中国,アップロード済,SUNNYSH (https://app.notion.com/p/08d06c9684c3467ba3373ef7768d2323?pvs=21),日本を裏切り　尼国捨てられ　中国と沈没,中国 - 2023-10-30 -,,YouTubeチェンネル運営ビジネス (https://app.notion.com/p/86f2d2e9f4074174a2e1898ace238df6?pvs=21),,2023/10/30,2023年10月27日 15:01
中国 10月31日,中国,アップロード済,SUNNYSH (https://app.notion.com/p/08d06c9684c3467ba3373ef7768d2323?pvs=21),やったぞ英国　秘密拠点排除　中国政府大騒ぎ,中国 - 2023-10-31 -,,YouTubeチェンネル運営ビジネス (https://app.notion.com/p/86f2d2e9f4074174a2e1898ace238df6?pvs=21),,2023/10/31,2023年10月28日 13:37
中国 11月01日,中国,アップロード済,SUNNYSH (https://app.notion.com/p/08d06c9684c3467ba3373ef7768d2323?pvs=21),中国銀行壊滅　連鎖倒産で悲鳴　ついに限界,中国 - 2023-11-01 -,,YouTubeチェンネル運営ビジネス (https://app.notion.com/p/86f2d2e9f4074174a2e1898ace238df6?pvs=21),,2023/11/01,2023年10月29日 13:48
中国 11月08日,中国,アップロード済,SUNNYSH (https://app.notion.com/p/08d06c9684c3467ba3373ef7768d2323?pvs=21),中国絶句　比国が世界に　電撃表明,中国 - 2023-11-08 -,NO,YouTubeチェンネル運営ビジネス (https://app.notion.com/p/86f2d2e9f4074174a2e1898ace238df6?pvs=21),,2023/11/08,2023年11月5日 12:55
韓国 11月15日,韓国,アップロード済,SUNNYSH (https://app.notion.com/p/08d06c9684c3467ba3373ef7768d2323?pvs=21),韓国メディア　突如暴露　世界続々避難,韓国 - 2023-11-15 -,NO,YouTubeチェンネル運営ビジネス (https://app.notion.com/p/86f2d2e9f4074174a2e1898ace238df6?pvs=21),,2023/11/15,2023年11月10日 15:27
韓国 11月16日,韓国,アップロード済,SUNNYSH (https://app.notion.com/p/08d06c9684c3467ba3373ef7768d2323?pvs=21),ロボット大反乱　停止できす　韓国地獄絵図,韓国 - 2023-11-16 -,要検証,YouTubeチェンネル運営ビジネス (https://app.notion.com/p/86f2d2e9f4074174a2e1898ace238df6?pvs=21),,2023/11/16,2023年11月12日 13:44
中国 11月19日,中国,アップロード済,SUNNYSH (https://app.notion.com/p/08d06c9684c3467ba3373ef7768d2323?pvs=21),カナダ強行　恐怖の射撃で　中国絶体絶命,中国 - 2023-11-19 -,NO,YouTubeチェンネル運営ビジネス (https://app.notion.com/p/86f2d2e9f4074174a2e1898ace238df6?pvs=21),,2023/11/19,2023年11月15日 16:32
中国 11月20日,中国,アップロード済,SUNNYSH (https://app.notion.com/p/08d06c9684c3467ba3373ef7768d2323?pvs=21),遂に病院崩壊　中国事実を認め　世界入国拒否？,中国 - 2023-11-20 -,NO,YouTubeチェンネル運営ビジネス (https://app.notion.com/p/86f2d2e9f4074174a2e1898ace238df6?pvs=21),,2023/11/20,2023年11月16日 15:41
韓国 12月05日,韓国,アップロード済,SUNNYSH (https://app.notion.com/p/08d06c9684c3467ba3373ef7768d2323?pvs=21),石油王正気か？　韓国公式発表　完全奪われ終了,韓国 - 2023-12-05 -,要検証,YouTubeチェンネル運営ビジネス (https://app.notion.com/p/86f2d2e9f4074174a2e1898ace238df6?pvs=21),,2023/12/05,2023年12月1日 15:34
中国 12月07日,中国,アップロード済,SUNNYSH (https://app.notion.com/p/08d06c9684c3467ba3373ef7768d2323?pvs=21),遂にリトアニア　協約完全拒否し　中国輸出8割減,中国 - 2023-12-07 -,NO,YouTubeチェンネル運営ビジネス (https://app.notion.com/p/86f2d2e9f4074174a2e1898ace238df6?pvs=21),,2023/12/07,2023年12月3日 15:04
中国 12月14日,中国,アップロード済,SUNNYSH (https://app.notion.com/p/08d06c9684c3467ba3373ef7768d2323?pvs=21),イタリア裏切り　衝撃発表で終了　中国大パニック,中国 - 2023-12-14 -,NO,YouTubeチェンネル運営ビジネス (https://app.notion.com/p/86f2d2e9f4074174a2e1898ace238df6?pvs=21),,2023/12/14,2023年12月9日 14:03
韓国 12月29日,韓国,アップロード済,SUNNYSH (https://app.notion.com/p/08d06c9684c3467ba3373ef7768d2323?pvs=21),日本強行の一手　韓国絶体絶命　倒産ラッシュ,韓国 - 2023-12-29 -,NO,YouTubeチェンネル運営ビジネス (https://app.notion.com/p/86f2d2e9f4074174a2e1898ace238df6?pvs=21),,2023/12/29,2023年12月26日 16:11
韓国 01月01日,韓国,アップロード済,SUNNYSH (https://app.notion.com/p/08d06c9684c3467ba3373ef7768d2323?pvs=21),韓国緊急SOS　破産続出　もうお金が,韓国 - 2024-01-01 -,NO,YouTubeチェンネル運営ビジネス (https://app.notion.com/p/86f2d2e9f4074174a2e1898ace238df6?pvs=21),,2024/01/01,2023年12月29日 16:43
中国 01月01日,中国,アップロード済,SUNNYSH (https://app.notion.com/p/08d06c9684c3467ba3373ef7768d2323?pvs=21),中国非常事態　100％大暴落　全て日本が,中国 - 2024-01-01 -,NO,YouTubeチェンネル運営ビジネス (https://app.notion.com/p/86f2d2e9f4074174a2e1898ace238df6?pvs=21),,2024/01/01,2023年12月30日 14:50
中国 01月09日,中国,アップロード済,SUNNYSH (https://app.notion.com/p/08d06c9684c3467ba3373ef7768d2323?pvs=21),コンテナ通さん　各国続々拒絶　中国全土大打撃,中国 - 2024-01-09 -,要検証,YouTubeチェンネル運営ビジネス (https://app.notion.com/p/86f2d2e9f4074174a2e1898ace238df6?pvs=21),,2024/01/09,2024年1月7日 14:17
韓国 01月12日,韓国,アップロード済,SUNNYSH (https://app.notion.com/p/08d06c9684c3467ba3373ef7768d2323?pvs=21),韓国は不潔　旭日旗教授が　世界で自滅発表,韓国 - 2024-01-12 -,NO,YouTubeチェンネル運営ビジネス (https://app.notion.com/p/86f2d2e9f4074174a2e1898ace238df6?pvs=21),,2024/01/12,2024年1月9日 14:27
韓国 01月13日,韓国,アップロード済,SUNNYSH (https://app.notion.com/p/08d06c9684c3467ba3373ef7768d2323?pvs=21),いいぞアメリカ　必死の韓国へ　あっさり拒否,韓国 - 2024-01-13 -,NO,YouTubeチェンネル運営ビジネス (https://app.notion.com/p/86f2d2e9f4074174a2e1898ace238df6?pvs=21),,2024/01/13,2024年1月10日 13:53
川本01月20日,川本,,SUNNYSH (https://app.notion.com/p/08d06c9684c3467ba3373ef7768d2323?pvs=21),隣の芝生は青い　という気持ちを　今すぐ無くす方法,川本 - 2024-01-20 -,,YouTubeチェンネル運営ビジネス (https://app.notion.com/p/86f2d2e9f4074174a2e1898ace238df6?pvs=21),,2024/01/20,2024年1月25日 15:45
,宇宙のルール,Not     　Started,SUNNYSH (https://app.notion.com/p/08d06c9684c3467ba3373ef7768d2323?pvs=21),長男、次男、三男の意思の話,宇宙のルール - 2024-01-22 -,,YouTubeチェンネル運営ビジネス (https://app.notion.com/p/86f2d2e9f4074174a2e1898ace238df6?pvs=21),,2024/01/22,2024年1月29日 1:30
韓国 02月07日,韓国,アップロード済,SUNNYSH (https://app.notion.com/p/08d06c9684c3467ba3373ef7768d2323?pvs=21),米国財界が急変　協約違反に　韓国大慌て,韓国 - 2024-02-07 -,NO,YouTubeチェンネル運営ビジネス (https://app.notion.com/p/86f2d2e9f4074174a2e1898ace238df6?pvs=21),,2024/02/07,2024年2月1日 18:13
韓国 02月15日,韓国,アップロード済,SUNNYSH (https://app.notion.com/p/08d06c9684c3467ba3373ef7768d2323?pvs=21),米連邦捜査開始　韓国民逮捕　大統領息子関与か,韓国 - 2024-02-15 -,NO,YouTubeチェンネル運営ビジネス (https://app.notion.com/p/86f2d2e9f4074174a2e1898ace238df6?pvs=21),,2024/02/15,2024年2月9日 10:08
韓国 02月18日,韓国,アップロード済,SUNNYSH (https://app.notion.com/p/08d06c9684c3467ba3373ef7768d2323?pvs=21),ユン様ご乱心　悪人大量釈放　韓国地獄絵図,韓国 - 2024-02-18 -,NO,YouTubeチェンネル運営ビジネス (https://app.notion.com/p/86f2d2e9f4074174a2e1898ace238df6?pvs=21),,2024/02/18,2024年2月12日 12:20
中国 02月19日,中国,アップロード済,SUNNYSH (https://app.notion.com/p/08d06c9684c3467ba3373ef7768d2323?pvs=21),さよなら中国　インド急変　日米冷酷戦略へ,中国 - 2024-02-19 -,NO,YouTubeチェンネル運営ビジネス (https://app.notion.com/p/86f2d2e9f4074174a2e1898ace238df6?pvs=21),,2024/02/19,2024年2月12日 12:44
中国 02月29日,中国,アップロード済,SUNNYSH (https://app.notion.com/p/08d06c9684c3467ba3373ef7768d2323?pvs=21),中国EV壊滅で　滞納続出　ついにサウジが,中国 - 2024-02-29 -,NO,YouTubeチェンネル運営ビジネス (https://app.notion.com/p/86f2d2e9f4074174a2e1898ace238df6?pvs=21),,2024/02/29,2024年2月25日 13:49
韓国 02月29日,韓国,アップロード済,SUNNYSH (https://app.notion.com/p/08d06c9684c3467ba3373ef7768d2323?pvs=21),韓国お金がない　世界でカモられ　国家破産か,韓国 - 2024-02-29 -,NO,YouTubeチェンネル運営ビジネス (https://app.notion.com/p/86f2d2e9f4074174a2e1898ace238df6?pvs=21),,2024/02/29,2024年2月26日 12:34
中国 03月02日,中国,アップロード済,SUNNYSH (https://app.notion.com/p/08d06c9684c3467ba3373ef7768d2323?pvs=21),中国地獄絵図　北海道分が消滅　まさか2万人が　,中国 - 2024-03-02 -,NO,YouTubeチェンネル運営ビジネス (https://app.notion.com/p/86f2d2e9f4074174a2e1898ace238df6?pvs=21),,2024/03/02,2024年2月27日 14:54
その他 03月03日,日本・その他のニュース,アップロード済,SUNNYSH (https://app.notion.com/p/08d06c9684c3467ba3373ef7768d2323?pvs=21),日本人だけ知らず　世界最高の日本　持続的技術戦略,日本・その他のニュース - 2024-03-03 -,NO,YouTubeチェンネル運営ビジネス (https://app.notion.com/p/86f2d2e9f4074174a2e1898ace238df6?pvs=21),,2024/03/03,2024年2月29日 16:34
中国 03月05日,中国,アップロード済,SUNNYSH (https://app.notion.com/p/08d06c9684c3467ba3373ef7768d2323?pvs=21),ドイツ参加辞退　中国泣きつき　想定外の結末,中国 - 2024-03-05 -,NO,YouTubeチェンネル運営ビジネス (https://app.notion.com/p/86f2d2e9f4074174a2e1898ace238df6?pvs=21),,2024/03/05,2024年2月29日 17:16
韓国 03月07日,韓国,アップロード済,SUNNYSH (https://app.notion.com/p/08d06c9684c3467ba3373ef7768d2323?pvs=21),韓国絶句　国際目標達成　日本が世界を,韓国 - 2024-03-07 -,NO,YouTubeチェンネル運営ビジネス (https://app.notion.com/p/86f2d2e9f4074174a2e1898ace238df6?pvs=21),,2024/03/07,2024年3月2日 13:39
中国 03月12日,中国,アップロード済,SUNNYSH (https://app.notion.com/p/08d06c9684c3467ba3373ef7768d2323?pvs=21),中国衝撃の新事実　70％大暴落　責任放棄逃亡へ,中国 - 2024-03-12 -,NO,YouTubeチェンネル運営ビジネス (https://app.notion.com/p/86f2d2e9f4074174a2e1898ace238df6?pvs=21),,2024/03/12,2024年3月8日 14:55
中国 03月15日,中国,アップロード済,SUNNYSH (https://app.notion.com/p/08d06c9684c3467ba3373ef7768d2323?pvs=21),中国が完全終了　世界が決断　完全に締出され,中国 - 2024-03-15 -,NO,YouTubeチェンネル運営ビジネス (https://app.notion.com/p/86f2d2e9f4074174a2e1898ace238df6?pvs=21),,2024/03/15,2024年3月10日 12:44
地球意識プロジェクト,Mc茶会,,SUNNYSH (https://app.notion.com/p/08d06c9684c3467ba3373ef7768d2323?pvs=21),,Mc茶会 - 2024-03-12 -,,YouTubeチェンネル運営ビジネス (https://app.notion.com/p/86f2d2e9f4074174a2e1898ace238df6?pvs=21),,2024/03/12,2024年3月10日 18:11
韓国 03月20日,韓国,アップロード済,SUNNYSH (https://app.notion.com/p/08d06c9684c3467ba3373ef7768d2323?pvs=21),地獄に生きる民　毒吹き被害続出　韓国当局犠牲発表,韓国 - 2024-03-20 -,NO,YouTubeチェンネル運営ビジネス (https://app.notion.com/p/86f2d2e9f4074174a2e1898ace238df6?pvs=21),,2024/03/20,2024年3月13日 13:42
自分の内面を見ていく,Mc茶会,,SUNNYSH (https://app.notion.com/p/08d06c9684c3467ba3373ef7768d2323?pvs=21),,Mc茶会 - 2024-03-15 -,,YouTubeチェンネル運営ビジネス (https://app.notion.com/p/86f2d2e9f4074174a2e1898ace238df6?pvs=21),,2024/03/15,2024年3月18日 16:52
中国 03月25日,中国,アップロード済,SUNNYSH (https://app.notion.com/p/08d06c9684c3467ba3373ef7768d2323?pvs=21),まさかそこまで　2千兆円巨額債務　中国地方政府壊滅,中国 - 2024-03-25 -,要検証,YouTubeチェンネル運営ビジネス (https://app.notion.com/p/86f2d2e9f4074174a2e1898ace238df6?pvs=21),,2024/03/25,2024年3月19日 16:20
中国 03月26日,中国,アップロード済,SUNNYSH (https://app.notion.com/p/08d06c9684c3467ba3373ef7768d2323?pvs=21),日本が謎の復活　中国の致命的ミス　国際投資が日本へ,中国 - 2024-03-26 -,要検証,YouTubeチェンネル運営ビジネス (https://app.notion.com/p/86f2d2e9f4074174a2e1898ace238df6?pvs=21),,2024/03/26,2024年3月21日 12:34
中国 03月31日,中国,アップロード済,SUNNYSH (https://app.notion.com/p/08d06c9684c3467ba3373ef7768d2323?pvs=21),中国大惨事　崩落陥没生き埋め　まさに地獄絵図,中国 - 2024-03-31 -,NO,YouTubeチェンネル運営ビジネス (https://app.notion.com/p/86f2d2e9f4074174a2e1898ace238df6?pvs=21),,2024/03/31,2024年3月22日 14:41
中国 03月30日,中国,アップロード済,SUNNYSH (https://app.notion.com/p/08d06c9684c3467ba3373ef7768d2323?pvs=21),日本に謝れ　裏切インドネシア　泥沼化の中国鉄道,中国 - 2024-03-30 -,NO,YouTubeチェンネル運営ビジネス (https://app.notion.com/p/86f2d2e9f4074174a2e1898ace238df6?pvs=21),,2024/03/30,2024年3月23日 13:11
川本03月23日,川本,,SUNNYSH (https://app.notion.com/p/08d06c9684c3467ba3373ef7768d2323?pvs=21),うつにならない・うつにさせない８つ2,川本 - 2024-03-23 -,NO,YouTubeチェンネル運営ビジネス (https://app.notion.com/p/86f2d2e9f4074174a2e1898ace238df6?pvs=21),,2024/03/23,2024年3月27日 9:12
その他 03月31日,日本・その他のニュース,アップロード済,SUNNYSH (https://app.notion.com/p/08d06c9684c3467ba3373ef7768d2323?pvs=21),世界が認めた　やはり日本製　日本独占開始,日本・その他のニュース - 2024-03-31 -,NO,YouTubeチェンネル運営ビジネス (https://app.notion.com/p/86f2d2e9f4074174a2e1898ace238df6?pvs=21),,2024/03/31,2024年3月28日 12:39
韓国 04月09日,韓国,アップロード済,SUNNYSH (https://app.notion.com/p/08d06c9684c3467ba3373ef7768d2323?pvs=21),ついに認めた　実は日本製　韓国民大炎上,韓国 - 2024-04-09 -,NO,YouTubeチェンネル運営ビジネス (https://app.notion.com/p/86f2d2e9f4074174a2e1898ace238df6?pvs=21),,2024/04/09,2024年4月2日 15:32
韓国 04月12日,韓国,アップロード済,SUNNYSH (https://app.notion.com/p/08d06c9684c3467ba3373ef7768d2323?pvs=21),資金はやらん　各社続々拒絶　韓国全土大打撃,韓国 - 2024-04-12 -,NO,YouTubeチェンネル運営ビジネス (https://app.notion.com/p/86f2d2e9f4074174a2e1898ace238df6?pvs=21),,2024/04/12,2024年4月4日 12:29
中国 04月20日,中国,アップロード済,SUNNYSH (https://app.notion.com/p/08d06c9684c3467ba3373ef7768d2323?pvs=21),世界有名俳優辞退　国際問題にまで　中国大慌て,中国 - 2024-04-20 -,NO,YouTubeチェンネル運営ビジネス (https://app.notion.com/p/86f2d2e9f4074174a2e1898ace238df6?pvs=21),,2024/04/20,2024年4月11日 13:50
中国 04月25日,中国,アップロード済,SUNNYSH (https://app.notion.com/p/08d06c9684c3467ba3373ef7768d2323?pvs=21),なぜなんだ　英国の相次無視　中国大慌て,中国 - 2024-04-25 -,NO,YouTubeチェンネル運営ビジネス (https://app.notion.com/p/86f2d2e9f4074174a2e1898ace238df6?pvs=21),,2024/04/25,2024年4月11日 14:47
中国 04月22日,中国,アップロード済,SUNNYSH (https://app.notion.com/p/08d06c9684c3467ba3373ef7768d2323?pvs=21),中国打つ手なし　米英仏豪印が認め　日本が独占,中国 - 2024-04-22 -,NO,YouTubeチェンネル運営ビジネス (https://app.notion.com/p/86f2d2e9f4074174a2e1898ace238df6?pvs=21),,2024/04/22,2024年4月13日 15:30
中国 04月28日,中国,アップロード済,SUNNYSH (https://app.notion.com/p/08d06c9684c3467ba3373ef7768d2323?pvs=21),米国急変　急遽9割停止　中国資産消滅,中国 - 2024-04-28 -,NO,YouTubeチェンネル運営ビジネス (https://app.notion.com/p/86f2d2e9f4074174a2e1898ace238df6?pvs=21),,2024/04/28,2024年4月18日 15:49
中国 05月07日,中国,アップロード済,SUNNYSH (https://app.notion.com/p/08d06c9684c3467ba3373ef7768d2323?pvs=21),さよなら中国　毒入世界販売壊滅　やはり日本製へ,中国 - 2024-05-07 -,NO,YouTubeチェンネル運営ビジネス (https://app.notion.com/p/86f2d2e9f4074174a2e1898ace238df6?pvs=21),,2024/05/07,2024年4月27日 14:36
韓国 05月13日,韓国,アップロード済,SUNNYSH (https://app.notion.com/p/08d06c9684c3467ba3373ef7768d2323?pvs=21),ついに認めた　実は日本製　韓国民腰抜かす,韓国 - 2024-05-13 -,NO,YouTubeチェンネル運営ビジネス (https://app.notion.com/p/86f2d2e9f4074174a2e1898ace238df6?pvs=21),,2024/05/13,2024年5月4日 13:07
韓国 05月15日,韓国,アップロード済,SUNNYSH (https://app.notion.com/p/08d06c9684c3467ba3373ef7768d2323?pvs=21),哀れな韓国へ　米国民一斉拒否　事実知り韓民屈辱,韓国 - 2024-05-15 -,NO,YouTubeチェンネル運営ビジネス (https://app.notion.com/p/86f2d2e9f4074174a2e1898ace238df6?pvs=21),,2024/05/15,2024年5月6日 13:38
韓国 05月19日,韓国,アップロード済,SUNNYSH (https://app.notion.com/p/08d06c9684c3467ba3373ef7768d2323?pvs=21),韓国緊急事態　主力銀行巨額債務　遂に国家破産か,韓国 - 2024-05-19 -,NO,YouTubeチェンネル運営ビジネス (https://app.notion.com/p/86f2d2e9f4074174a2e1898ace238df6?pvs=21),,2024/05/19,2024年5月9日 13:14
中国 05月19日,中国,アップロード済,SUNNYSH (https://app.notion.com/p/08d06c9684c3467ba3373ef7768d2323?pvs=21),さよなら中国　国際大手企業閉鎖　経済急落世界騒然,中国 - 2024-05-19 -,NO,YouTubeチェンネル運営ビジネス (https://app.notion.com/p/86f2d2e9f4074174a2e1898ace238df6?pvs=21),,2024/05/19,2024年5月9日 13:46
韓国 05月27日,韓国,アップロード済,SUNNYSH (https://app.notion.com/p/08d06c9684c3467ba3373ef7768d2323?pvs=21),韓国軍自分で爆破　兵士顔面崩壊　完全地獄絵図　,韓国 - 2024-05-27 -,NO,YouTubeチェンネル運営ビジネス (https://app.notion.com/p/86f2d2e9f4074174a2e1898ace238df6?pvs=21),,2024/05/27,2024年5月16日 15:06
中国 05月31日,中国,アップロード済,SUNNYSH (https://app.notion.com/p/08d06c9684c3467ba3373ef7768d2323?pvs=21),感染症嘘バレ混乱　中国民地獄絵図　ついに日本が,中国 - 2024-05-31 -,NO,YouTubeチェンネル運営ビジネス (https://app.notion.com/p/86f2d2e9f4074174a2e1898ace238df6?pvs=21),,2024/05/31,2024年5月20日 13:38
韓国 06月09日,韓国,アップロード済,SUNNYSH (https://app.notion.com/p/08d06c9684c3467ba3373ef7768d2323?pvs=21),急展開！台湾即決　泣きつく韓国　協約解除表明へ,韓国 - 2024-06-09 -,NO,YouTubeチェンネル運営ビジネス (https://app.notion.com/p/86f2d2e9f4074174a2e1898ace238df6?pvs=21),,2024/06/09,2024年5月29日 13:26
中国 06月10日,中国,アップロード済,SUNNYSH (https://app.notion.com/p/08d06c9684c3467ba3373ef7768d2323?pvs=21),緊急SOS　中国本土資産凍結　ついに一文なし,中国 - 2024-06-10 -,NO,YouTubeチェンネル運営ビジネス (https://app.notion.com/p/86f2d2e9f4074174a2e1898ace238df6?pvs=21),,2024/06/10,2024年5月30日 12:30
中国 06月17日,中国,アップロード済,SUNNYSH (https://app.notion.com/p/08d06c9684c3467ba3373ef7768d2323?pvs=21),中国不渡り続出　遂に信託連鎖破滅　国家破産か,中国 - 2024-06-17 -,NO,YouTubeチェンネル運営ビジネス (https://app.notion.com/p/86f2d2e9f4074174a2e1898ace238df6?pvs=21),,2024/06/17,2024年6月5日 15:01
中国 06月21日,中国,アップロード済,SUNNYSH (https://app.notion.com/p/08d06c9684c3467ba3373ef7768d2323?pvs=21),中国異常事態　外貨流出止まらん　金融地獄へ　,中国 - 2024-06-21 -,NO,YouTubeチェンネル運営ビジネス (https://app.notion.com/p/86f2d2e9f4074174a2e1898ace238df6?pvs=21),,2024/06/21,2024年6月11日 16:34
韓国 06月30日,韓国,アップロード済,SUNNYSH (https://app.notion.com/p/08d06c9684c3467ba3373ef7768d2323?pvs=21),ついに契約破棄　日本が独占開始　韓国打つ手なし,韓国 - 2024-06-30 -,NO,YouTubeチェンネル運営ビジネス (https://app.notion.com/p/86f2d2e9f4074174a2e1898ace238df6?pvs=21),,2024/06/30,2024年6月22日 15:21
中国 07月03日,中国,アップロード済,SUNNYSH (https://app.notion.com/p/08d06c9684c3467ba3373ef7768d2323?pvs=21),ドロ沼中国異常が　遂に開始内部崩壊　事実漏洩し世界へ,中国 - 2024-07-03 -,NO,YouTubeチェンネル運営ビジネス (https://app.notion.com/p/86f2d2e9f4074174a2e1898ace238df6?pvs=21),,2024/07/03,2024年6月24日 15:01
中国 07月20日,中国,アップロード済,SUNNYSH (https://app.notion.com/p/08d06c9684c3467ba3373ef7768d2323?pvs=21),まさか自衛隊が　中国領海通過に　政府腰抜かす,中国 - 2024-07-20 -,NO,YouTubeチェンネル運営ビジネス (https://app.notion.com/p/86f2d2e9f4074174a2e1898ace238df6?pvs=21),,2024/07/20,2024年7月14日 15:56
中国 07月22日,中国,アップロード済,SUNNYSH (https://app.notion.com/p/08d06c9684c3467ba3373ef7768d2323?pvs=21),米英加新独が公言　青ざめる中国　ついに日本へ,中国 - 2024-07-22 -,NO,YouTubeチェンネル運営ビジネス (https://app.notion.com/p/86f2d2e9f4074174a2e1898ace238df6?pvs=21),,2024/07/22,2024年7月14日 15:59
韓国 08月12日,韓国,アップロード済,SUNNYSH (https://app.notion.com/p/08d06c9684c3467ba3373ef7768d2323?pvs=21),韓国打つ手なし　国際的屈辱発表　遂に日本が制圧へ,韓国 - 2024-08-12 -,NO,YouTubeチェンネル運営ビジネス (https://app.notion.com/p/86f2d2e9f4074174a2e1898ace238df6?pvs=21),,2024/08/12,2024年7月24日 15:46
韓国 08月02日,韓国,アップロード済,SUNNYSH (https://app.notion.com/p/08d06c9684c3467ba3373ef7768d2323?pvs=21),韓国豪雨地獄絵図　倒壊土砂で壊滅　ユネスコ登録解除,韓国 - 2024-08-02 -,NO,YouTubeチェンネル運営ビジネス (https://app.notion.com/p/86f2d2e9f4074174a2e1898ace238df6?pvs=21),,2024/08/02,2024年7月25日 15:09
中国 09月06日,中国,アップロード済,SUNNYSH (https://app.notion.com/p/08d06c9684c3467ba3373ef7768d2323?pvs=21),日本唖然　中国高速崩落事故　態度急変？,中国 - 2024-09-06 -,NO,YouTubeチェンネル運営ビジネス (https://app.notion.com/p/86f2d2e9f4074174a2e1898ace238df6?pvs=21),,2024/09/06,2024年8月26日 13:41
中国 09月03日,中国,アップロード済,SUNNYSH (https://app.notion.com/p/08d06c9684c3467ba3373ef7768d2323?pvs=21),中国ついに不渡り　まさか食料停止　数億人が犠牲に,中国 - 2024-09-03 -,NO,YouTubeチェンネル運営ビジネス (https://app.notion.com/p/86f2d2e9f4074174a2e1898ace238df6?pvs=21),,2024/09/03,2024年8月28日 14:48
中国 09月05日【速報】,中国,アップロード済,SUNNYSH (https://app.notion.com/p/08d06c9684c3467ba3373ef7768d2323?pvs=21),続々党内造反開始　中国政府大混乱　まさか習近平が,中国 - 2024-09-05 -,NO,YouTubeチェンネル運営ビジネス (https://app.notion.com/p/86f2d2e9f4074174a2e1898ace238df6?pvs=21),,2024/09/05,2024年9月4日 13:21
韓国 09月13日,韓国,アップロード済,SUNNYSH (https://app.notion.com/p/08d06c9684c3467ba3373ef7768d2323?pvs=21),フィリピン激怒　懸賞金確定で血眼　韓国人旅客大慌て,韓国 - 2024-09-13 -,NO,YouTubeチェンネル運営ビジネス (https://app.notion.com/p/86f2d2e9f4074174a2e1898ace238df6?pvs=21),,2024/09/13,2024年9月7日 16:52
韓国 09月15日,韓国,アップロード済,SUNNYSH (https://app.notion.com/p/08d06c9684c3467ba3373ef7768d2323?pvs=21),米国から衝撃発表　もう完全停止だ！　韓国緊急経済打撃,韓国 - 2024-09-15 -,NO,YouTubeチェンネル運営ビジネス (https://app.notion.com/p/86f2d2e9f4074174a2e1898ace238df6?pvs=21),,2024/09/15,2024年9月8日 12:34
韓国 09月18日,韓国,アップロード済,SUNNYSH (https://app.notion.com/p/08d06c9684c3467ba3373ef7768d2323?pvs=21),韓国嘘が限界判決　日本が洗脳暴露し　世界続々拒絶,韓国 - 2024-09-18 -,NO,YouTubeチェンネル運営ビジネス (https://app.notion.com/p/86f2d2e9f4074174a2e1898ace238df6?pvs=21),,2024/09/18,2024年9月11日 13:25
,,,SUNNYSH (https://app.notion.com/p/08d06c9684c3467ba3373ef7768d2323?pvs=21),,,,YouTubeチェンネル運営ビジネス (https://app.notion.com/p/86f2d2e9f4074174a2e1898ace238df6?pvs=21),,,2024年9月14日 13:34
,韓国,,SUNNYSH (https://app.notion.com/p/08d06c9684c3467ba3373ef7768d2323?pvs=21),,韓国 - 2024-09-07 -,,YouTubeチェンネル運営ビジネス (https://app.notion.com/p/86f2d2e9f4074174a2e1898ace238df6?pvs=21),,2024/09/07,2024年9月14日 14:10
,韓国,,SUNNYSH (https://app.notion.com/p/08d06c9684c3467ba3373ef7768d2323?pvs=21),,韓国 - 2024-09-07 -,,YouTubeチェンネル運営ビジネス (https://app.notion.com/p/86f2d2e9f4074174a2e1898ace238df6?pvs=21),,2024/09/07,2024年9月14日 14:11
中国 09月20日,中国,アップロード済,SUNNYSH (https://app.notion.com/p/08d06c9684c3467ba3373ef7768d2323?pvs=21),中国特区崩壊　国際報道発表　まさか英米が,中国 - 2024-09-20 -,NO,YouTubeチェンネル運営ビジネス (https://app.notion.com/p/86f2d2e9f4074174a2e1898ace238df6?pvs=21),,2024/09/20,2024年9月14日 15:19
速報 09月14日,日本・その他のニュース,アップロード済,SUNNYSH (https://app.notion.com/p/08d06c9684c3467ba3373ef7768d2323?pvs=21),24時間マラソン　新疑惑ヤラセバレ　日本民怒りの審判,日本・その他のニュース - 2024-09-14 -,NO,YouTubeチェンネル運営ビジネス (https://app.notion.com/p/86f2d2e9f4074174a2e1898ace238df6?pvs=21),,2024/09/14,2024年9月14日 23:07
韓国 09月24日,韓国,アップロード済,SUNNYSH (https://app.notion.com/p/08d06c9684c3467ba3373ef7768d2323?pvs=21),韓国不渡り多発　廃業100万人　もう滅びる,韓国 - 2024-09-24 -,NO,YouTubeチェンネル運営ビジネス (https://app.notion.com/p/86f2d2e9f4074174a2e1898ace238df6?pvs=21),,2024/09/24,2024年9月15日 12:49
中国 09月21日,中国,アップロード済,SUNNYSH (https://app.notion.com/p/08d06c9684c3467ba3373ef7768d2323?pvs=21),次々都市機能停止　中国事実認め　リアル国家危機,中国 - 2024-09-21 -,NO,YouTubeチェンネル運営ビジネス (https://app.notion.com/p/86f2d2e9f4074174a2e1898ace238df6?pvs=21),,2024/09/21,2024年9月15日 13:30
速報 09月16日,日本・その他のニュース,アップロード済,SUNNYSH (https://app.notion.com/p/08d06c9684c3467ba3373ef7768d2323?pvs=21),日本国民から批判　反日TV局追放へ　真実知り韓民屈辱,日本・その他のニュース - 2024-09-16 -,NO,YouTubeチェンネル運営ビジネス (https://app.notion.com/p/86f2d2e9f4074174a2e1898ace238df6?pvs=21),,2024/09/16,2024年9月15日 17:04
中国 09月29日,中国,アップロード済,SUNNYSH (https://app.notion.com/p/08d06c9684c3467ba3373ef7768d2323?pvs=21),流出とまらん　全財産没収　中国腰抜かす,中国 - 2024-09-29 -,NO,YouTubeチェンネル運営ビジネス (https://app.notion.com/p/86f2d2e9f4074174a2e1898ace238df6?pvs=21),,2024/09/29,2024年9月16日 12:40
速報 09月18日,日本・その他のニュース,アップロード済,SUNNYSH (https://app.notion.com/p/08d06c9684c3467ba3373ef7768d2323?pvs=21),尖閣が事件で急転　日海保が捉え送検　中国大発狂,日本・その他のニュース - 2024-09-18 -,NO,YouTubeチェンネル運営ビジネス (https://app.notion.com/p/86f2d2e9f4074174a2e1898ace238df6?pvs=21),,2024/09/18,2024年9月16日 12:41
韓国 09月26日,韓国,アップロード済,SUNNYSH (https://app.notion.com/p/08d06c9684c3467ba3373ef7768d2323?pvs=21),泣きつく！　必死の韓国壊滅的　日本が独占決着へ,韓国 - 2024-09-26 -,NO,YouTubeチェンネル運営ビジネス (https://app.notion.com/p/86f2d2e9f4074174a2e1898ace238df6?pvs=21),,2024/09/26,2024年9月16日 15:14
韓国 09月23日,韓国,アップロード済,SUNNYSH (https://app.notion.com/p/08d06c9684c3467ba3373ef7768d2323?pvs=21),日本絶対助けるな　韓国あの噂は本当　失業加速耐えれん,韓国 - 2024-09-23 -,NO,YouTubeチェンネル運営ビジネス (https://app.notion.com/p/86f2d2e9f4074174a2e1898ace238df6?pvs=21),,2024/09/23,2024年9月16日 15:15
感謝することで宝クジが当たる仕組み,Mc茶会,,SUNNYSH (https://app.notion.com/p/08d06c9684c3467ba3373ef7768d2323?pvs=21),,Mc茶会 - 2024-08-27 -,,YouTubeチェンネル運営ビジネス (https://app.notion.com/p/86f2d2e9f4074174a2e1898ace238df6?pvs=21),,2024/08/27,2024年9月16日 19:00
韓国 09月25日,韓国,アップロード済,SUNNYSH (https://app.notion.com/p/08d06c9684c3467ba3373ef7768d2323?pvs=21),反日芸能人許さん　日本民疑惑を追求　韓国民唖然呆然,韓国 - 2024-09-25 -,NO,YouTubeチェンネル運営ビジネス (https://app.notion.com/p/86f2d2e9f4074174a2e1898ace238df6?pvs=21),,2024/09/25,2024年9月18日 13:28
中国 09月25日,中国,アップロード済,SUNNYSH (https://app.notion.com/p/08d06c9684c3467ba3373ef7768d2323?pvs=21),諾西が中国を追放　首脳発言嘘バレ　国際緊急報道へ,中国 - 2024-09-25 -,NO,YouTubeチェンネル運営ビジネス (https://app.notion.com/p/86f2d2e9f4074174a2e1898ace238df6?pvs=21),,2024/09/25,2024年9月18日 15:22
速報 09月21日,日本・その他のニュース,アップロード済,SUNNYSH (https://app.notion.com/p/08d06c9684c3467ba3373ef7768d2323?pvs=21),習近平腰抜かす　米比国が共同発表　日本尖閣に新展開,日本・その他のニュース - 2024-09-21 -,NO,YouTubeチェンネル運営ビジネス (https://app.notion.com/p/86f2d2e9f4074174a2e1898ace238df6?pvs=21),,2024/09/21,2024年9月19日 14:02
日本 10月10日,日本・その他のニュース,アップロード済,SUNNYSH (https://app.notion.com/p/08d06c9684c3467ba3373ef7768d2323?pvs=21),櫻井よしこ大激怒　不都合な真実暴露　反日メディア絶句,日本・その他のニュース - 2024-10-10 -,NO,YouTubeチェンネル運営ビジネス (https://app.notion.com/p/86f2d2e9f4074174a2e1898ace238df6?pvs=21),,2024/10/10,2024年9月22日 12:08
韓国 09月30日,韓国,アップロード済,SUNNYSH (https://app.notion.com/p/08d06c9684c3467ba3373ef7768d2323?pvs=21),ついに契約破棄　日本製鉄完全撤退　韓国限界パニック,韓国 - 2024-09-30 -,NO,YouTubeチェンネル運営ビジネス (https://app.notion.com/p/86f2d2e9f4074174a2e1898ace238df6?pvs=21),,2024/09/30,2024年9月22日 12:34
韓国 09月28日,韓国,アップロード済,SUNNYSH (https://app.notion.com/p/08d06c9684c3467ba3373ef7768d2323?pvs=21),欧州完全参加拒否　韓国が完全白旗　日本がやはり　,韓国 - 2024-09-28 -,NO,YouTubeチェンネル運営ビジネス (https://app.notion.com/p/86f2d2e9f4074174a2e1898ace238df6?pvs=21),,2024/09/28,2024年9月22日 12:34
速報 09月23日,日本・その他のニュース,アップロード済,SUNNYSH (https://app.notion.com/p/08d06c9684c3467ba3373ef7768d2323?pvs=21),【速報】今国連で　遂にあの国も動き　中国絶体絶命,日本・その他のニュース - 2024-09-23 -,NO,YouTubeチェンネル運営ビジネス (https://app.notion.com/p/86f2d2e9f4074174a2e1898ace238df6?pvs=21),,2024/09/23,2024年9月22日 14:54
中国 10月03日,中国,アップロード済,SUNNYSH (https://app.notion.com/p/08d06c9684c3467ba3373ef7768d2323?pvs=21),中国民お金がない　これがリアル現実　衝撃過ぎ死亡理由,中国 - 2024-10-03 -,NO,YouTubeチェンネル運営ビジネス (https://app.notion.com/p/86f2d2e9f4074174a2e1898ace238df6?pvs=21),,2024/10/03,2024年9月23日 13:32
中国 09月30日,中国,アップロード済,SUNNYSH (https://app.notion.com/p/08d06c9684c3467ba3373ef7768d2323?pvs=21),フランス急変　中国奪われ大惨事　経済的崩壊へ,中国 - 2024-09-30 -,NO,YouTubeチェンネル運営ビジネス (https://app.notion.com/p/86f2d2e9f4074174a2e1898ace238df6?pvs=21),,2024/09/30,2024年9月23日 13:32
韓国 10月02日,韓国,アップロード済,SUNNYSH (https://app.notion.com/p/08d06c9684c3467ba3373ef7768d2323?pvs=21),韓国の致命的ミス　世界契約破棄続出　壊滅的大損失,韓国 - 2024-10-02 -,NO,YouTubeチェンネル運営ビジネス (https://app.notion.com/p/86f2d2e9f4074174a2e1898ace238df6?pvs=21),,2024/10/02,2024年9月25日 12:38
中国 10月01日,中国,アップロード済,SUNNYSH (https://app.notion.com/p/08d06c9684c3467ba3373ef7768d2323?pvs=21),中国資産消滅　世界中が契約拒否　完全に日本へ　,中国 - 2024-10-01 -,NO,YouTubeチェンネル運営ビジネス (https://app.notion.com/p/86f2d2e9f4074174a2e1898ace238df6?pvs=21),,2024/10/01,2024年9月25日 13:33
韓国 10月01日,韓国,アップロード済,SUNNYSH (https://app.notion.com/p/08d06c9684c3467ba3373ef7768d2323?pvs=21),認めた韓国教授！　その事実に衝撃　今さら日本へ,韓国 - 2024-10-01 -,NO,YouTubeチェンネル運営ビジネス (https://app.notion.com/p/86f2d2e9f4074174a2e1898ace238df6?pvs=21),,2024/10/01,2024年9月26日 13:35
韓国 10月08日,日本・その他のニュース,アップロード済,SUNNYSH (https://app.notion.com/p/08d06c9684c3467ba3373ef7768d2323?pvs=21),【速報】日本驚嘆　いいぞほんこん　反日記者衝撃末路,日本・その他のニュース - 2024-10-01 -,NO,YouTubeチェンネル運営ビジネス (https://app.notion.com/p/86f2d2e9f4074174a2e1898ace238df6?pvs=21),,2024/10/01,2024年9月26日 13:35
中国 10月07日,中国,アップロード済,SUNNYSH (https://app.notion.com/p/08d06c9684c3467ba3373ef7768d2323?pvs=21),中国緊急事態　金融崩壊で大暴落　遂に国際報道で,中国 - 2024-10-07 -,NO,YouTubeチェンネル運営ビジネス (https://app.notion.com/p/86f2d2e9f4074174a2e1898ace238df6?pvs=21),,2024/10/07,2024年9月26日 15:10
中国 10月02日,中国,アップロード済,SUNNYSH (https://app.notion.com/p/08d06c9684c3467ba3373ef7768d2323?pvs=21),中国民大混乱　政府庁舎火災全焼　原因が極悪非道　,中国 - 2024-10-02 -,NO,YouTubeチェンネル運営ビジネス (https://app.notion.com/p/86f2d2e9f4074174a2e1898ace238df6?pvs=21),,2024/10/02,2024年9月26日 15:10
中国 10月04日,中国,アップロード済,SUNNYSH (https://app.notion.com/p/08d06c9684c3467ba3373ef7768d2323?pvs=21),哀れな中国へ　日本企強行へ　事実知り中民屈辱,中国 - 2024-10-04 -,NO,YouTubeチェンネル運営ビジネス (https://app.notion.com/p/86f2d2e9f4074174a2e1898ace238df6?pvs=21),,2024/10/04,2024年9月26日 17:46
韓国 10月03日,韓国,アップロード済,SUNNYSH (https://app.notion.com/p/08d06c9684c3467ba3373ef7768d2323?pvs=21),ドイツ待ってくれ　排除恐い韓国　懸命の延命,韓国 - 2024-10-03 -,NO,YouTubeチェンネル運営ビジネス (https://app.notion.com/p/86f2d2e9f4074174a2e1898ace238df6?pvs=21),,2024/10/03,2024年9月27日 13:37
速報 09月28日,日本・その他のニュース,アップロード済,SUNNYSH (https://app.notion.com/p/08d06c9684c3467ba3373ef7768d2323?pvs=21),【速報】いいぞ日本　台湾海峡を攻撃　習近平大発狂,日本・その他のニュース - 2024-09-28 -,NO,YouTubeチェンネル運営ビジネス (https://app.notion.com/p/86f2d2e9f4074174a2e1898ace238df6?pvs=21),,2024/09/28,2024年9月27日 16:06
速報 09月29日,日本・その他のニュース,アップロード済,SUNNYSH (https://app.notion.com/p/08d06c9684c3467ba3373ef7768d2323?pvs=21),【速報】反日追放へ　日本緊急通達　屈辱的な最終発表,日本・その他のニュース - 2024-09-29 -,NO,YouTubeチェンネル運営ビジネス (https://app.notion.com/p/86f2d2e9f4074174a2e1898ace238df6?pvs=21),,2024/09/29,2024年9月27日 16:07
韓国 10月04日,韓国,アップロード済,SUNNYSH (https://app.notion.com/p/08d06c9684c3467ba3373ef7768d2323?pvs=21),裏で韓国潰され　業界が完全閉鎖　まるごと沈没,韓国 - 2024-10-04 -,NO,YouTubeチェンネル運営ビジネス (https://app.notion.com/p/86f2d2e9f4074174a2e1898ace238df6?pvs=21),,2024/10/04,2024年9月27日 18:45
韓国 10月05日,韓国,アップロード済,SUNNYSH (https://app.notion.com/p/08d06c9684c3467ba3373ef7768d2323?pvs=21),ついに協約破棄で　日本が完全独占　韓国希望完全消失,韓国 - 2024-10-05 -,NO,YouTubeチェンネル運営ビジネス (https://app.notion.com/p/86f2d2e9f4074174a2e1898ace238df6?pvs=21),,2024/10/05,2024年9月29日 12:39
韓国 10月06日,韓国,アップロード済,SUNNYSH (https://app.notion.com/p/08d06c9684c3467ba3373ef7768d2323?pvs=21),韓国乗っ取られ　切り札が全滅　とんでもない事に,韓国 - 2024-10-06 -,NO,YouTubeチェンネル運営ビジネス (https://app.notion.com/p/86f2d2e9f4074174a2e1898ace238df6?pvs=21),,2024/10/06,2024年9月29日 14:27
中国 10月05日,中国,アップロード済,SUNNYSH (https://app.notion.com/p/08d06c9684c3467ba3373ef7768d2323?pvs=21),日本に謝れ　中国原水艦沈没　核汚染で世界が,中国 - 2024-10-05 -,NO,YouTubeチェンネル運営ビジネス (https://app.notion.com/p/86f2d2e9f4074174a2e1898ace238df6?pvs=21),,2024/10/05,2024年9月29日 16:10
韓国 10月08日,韓国,アップロード済,SUNNYSH (https://app.notion.com/p/08d06c9684c3467ba3373ef7768d2323?pvs=21),反日韓国民追放　やっと気づいた　Noジャパン愚か,韓国 - 2024-10-08 -,NO,YouTubeチェンネル運営ビジネス (https://app.notion.com/p/86f2d2e9f4074174a2e1898ace238df6?pvs=21),,2024/10/08,2024年9月30日 14:57
中国 10月06日,中国,アップロード済,SUNNYSH (https://app.notion.com/p/08d06c9684c3467ba3373ef7768d2323?pvs=21),外道は信用無理　ドイツが決裂発表　中国顔面蒼白,中国 - 2024-10-06 -,NO,YouTubeチェンネル運営ビジネス (https://app.notion.com/p/86f2d2e9f4074174a2e1898ace238df6?pvs=21),,2024/10/06,2024年9月30日 16:52
韓国 10月07日,韓国,アップロード済,SUNNYSH (https://app.notion.com/p/08d06c9684c3467ba3373ef7768d2323?pvs=21),ベトナム節発動　あっさり処刑し　韓国号泣謝罪へ,韓国 - 2024-10-07 -,NO,YouTubeチェンネル運営ビジネス (https://app.notion.com/p/86f2d2e9f4074174a2e1898ace238df6?pvs=21),,2024/10/07,2024年10月2日 12:51
中国 10月15日,中国,アップロード済,SUNNYSH (https://app.notion.com/p/08d06c9684c3467ba3373ef7768d2323?pvs=21),もう許さん　日本脱中ラッシュ　中国全土大打撃,中国 - 2024-10-15 -,NO,YouTubeチェンネル運営ビジネス (https://app.notion.com/p/86f2d2e9f4074174a2e1898ace238df6?pvs=21),,2024/10/15,2024年10月2日 13:26
韓国 10月11日,韓国,アップロード済,SUNNYSH (https://app.notion.com/p/08d06c9684c3467ba3373ef7768d2323?pvs=21),どうか和解を　契約破棄怖い韓国　波国へ必死の懇願,韓国 - 2024-10-11 -,NO,YouTubeチェンネル運営ビジネス (https://app.notion.com/p/86f2d2e9f4074174a2e1898ace238df6?pvs=21),,2024/10/11,2024年10月2日 14:40
中国 10月09日,中国,アップロード済,SUNNYSH (https://app.notion.com/p/08d06c9684c3467ba3373ef7768d2323?pvs=21),金欠で見捨てられ　中国、世界で孤立　まさかBRICSで,中国 - 2024-10-09 -,NO,YouTubeチェンネル運営ビジネス (https://app.notion.com/p/86f2d2e9f4074174a2e1898ace238df6?pvs=21),,2024/10/09,2024年10月3日 11:51
中国 10月08日,中国,アップロード済,SUNNYSH (https://app.notion.com/p/08d06c9684c3467ba3373ef7768d2323?pvs=21),中国・・・許さん　フィリピン激怒　実刑1200年,中国 - 2024-10-08 -,NO,YouTubeチェンネル運営ビジネス (https://app.notion.com/p/86f2d2e9f4074174a2e1898ace238df6?pvs=21),,2024/10/08,2024年10月3日 11:51
韓国 10月09日,韓国,アップロード済,SUNNYSH (https://app.notion.com/p/08d06c9684c3467ba3373ef7768d2323?pvs=21),実は報道通りです　韓国突如大混乱　チェコ世界に発表,韓国 - 2024-10-09 -,NO,YouTubeチェンネル運営ビジネス (https://app.notion.com/p/86f2d2e9f4074174a2e1898ace238df6?pvs=21),,2024/10/09,2024年10月3日 16:17
日本 12月04日,日本・その他のニュース,アップロード済,SUNNYSH (https://app.notion.com/p/08d06c9684c3467ba3373ef7768d2323?pvs=21),反日芸能人許さん　TVで愚かさ公開　日本民激怒の審判,日本・その他のニュース - 2024-12-04 -,NO,YouTubeチェンネル運営ビジネス (https://app.notion.com/p/86f2d2e9f4074174a2e1898ace238df6?pvs=21),,2024/12/04,2024年10月3日 17:09
中国 10月10日,中国,アップロード済,SUNNYSH (https://app.notion.com/p/08d06c9684c3467ba3373ef7768d2323?pvs=21),SWAT局長射◯　逃げ惑う共産党員　中国全土に激震,中国 - 2024-10-10 -,NO,YouTubeチェンネル運営ビジネス (https://app.notion.com/p/86f2d2e9f4074174a2e1898ace238df6?pvs=21),,2024/10/10,2024年10月5日 12:36
中国 10月11日,中国,アップロード済,SUNNYSH (https://app.notion.com/p/08d06c9684c3467ba3373ef7768d2323?pvs=21),中国極貧驚愕理由　日本報道されない　現地の生々しい声,中国 - 2024-10-11 -,NO,YouTubeチェンネル運営ビジネス (https://app.notion.com/p/86f2d2e9f4074174a2e1898ace238df6?pvs=21),,2024/10/11,2024年10月5日 13:27
韓国 10月12日,韓国,アップロード済,SUNNYSH (https://app.notion.com/p/08d06c9684c3467ba3373ef7768d2323?pvs=21),国際的批判殺到で　韓国反日教授追放　ついに日本が,韓国 - 2024-10-12 -,NO,YouTubeチェンネル運営ビジネス (https://app.notion.com/p/86f2d2e9f4074174a2e1898ace238df6?pvs=21),,2024/10/12,2024年10月5日 14:01
韓国 10月13日,韓国,アップロード済,SUNNYSH (https://app.notion.com/p/08d06c9684c3467ba3373ef7768d2323?pvs=21),韓国非常事態　100％大暴落　日本民騒然,韓国 - 2024-10-13 -,NO,YouTubeチェンネル運営ビジネス (https://app.notion.com/p/86f2d2e9f4074174a2e1898ace238df6?pvs=21),,2024/10/13,2024年10月6日 12:27
韓国 10月15日,韓国,アップロード済,SUNNYSH (https://app.notion.com/p/08d06c9684c3467ba3373ef7768d2323?pvs=21),韓国世界で大恥　国際報道発表　まさか日本民が,韓国 - 2024-10-15 -,NO,YouTubeチェンネル運営ビジネス (https://app.notion.com/p/86f2d2e9f4074174a2e1898ace238df6?pvs=21),,2024/10/15,2024年10月6日 12:49
中国 10月12日,中国,アップロード済,SUNNYSH (https://app.notion.com/p/08d06c9684c3467ba3373ef7768d2323?pvs=21),英会計事務所発表　恒大集団衝撃事実　中国経済更に底へ,中国 - 2024-10-12 -,NO,YouTubeチェンネル運営ビジネス (https://app.notion.com/p/86f2d2e9f4074174a2e1898ace238df6?pvs=21),,2024/10/12,2024年10月6日 15:41
韓国 10月16日,韓国,アップロード済,SUNNYSH (https://app.notion.com/p/08d06c9684c3467ba3373ef7768d2323?pvs=21),韓国お金がない　世界金融続々拒否　事実知り国民屈辱,韓国 - 2024-10-16 -,NO,YouTubeチェンネル運営ビジネス (https://app.notion.com/p/86f2d2e9f4074174a2e1898ace238df6?pvs=21),,2024/10/16,2024年10月7日 13:06
韓国 10月14日,韓国,アップロード済,SUNNYSH (https://app.notion.com/p/08d06c9684c3467ba3373ef7768d2323?pvs=21),哀れな韓国へ　やばい一斉攻撃　経済侵害世界大恥,韓国 - 2024-10-14 -,NO,YouTubeチェンネル運営ビジネス (https://app.notion.com/p/86f2d2e9f4074174a2e1898ace238df6?pvs=21),,2024/10/14,2024年10月7日 14:04
中国 10月13日,中国,アップロード済,SUNNYSH (https://app.notion.com/p/08d06c9684c3467ba3373ef7768d2323?pvs=21),もう復旧不可能　日本民が完全激怒　中国へ世界猛批判,中国 - 2024-10-13 -,NO,YouTubeチェンネル運営ビジネス (https://app.notion.com/p/86f2d2e9f4074174a2e1898ace238df6?pvs=21),,2024/10/13,2024年10月7日 14:51
この仮想現実を科学的に理解する,Mc茶会,,SUNNYSH (https://app.notion.com/p/08d06c9684c3467ba3373ef7768d2323?pvs=21),,Mc茶会 - 2024-09-17 -,,YouTubeチェンネル運営ビジネス (https://app.notion.com/p/86f2d2e9f4074174a2e1898ace238df6?pvs=21),,2024/09/17,2024年10月7日 23:48
中国 10月14日,中国,アップロード済,SUNNYSH (https://app.notion.com/p/08d06c9684c3467ba3373ef7768d2323?pvs=21),麻生太郎大暴れ　ついに国際問題　中国大慌て,中国 - 2024-10-14 -,NO,YouTubeチェンネル運営ビジネス (https://app.notion.com/p/86f2d2e9f4074174a2e1898ace238df6?pvs=21),,2024/10/14,2024年10月9日 13:34
韓国 10月22日,韓国,アップロード済,SUNNYSH (https://app.notion.com/p/08d06c9684c3467ba3373ef7768d2323?pvs=21),ついに認めた　まさか日本製　韓国民大混乱,韓国 - 2024-10-22 -,NO,YouTubeチェンネル運営ビジネス (https://app.notion.com/p/86f2d2e9f4074174a2e1898ace238df6?pvs=21),,2024/10/22,2024年10月9日 14:51
中国 10月18日,中国,アップロード済,SUNNYSH (https://app.notion.com/p/08d06c9684c3467ba3373ef7768d2323?pvs=21),残念です復帰不能　中国希望の大黒柱　尼国が世界へ公表,中国 - 2024-10-18 -,NO,YouTubeチェンネル運営ビジネス (https://app.notion.com/p/86f2d2e9f4074174a2e1898ace238df6?pvs=21),,2024/10/18,2024年10月9日 17:30
中国 10月16日,中国,アップロード済,SUNNYSH (https://app.notion.com/p/08d06c9684c3467ba3373ef7768d2323?pvs=21),アフリカ態度急変　全面禁止決定へ　中国壊滅的大損害,中国 - 2024-10-16 -,NO,YouTubeチェンネル運営ビジネス (https://app.notion.com/p/86f2d2e9f4074174a2e1898ace238df6?pvs=21),,2024/10/16,2024年10月10日 12:43
韓国 10月17日,韓国,アップロード済,SUNNYSH (https://app.notion.com/p/08d06c9684c3467ba3373ef7768d2323?pvs=21),韓国異変パニック　慌てて必死の懇願　日本が完全拒否,韓国 - 2024-10-17 -,NO,YouTubeチェンネル運営ビジネス (https://app.notion.com/p/86f2d2e9f4074174a2e1898ace238df6?pvs=21),,2024/10/17,2024年10月10日 12:59
韓国 10月18日,韓国,アップロード済,SUNNYSH (https://app.notion.com/p/08d06c9684c3467ba3373ef7768d2323?pvs=21),韓国やばい失策で　金欠契約打ち切り　国が吹っ飛びそう,韓国 - 2024-10-18 -,NO,YouTubeチェンネル運営ビジネス (https://app.notion.com/p/86f2d2e9f4074174a2e1898ace238df6?pvs=21),,2024/10/18,2024年10月10日 16:02
中国 10月20日,中国,アップロード済,SUNNYSH (https://app.notion.com/p/08d06c9684c3467ba3373ef7768d2323?pvs=21),パキスタン急変　一帯一路完全阻止　中国狙われ怯える,中国 - 2024-10-20 -,NO,YouTubeチェンネル運営ビジネス (https://app.notion.com/p/86f2d2e9f4074174a2e1898ace238df6?pvs=21),,2024/10/20,2024年10月12日 12:34
中国 10月17日,中国,アップロード済,SUNNYSH (https://app.notion.com/p/08d06c9684c3467ba3373ef7768d2323?pvs=21),中国激怒パニック　侵犯航空機撃墜へ　遂に日本正式発表,中国 - 2024-10-17 -,NO,YouTubeチェンネル運営ビジネス (https://app.notion.com/p/86f2d2e9f4074174a2e1898ace238df6?pvs=21),,2024/10/17,2024年10月12日 12:48
韓国 10月19日,韓国,アップロード済,SUNNYSH (https://app.notion.com/p/08d06c9684c3467ba3373ef7768d2323?pvs=21),ついに始まった　韓国民大発狂　反日主導者逮捕へ,韓国 - 2024-10-19 -,NO,YouTubeチェンネル運営ビジネス (https://app.notion.com/p/86f2d2e9f4074174a2e1898ace238df6?pvs=21),,2024/10/19,2024年10月12日 14:16
韓国 10月20日,韓国,アップロード済,SUNNYSH (https://app.notion.com/p/08d06c9684c3467ba3373ef7768d2323?pvs=21),アメリカ処分決定　愚かな韓国標的に　世界が一斉に,韓国 - 2024-10-20 -,NO,YouTubeチェンネル運営ビジネス (https://app.notion.com/p/86f2d2e9f4074174a2e1898ace238df6?pvs=21),,2024/10/20,2024年10月13日 12:11
中国 10月19日,中国,アップロード済,SUNNYSH (https://app.notion.com/p/08d06c9684c3467ba3373ef7768d2323?pvs=21),中国観光壊滅的　93％暴落　極貧国民地獄絵図,中国 - 2024-10-19 -,NO,YouTubeチェンネル運営ビジネス (https://app.notion.com/p/86f2d2e9f4074174a2e1898ace238df6?pvs=21),,2024/10/19,2024年10月13日 13:33
中国 10月23日,中国,アップロード済,SUNNYSH (https://app.notion.com/p/08d06c9684c3467ba3373ef7768d2323?pvs=21),世界企業が語った　経済崩壊の真実　中国民腰抜かす,中国 - 2024-10-23 -,NO,YouTubeチェンネル運営ビジネス (https://app.notion.com/p/86f2d2e9f4074174a2e1898ace238df6?pvs=21),,2024/10/23,2024年10月13日 16:48
中国 10月21日,中国,アップロード済,SUNNYSH (https://app.notion.com/p/08d06c9684c3467ba3373ef7768d2323?pvs=21),サウジで怒号の嵐　中国帰れ通行拒否　世界に大恥晒す,中国 - 2024-10-21 -,NO,YouTubeチェンネル運営ビジネス (https://app.notion.com/p/86f2d2e9f4074174a2e1898ace238df6?pvs=21),,2024/10/21,2024年10月14日 14:25
韓国 11月01日,韓国,アップロード済,SUNNYSH (https://app.notion.com/p/08d06c9684c3467ba3373ef7768d2323?pvs=21),ポーランド急変　しつこい狙撃を　韓国大統領府へ,韓国 - 2024-11-01 -,NO,YouTubeチェンネル運営ビジネス (https://app.notion.com/p/86f2d2e9f4074174a2e1898ace238df6?pvs=21),,2024/11/01,2024年10月14日 15:31
韓国 10月21日,韓国,アップロード済,SUNNYSH (https://app.notion.com/p/08d06c9684c3467ba3373ef7768d2323?pvs=21),これが韓国のリアル　調査で分かった　資金消滅嘘と真実,韓国 - 2024-10-21 -,NO,YouTubeチェンネル運営ビジネス (https://app.notion.com/p/86f2d2e9f4074174a2e1898ace238df6?pvs=21),,2024/10/21,2024年10月14日 15:31
今の瞬間に集中する,Mc茶会,,SUNNYSH (https://app.notion.com/p/08d06c9684c3467ba3373ef7768d2323?pvs=21),,Mc茶会 - 2024-10-08 -,,YouTubeチェンネル運営ビジネス (https://app.notion.com/p/86f2d2e9f4074174a2e1898ace238df6?pvs=21),,2024/10/08,2024年10月15日 8:22
韓国 10月23日,韓国,アップロード済,SUNNYSH (https://app.notion.com/p/08d06c9684c3467ba3373ef7768d2323?pvs=21),韓国軍壊滅　地獄の崖で人消滅　世界が驚愕,韓国 - 2024-10-23 -,NO,YouTubeチェンネル運営ビジネス (https://app.notion.com/p/86f2d2e9f4074174a2e1898ace238df6?pvs=21),,2024/10/23,2024年10月16日 15:10
中国 10月24日,中国,アップロード済,SUNNYSH (https://app.notion.com/p/08d06c9684c3467ba3373ef7768d2323?pvs=21),サウジの契約破棄　中国計画完全破綻　ひどい実態を告発,中国 - 2024-10-24 -,NO,YouTubeチェンネル運営ビジネス (https://app.notion.com/p/86f2d2e9f4074174a2e1898ace238df6?pvs=21),,2024/10/24,2024年10月16日 16:00
中国 10月22日,中国,アップロード済,SUNNYSH (https://app.notion.com/p/08d06c9684c3467ba3373ef7768d2323?pvs=21),お金が一夜で消滅　中国事実認め　国民大パニック,中国 - 2024-10-22 -,NO,YouTubeチェンネル運営ビジネス (https://app.notion.com/p/86f2d2e9f4074174a2e1898ace238df6?pvs=21),,2024/10/22,2024年10月16日 16:38
韓国 10月24日,韓国,アップロード済,SUNNYSH (https://app.notion.com/p/08d06c9684c3467ba3373ef7768d2323?pvs=21),もう完全に後の祭　韓国市場壊滅被害　世界続々と日本へ,韓国 - 2024-10-24 -,NO,YouTubeチェンネル運営ビジネス (https://app.notion.com/p/86f2d2e9f4074174a2e1898ace238df6?pvs=21),,2024/10/24,2024年10月17日 13:54
中国 10月25日,中国,アップロード済,SUNNYSH (https://app.notion.com/p/08d06c9684c3467ba3373ef7768d2323?pvs=21),中国民騒然　世界激怒出国禁止　まさか日本も,中国 - 2024-10-25 -,NO,YouTubeチェンネル運営ビジネス (https://app.notion.com/p/86f2d2e9f4074174a2e1898ace238df6?pvs=21),,2024/10/25,2024年10月17日 15:10
中国 10月26日,中国,アップロード済,SUNNYSH (https://app.notion.com/p/08d06c9684c3467ba3373ef7768d2323?pvs=21),ついに始まった　中国極貧不法移民　大規模強制送還,中国 - 2024-10-26 -,NO,YouTubeチェンネル運営ビジネス (https://app.notion.com/p/86f2d2e9f4074174a2e1898ace238df6?pvs=21),,2024/10/26,2024年10月19日 13:20
,韓国,,SUNNYSH (https://app.notion.com/p/08d06c9684c3467ba3373ef7768d2323?pvs=21),,韓国 - 2024-10-12 -,,YouTubeチェンネル運営ビジネス (https://app.notion.com/p/86f2d2e9f4074174a2e1898ace238df6?pvs=21),,2024/10/12,2024年10月19日 14:31
韓国 10月25日,韓国,アップロード済,SUNNYSH (https://app.notion.com/p/08d06c9684c3467ba3373ef7768d2323?pvs=21),トランプ大暴走　米国に1兆円払え　韓国断れない現状,韓国 - 2024-10-25 -,NO,YouTubeチェンネル運営ビジネス (https://app.notion.com/p/86f2d2e9f4074174a2e1898ace238df6?pvs=21),,2024/10/25,2024年10月19日 14:31
韓国 10月26日,韓国,アップロード済,SUNNYSH (https://app.notion.com/p/08d06c9684c3467ba3373ef7768d2323?pvs=21),いいぞ米メディア　KPOP追放報道　世界で大恥晒す,韓国 - 2024-10-26 -,NO,YouTubeチェンネル運営ビジネス (https://app.notion.com/p/86f2d2e9f4074174a2e1898ace238df6?pvs=21),,2024/10/26,2024年10月19日 15:36
韓国 10月27日,韓国,アップロード済,SUNNYSH (https://app.notion.com/p/08d06c9684c3467ba3373ef7768d2323?pvs=21),米台湾独伊亜急変　韓国を主張拒絶　完全に日本へ,韓国 - 2024-10-27 -,NO,YouTubeチェンネル運営ビジネス (https://app.notion.com/p/86f2d2e9f4074174a2e1898ace238df6?pvs=21),,2024/10/27,2024年10月20日 11:48
中国 10月27日,中国,アップロード済,SUNNYSH (https://app.notion.com/p/08d06c9684c3467ba3373ef7768d2323?pvs=21),まさかありえない　習近平の弱腰外交　尖閣問題和解懇願,中国 - 2024-10-27 -,NO,YouTubeチェンネル運営ビジネス (https://app.notion.com/p/86f2d2e9f4074174a2e1898ace238df6?pvs=21),,2024/10/27,2024年10月20日 14:34
中国 11月04日,中国,アップロード済,SUNNYSH (https://app.notion.com/p/08d06c9684c3467ba3373ef7768d2323?pvs=21),ついにメディアが　中国全土激震事故　隠蔽ムリ航空崩壊　,中国 - 2024-11-04 -,NO,YouTubeチェンネル運営ビジネス (https://app.notion.com/p/86f2d2e9f4074174a2e1898ace238df6?pvs=21),,2024/11/04,2024年10月20日 17:26
無になる,Mc茶会,,SUNNYSH (https://app.notion.com/p/08d06c9684c3467ba3373ef7768d2323?pvs=21),,Mc茶会 - 2025-03-21 -,,YouTubeチェンネル運営ビジネス (https://app.notion.com/p/86f2d2e9f4074174a2e1898ace238df6?pvs=21),,2025/03/21,2024年10月21日 1:07
中国 10月28日,中国,アップロード済,SUNNYSH (https://app.notion.com/p/08d06c9684c3467ba3373ef7768d2323?pvs=21),中国民が限界激怒　国が崩壊した結果　民に襲われ地獄絵,中国 - 2024-10-28 -,NO,YouTubeチェンネル運営ビジネス (https://app.notion.com/p/86f2d2e9f4074174a2e1898ace238df6?pvs=21),,2024/10/28,2024年10月22日 15:07
中国 10月29日,中国,アップロード済,SUNNYSH (https://app.notion.com/p/08d06c9684c3467ba3373ef7768d2323?pvs=21),中国極貧もう限界　農家激怒乱射地獄　ヒト科害獣を撃退,中国 - 2024-10-29 -,NO,YouTubeチェンネル運営ビジネス (https://app.notion.com/p/86f2d2e9f4074174a2e1898ace238df6?pvs=21),,2024/10/29,2024年10月22日 15:51
韓国 10月28日,韓国,アップロード済,SUNNYSH (https://app.notion.com/p/08d06c9684c3467ba3373ef7768d2323?pvs=21),ついに契約破棄　韓国企業連鎖倒産　もう日本へ来るな,韓国 - 2024-10-28 -,NO,YouTubeチェンネル運営ビジネス (https://app.notion.com/p/86f2d2e9f4074174a2e1898ace238df6?pvs=21),,2024/10/28,2024年10月22日 16:17
韓国 10月29日,韓国,アップロード済,SUNNYSH (https://app.notion.com/p/08d06c9684c3467ba3373ef7768d2323?pvs=21),韓国銀行が暴露　ここからが地獄　日本銀行大笑い,韓国 - 2024-10-29 -,NO,YouTubeチェンネル運営ビジネス (https://app.notion.com/p/86f2d2e9f4074174a2e1898ace238df6?pvs=21),,2024/10/29,2024年10月23日 12:44
韓国 10月30日,韓国,アップロード済,SUNNYSH (https://app.notion.com/p/08d06c9684c3467ba3373ef7768d2323?pvs=21),韓国の計画大失敗　国連が完全拒否　事実知り韓民屈辱,韓国 - 2024-10-30 -,NO,YouTubeチェンネル運営ビジネス (https://app.notion.com/p/86f2d2e9f4074174a2e1898ace238df6?pvs=21),,2024/10/30,2024年10月23日 14:03
中国 10月30日,中国,アップロード済,SUNNYSH (https://app.notion.com/p/08d06c9684c3467ba3373ef7768d2323?pvs=21),中国異変が　極貧緊急SOS　危険食料をまさか,中国 - 2024-10-30 -,NO,YouTubeチェンネル運営ビジネス (https://app.notion.com/p/86f2d2e9f4074174a2e1898ace238df6?pvs=21),,2024/10/30,2024年10月23日 15:28
韓国 10月31日,韓国,アップロード済,SUNNYSH (https://app.notion.com/p/08d06c9684c3467ba3373ef7768d2323?pvs=21),欧州激怒外交無礼　韓国民事実に絶句　まさか違約金が,韓国 - 2024-10-31 -,NO,YouTubeチェンネル運営ビジネス (https://app.notion.com/p/86f2d2e9f4074174a2e1898ace238df6?pvs=21),,2024/10/31,2024年10月25日 14:04
中国 10月31日,中国,アップロード済,SUNNYSH (https://app.notion.com/p/08d06c9684c3467ba3373ef7768d2323?pvs=21),遂に車産業壊滅へ　中国事実認め　世界が日本へ,中国 - 2024-10-31 -,NO,YouTubeチェンネル運営ビジネス (https://app.notion.com/p/86f2d2e9f4074174a2e1898ace238df6?pvs=21),,2024/10/31,2024年10月25日 14:33
中国 11月01日,中国,アップロード済,SUNNYSH (https://app.notion.com/p/08d06c9684c3467ba3373ef7768d2323?pvs=21),リチウム掘れない　習近平ブチギレ　中国経済どん底に　,中国 - 2024-11-01 -,NO,YouTubeチェンネル運営ビジネス (https://app.notion.com/p/86f2d2e9f4074174a2e1898ace238df6?pvs=21),,2024/11/01,2024年10月25日 16:30
韓国 11月08日,韓国,アップロード済,SUNNYSH (https://app.notion.com/p/08d06c9684c3467ba3373ef7768d2323?pvs=21),日本に謝れ　裁判教授正直発表　韓国民大混乱,韓国 - 2024-11-08 -,NO,YouTubeチェンネル運営ビジネス (https://app.notion.com/p/86f2d2e9f4074174a2e1898ace238df6?pvs=21),,2024/11/08,2024年10月26日 12:54
韓国 11月02日,韓国,アップロード済,SUNNYSH (https://app.notion.com/p/08d06c9684c3467ba3373ef7768d2323?pvs=21),実は報道通りです　韓国国連で恥晒す　日本民大笑い,韓国 - 2024-11-02 -,NO,YouTubeチェンネル運営ビジネス (https://app.notion.com/p/86f2d2e9f4074174a2e1898ace238df6?pvs=21),,2024/11/02,2024年10月26日 14:19
中国 11月02日,中国,アップロード済,SUNNYSH (https://app.notion.com/p/08d06c9684c3467ba3373ef7768d2323?pvs=21),独印共闘一斉拒否　中国限界パニック　事実知り中民屈辱,中国 - 2024-11-02 -,NO,YouTubeチェンネル運営ビジネス (https://app.notion.com/p/86f2d2e9f4074174a2e1898ace238df6?pvs=21),,2024/11/02,2024年10月26日 15:47
韓国 11月03日,韓国,アップロード済,SUNNYSH (https://app.notion.com/p/08d06c9684c3467ba3373ef7768d2323?pvs=21),韓国極貧記録更新　日本報道できない　リアルな破産状況,韓国 - 2024-11-03 -,NO,YouTubeチェンネル運営ビジネス (https://app.notion.com/p/86f2d2e9f4074174a2e1898ace238df6?pvs=21),,2024/11/03,2024年10月27日 13:54
韓国 11月04日,韓国,アップロード済,SUNNYSH (https://app.notion.com/p/08d06c9684c3467ba3373ef7768d2323?pvs=21),泣きつく！　韓国ド苦戦恥晒し　日本世界称賛独占,韓国 - 2024-11-04 -,NO,YouTubeチェンネル運営ビジネス (https://app.notion.com/p/86f2d2e9f4074174a2e1898ace238df6?pvs=21),,2024/11/04,2024年10月27日 14:22
中国 11月03日,中国,アップロード済,SUNNYSH (https://app.notion.com/p/08d06c9684c3467ba3373ef7768d2323?pvs=21),ドイツ政府の作戦　ここからが地獄　中国は終わる,中国 - 2024-11-03 -,NO,YouTubeチェンネル運営ビジネス (https://app.notion.com/p/86f2d2e9f4074174a2e1898ace238df6?pvs=21),,2024/11/03,2024年10月27日 15:25
謙虚になる,Mc茶会,,SUNNYSH (https://app.notion.com/p/08d06c9684c3467ba3373ef7768d2323?pvs=21),,Mc茶会 - 2024-11-04 -,,YouTubeチェンネル運営ビジネス (https://app.notion.com/p/86f2d2e9f4074174a2e1898ace238df6?pvs=21),,2024/11/04,2024年10月27日 23:45
中国 11月23日,中国,アップロード済,SUNNYSH (https://app.notion.com/p/08d06c9684c3467ba3373ef7768d2323?pvs=21),中国・・・許さん　まさか台湾へ　世界各地続々拒絶,中国 - 2024-11-23 -,NO,YouTubeチェンネル運営ビジネス (https://app.notion.com/p/86f2d2e9f4074174a2e1898ace238df6?pvs=21),,2024/11/23,2024年10月29日 14:05
中国 11月05日,中国,アップロード済,SUNNYSH (https://app.notion.com/p/08d06c9684c3467ba3373ef7768d2323?pvs=21),哀れな中国へ　国際機関断固拒否　事実知り国民悲鳴,中国 - 2024-11-05 -,NO,YouTubeチェンネル運営ビジネス (https://app.notion.com/p/86f2d2e9f4074174a2e1898ace238df6?pvs=21),,2024/11/05,2024年10月29日 14:47
韓国 11月05日,韓国,アップロード済,SUNNYSH (https://app.notion.com/p/08d06c9684c3467ba3373ef7768d2323?pvs=21),韓国腰抜かす　国際報道発表　日本の圧倒的強さ,韓国 - 2024-11-05 -,NO,YouTubeチェンネル運営ビジネス (https://app.notion.com/p/86f2d2e9f4074174a2e1898ace238df6?pvs=21),,2024/11/05,2024年10月29日 16:00
韓国 11月06日,韓国,アップロード済,SUNNYSH (https://app.notion.com/p/08d06c9684c3467ba3373ef7768d2323?pvs=21),無礼者は去れ　残念な逮捕で　ビビる韓国政府,韓国 - 2024-11-06 -,NO,YouTubeチェンネル運営ビジネス (https://app.notion.com/p/86f2d2e9f4074174a2e1898ace238df6?pvs=21),,2024/11/06,2024年10月30日 13:26
中国 11月07日,中国,アップロード済,SUNNYSH (https://app.notion.com/p/08d06c9684c3467ba3373ef7768d2323?pvs=21),豪国民激怒し　中国人号泣謝罪　極悪非道へ終身刑,中国 - 2024-11-07 -,NO,YouTubeチェンネル運営ビジネス (https://app.notion.com/p/86f2d2e9f4074174a2e1898ace238df6?pvs=21),,2024/11/07,2024年10月30日 15:15
中国 11月06日,中国,アップロード済,SUNNYSH (https://app.notion.com/p/08d06c9684c3467ba3373ef7768d2323?pvs=21),ついに始まった　資金流出39兆円　中国政府大発狂,中国 - 2024-11-06 -,NO,YouTubeチェンネル運営ビジネス (https://app.notion.com/p/86f2d2e9f4074174a2e1898ace238df6?pvs=21),,2024/11/06,2024年10月30日 15:15
韓国 11月16日,韓国,アップロード済,SUNNYSH (https://app.notion.com/p/08d06c9684c3467ba3373ef7768d2323?pvs=21),韓国空前の大停電　理解不能の凡ミス　凍える民地獄絵図,韓国 - 2024-11-16 -,NO,YouTubeチェンネル運営ビジネス (https://app.notion.com/p/86f2d2e9f4074174a2e1898ace238df6?pvs=21),,2024/11/16,2024年11月1日 15:22
韓国 11月07日,韓国,アップロード済,SUNNYSH (https://app.notion.com/p/08d06c9684c3467ba3373ef7768d2323?pvs=21),韓国民全員勘違い　重要資源壊滅状態　日本どうか助けて,韓国 - 2024-11-07 -,NO,YouTubeチェンネル運営ビジネス (https://app.notion.com/p/86f2d2e9f4074174a2e1898ace238df6?pvs=21),,2024/11/07,2024年11月1日 15:22
中国 11月08日,中国,アップロード済,SUNNYSH (https://app.notion.com/p/08d06c9684c3467ba3373ef7768d2323?pvs=21),中国ついに不渡り　医療破綻閉鎖で　国民が犠牲に,中国 - 2024-11-08 -,NO,YouTubeチェンネル運営ビジネス (https://app.notion.com/p/86f2d2e9f4074174a2e1898ace238df6?pvs=21),,2024/11/08,2024年11月1日 16:40
ジャッジをしない。ポジネガに振られいない。,Mc茶会,,SUNNYSH (https://app.notion.com/p/08d06c9684c3467ba3373ef7768d2323?pvs=21),,Mc茶会 - 2024-10-07 -,,YouTubeチェンネル運営ビジネス (https://app.notion.com/p/86f2d2e9f4074174a2e1898ace238df6?pvs=21),,2024/10/07,2024年11月2日 9:32
中国 11月10日,中国,アップロード済,SUNNYSH (https://app.notion.com/p/08d06c9684c3467ba3373ef7768d2323?pvs=21),台風20号襲来で　中国海南沈み地獄　水没屋根上生活,中国 - 2024-11-10 -,NO,YouTubeチェンネル運営ビジネス (https://app.notion.com/p/86f2d2e9f4074174a2e1898ace238df6?pvs=21),,2024/11/10,2024年11月2日 12:47
中国 11月09日,中国,アップロード済,SUNNYSH (https://app.notion.com/p/08d06c9684c3467ba3373ef7768d2323?pvs=21),どうか助けて　契約破棄怖い中国　必死の懇願,中国 - 2024-11-09 -,NO,YouTubeチェンネル運営ビジネス (https://app.notion.com/p/86f2d2e9f4074174a2e1898ace238df6?pvs=21),,2024/11/09,2024年11月2日 12:47
中国 11月11日,中国,アップロード済,SUNNYSH (https://app.notion.com/p/08d06c9684c3467ba3373ef7768d2323?pvs=21),極貧すぎ駅が壊滅　中国事実認め　国民大パニック,中国 - 2024-11-11 -,NO,YouTubeチェンネル運営ビジネス (https://app.notion.com/p/86f2d2e9f4074174a2e1898ace238df6?pvs=21),,2024/11/11,2024年11月2日 17:10
韓国 11月09日,韓国,アップロード済,SUNNYSH (https://app.notion.com/p/08d06c9684c3467ba3373ef7768d2323?pvs=21),反日女優追放へ　韓国で愚かさ公開　日本民激怒の審判,韓国 - 2024-11-09 -,NO,YouTubeチェンネル運営ビジネス (https://app.notion.com/p/86f2d2e9f4074174a2e1898ace238df6?pvs=21),,2024/11/09,2024年11月3日 13:19
韓国 11月10日,韓国,アップロード済,SUNNYSH (https://app.notion.com/p/08d06c9684c3467ba3373ef7768d2323?pvs=21),韓国既に手遅れ　国連で批判の嵐　遂に日本が明確に　,韓国 - 2024-11-10 -,NO,YouTubeチェンネル運営ビジネス (https://app.notion.com/p/86f2d2e9f4074174a2e1898ace238df6?pvs=21),,2024/11/10,2024年11月3日 13:52
韓国 11月13日,韓国,アップロード済,SUNNYSH (https://app.notion.com/p/08d06c9684c3467ba3373ef7768d2323?pvs=21),韓国民激怒の中　まさか反日教授が　驚愕措置出国禁止　,韓国 - 2024-11-13 -,NO,YouTubeチェンネル運営ビジネス (https://app.notion.com/p/86f2d2e9f4074174a2e1898ace238df6?pvs=21),,2024/11/13,2024年11月3日 15:07
韓国 11月12日,韓国,アップロード済,SUNNYSH (https://app.notion.com/p/08d06c9684c3467ba3373ef7768d2323?pvs=21),韓国非常事態　不安的中　経済崩壊へ,韓国 - 2024-11-12 -,NO,YouTubeチェンネル運営ビジネス (https://app.notion.com/p/86f2d2e9f4074174a2e1898ace238df6?pvs=21),,2024/11/12,2024年11月5日 14:13
韓国 11月11日,韓国,アップロード済,SUNNYSH (https://app.notion.com/p/08d06c9684c3467ba3373ef7768d2323?pvs=21),韓国異変が　極貧緊急SOS　日本完全無視,韓国 - 2024-11-11 -,NO,YouTubeチェンネル運営ビジネス (https://app.notion.com/p/86f2d2e9f4074174a2e1898ace238df6?pvs=21),,2024/11/11,2024年11月5日 14:13
中国 11月12日,中国,アップロード済,SUNNYSH (https://app.notion.com/p/08d06c9684c3467ba3373ef7768d2323?pvs=21),端英米独国まさか　契約解除の理由に　中国政府騒然,中国 - 2024-11-12 -,NO,YouTubeチェンネル運営ビジネス (https://app.notion.com/p/86f2d2e9f4074174a2e1898ace238df6?pvs=21),,2024/11/12,2024年11月5日 15:30
韓国 11月14日,韓国,アップロード済,SUNNYSH (https://app.notion.com/p/08d06c9684c3467ba3373ef7768d2323?pvs=21),国際連盟厳重警告　ついに世界へ　韓国号泣謝罪,韓国 - 2024-11-14 -,NO,YouTubeチェンネル運営ビジネス (https://app.notion.com/p/86f2d2e9f4074174a2e1898ace238df6?pvs=21),,2024/11/14,2024年11月6日 12:27
中国 11月13日,中国,アップロード済,SUNNYSH (https://app.notion.com/p/08d06c9684c3467ba3373ef7768d2323?pvs=21),ミャンマー激怒　中国の大誤算　内部崩壊パニック,中国 - 2024-11-13 -,NO,YouTubeチェンネル運営ビジネス (https://app.notion.com/p/86f2d2e9f4074174a2e1898ace238df6?pvs=21),,2024/11/13,2024年11月6日 13:52
中国 11月14日,中国,アップロード済,SUNNYSH (https://app.notion.com/p/08d06c9684c3467ba3373ef7768d2323?pvs=21),これが中国のリアル　調査で分かった　衝撃過の自滅経済,中国 - 2024-11-14 -,NO,YouTubeチェンネル運営ビジネス (https://app.notion.com/p/86f2d2e9f4074174a2e1898ace238df6?pvs=21),,2024/11/14,2024年11月6日 15:24
韓国 11月17日,韓国,アップロード済,SUNNYSH (https://app.notion.com/p/08d06c9684c3467ba3373ef7768d2323?pvs=21),国急変お通夜へ　100％暴落決定　日米騒然,韓国 - 2024-11-17 -,NO,YouTubeチェンネル運営ビジネス (https://app.notion.com/p/86f2d2e9f4074174a2e1898ace238df6?pvs=21),,2024/11/17,2024年11月8日 13:34
韓国 11月15日,韓国,アップロード済,SUNNYSH (https://app.notion.com/p/08d06c9684c3467ba3373ef7768d2323?pvs=21),日本我慢の限界　理不尽な反日代償　そして韓国大慌て,韓国 - 2024-11-15 -,NO,YouTubeチェンネル運営ビジネス (https://app.notion.com/p/86f2d2e9f4074174a2e1898ace238df6?pvs=21),,2024/11/15,2024年11月8日 13:34
中国 11月15日,中国,アップロード済,SUNNYSH (https://app.notion.com/p/08d06c9684c3467ba3373ef7768d2323?pvs=21),中国新型貧困地獄　日本報道されない　若者の生々しい声,中国 - 2024-11-15 -,NO,YouTubeチェンネル運営ビジネス (https://app.notion.com/p/86f2d2e9f4074174a2e1898ace238df6?pvs=21),,2024/11/15,2024年11月8日 15:21
韓国 11月19日,韓国,アップロード済,SUNNYSH (https://app.notion.com/p/08d06c9684c3467ba3373ef7768d2323?pvs=21),ついに始まった　日本激怒し逮捕劇　韓国民大発狂,韓国 - 2024-11-19 -,NO,YouTubeチェンネル運営ビジネス (https://app.notion.com/p/86f2d2e9f4074174a2e1898ace238df6?pvs=21),,2024/11/19,2024年11月9日 13:37
中国 11月16日,中国,アップロード済,SUNNYSH (https://app.notion.com/p/08d06c9684c3467ba3373ef7768d2323?pvs=21),哀れ中国あきらめ　表債務、隠れ債務　国際報道発表,中国 - 2024-11-16 -,NO,YouTubeチェンネル運営ビジネス (https://app.notion.com/p/86f2d2e9f4074174a2e1898ace238df6?pvs=21),,2024/11/16,2024年11月9日 13:53
中国 11月17日,中国,アップロード済,SUNNYSH (https://app.notion.com/p/08d06c9684c3467ba3373ef7768d2323?pvs=21),中国急遽緊張へ　日本ビザ免除拒否　衝撃理由パニック,中国 - 2024-11-17 -,NO,YouTubeチェンネル運営ビジネス (https://app.notion.com/p/86f2d2e9f4074174a2e1898ace238df6?pvs=21),,2024/11/17,2024年11月9日 16:09
自愛の重要性,Mc茶会,,SUNNYSH (https://app.notion.com/p/08d06c9684c3467ba3373ef7768d2323?pvs=21),,Mc茶会 - 2024-11-11 -,,YouTubeチェンネル運営ビジネス (https://app.notion.com/p/86f2d2e9f4074174a2e1898ace238df6?pvs=21),,2024/11/11,2024年11月10日 1:30
韓国 11月18日,韓国,アップロード済,SUNNYSH (https://app.notion.com/p/08d06c9684c3467ba3373ef7768d2323?pvs=21),韓国重大発表　KPOPより日本へ　自ら電撃発表,韓国 - 2024-11-18 -,NO,YouTubeチェンネル運営ビジネス (https://app.notion.com/p/86f2d2e9f4074174a2e1898ace238df6?pvs=21),,2024/11/18,2024年11月10日 13:12
韓国 11月22日,韓国,アップロード済,SUNNYSH (https://app.notion.com/p/08d06c9684c3467ba3373ef7768d2323?pvs=21),実は報道通りです　韓国知らず大慌て　既に日本が制圧済,韓国 - 2024-11-22 -,NO,YouTubeチェンネル運営ビジネス (https://app.notion.com/p/86f2d2e9f4074174a2e1898ace238df6?pvs=21),,2024/11/22,2024年11月10日 13:44
韓国 11月20日,韓国,アップロード済,SUNNYSH (https://app.notion.com/p/08d06c9684c3467ba3373ef7768d2323?pvs=21),いいぞ韓人気作家　韓国は腐ってる　正式暴露,韓国 - 2024-11-20 -,NO,YouTubeチェンネル運営ビジネス (https://app.notion.com/p/86f2d2e9f4074174a2e1898ace238df6?pvs=21),,2024/11/20,2024年11月10日 14:30
中国 11月18日,中国,アップロード済,SUNNYSH (https://app.notion.com/p/08d06c9684c3467ba3373ef7768d2323?pvs=21),ベトナム節発動　あっさり処分　中国希望完全消失,中国 - 2024-11-18 -,NO,YouTubeチェンネル運営ビジネス (https://app.notion.com/p/86f2d2e9f4074174a2e1898ace238df6?pvs=21),,2024/11/18,2024年11月12日 12:48
中国 11月19日,中国,アップロード済,SUNNYSH (https://app.notion.com/p/08d06c9684c3467ba3373ef7768d2323?pvs=21),台湾急遽輸出拒否　次は日本が　中国追い詰める,中国 - 2024-11-19 -,NO,YouTubeチェンネル運営ビジネス (https://app.notion.com/p/86f2d2e9f4074174a2e1898ace238df6?pvs=21),,2024/11/19,2024年11月12日 12:48
中国 11月26日,中国,アップロード済,SUNNYSH (https://app.notion.com/p/08d06c9684c3467ba3373ef7768d2323?pvs=21),日本怒り電撃発表　中国政府大誤算　内部崩壊パニック,中国 - 2024-11-26 -,NO,YouTubeチェンネル運営ビジネス (https://app.notion.com/p/86f2d2e9f4074174a2e1898ace238df6?pvs=21),,2024/11/26,2024年11月12日 12:48
中国 11月20日,中国,アップロード済,SUNNYSH (https://app.notion.com/p/08d06c9684c3467ba3373ef7768d2323?pvs=21),中国慌てて遮断　NHKが世界に　国際緊急発表,中国 - 2024-11-20 -,NO,YouTubeチェンネル運営ビジネス (https://app.notion.com/p/86f2d2e9f4074174a2e1898ace238df6?pvs=21),,2024/11/20,2024年11月13日 13:48
中国 11月21日,中国,アップロード済,SUNNYSH (https://app.notion.com/p/08d06c9684c3467ba3373ef7768d2323?pvs=21),中国離れ急加速　信用できない　ついにインドが,中国 - 2024-11-21 -,NO,YouTubeチェンネル運営ビジネス (https://app.notion.com/p/86f2d2e9f4074174a2e1898ace238df6?pvs=21),,2024/11/21,2024年11月13日 13:48
中国 11月22日,中国,アップロード済,SUNNYSH (https://app.notion.com/p/08d06c9684c3467ba3373ef7768d2323?pvs=21),アメリカ処分決定　愚かな中国標的に　世界まさか一斉に,中国 - 2024-11-22 -,NO,YouTubeチェンネル運営ビジネス (https://app.notion.com/p/86f2d2e9f4074174a2e1898ace238df6?pvs=21),,2024/11/22,2024年11月13日 14:25
韓国 11月21日,韓国,アップロード済,SUNNYSH (https://app.notion.com/p/08d06c9684c3467ba3373ef7768d2323?pvs=21),韓国火災経済打撃　爆破炎上地獄絵図　日本企業見捨てる,韓国 - 2024-11-21 -,NO,YouTubeチェンネル運営ビジネス (https://app.notion.com/p/86f2d2e9f4074174a2e1898ace238df6?pvs=21),,2024/11/21,2024年11月15日 13:25
韓国 11月25日,韓国,アップロード済,SUNNYSH (https://app.notion.com/p/08d06c9684c3467ba3373ef7768d2323?pvs=21),日韓問題　日本が辞退し　韓国大慌て,韓国 - 2024-11-25 -,NO,YouTubeチェンネル運営ビジネス (https://app.notion.com/p/86f2d2e9f4074174a2e1898ace238df6?pvs=21),,2024/11/25,2024年11月15日 13:25
韓国 11月23日,韓国,アップロード済,SUNNYSH (https://app.notion.com/p/08d06c9684c3467ba3373ef7768d2323?pvs=21),韓国態度急変　技術不足倒産多発　日本へSOS,韓国 - 2024-11-23 -,NO,YouTubeチェンネル運営ビジネス (https://app.notion.com/p/86f2d2e9f4074174a2e1898ace238df6?pvs=21),,2024/11/23,2024年11月15日 14:43
韓国 11月24日,韓国,アップロード済,SUNNYSH (https://app.notion.com/p/08d06c9684c3467ba3373ef7768d2323?pvs=21),反日議員が撃沈　衝撃判決の末路に　韓国民大狂乱,韓国 - 2024-11-24 -,NO,YouTubeチェンネル運営ビジネス (https://app.notion.com/p/86f2d2e9f4074174a2e1898ace238df6?pvs=21),,2024/11/24,2024年11月16日 12:58
韓国 11月27日,韓国,アップロード済,SUNNYSH (https://app.notion.com/p/08d06c9684c3467ba3373ef7768d2323?pvs=21),国際報道腹筋崩壊　世界中が共感嵐　韓国事実知り愕然,韓国 - 2024-11-27 -,NO,YouTubeチェンネル運営ビジネス (https://app.notion.com/p/86f2d2e9f4074174a2e1898ace238df6?pvs=21),,2024/11/27,2024年11月16日 12:58
中国 11月24日,中国,アップロード済,SUNNYSH (https://app.notion.com/p/08d06c9684c3467ba3373ef7768d2323?pvs=21),学生数万人が　追い詰められ遂に　中国政府顔面蒼白,中国 - 2024-11-24 -,NO,YouTubeチェンネル運営ビジネス (https://app.notion.com/p/86f2d2e9f4074174a2e1898ace238df6?pvs=21),,2024/11/24,2024年11月16日 14:14
中国 11月28日,中国,アップロード済,SUNNYSH (https://app.notion.com/p/08d06c9684c3467ba3373ef7768d2323?pvs=21),習独裁に異常事態　狂気の無差別○傷　中国のヤバい背景,中国 - 2024-11-28 -,NO,YouTubeチェンネル運営ビジネス (https://app.notion.com/p/86f2d2e9f4074174a2e1898ace238df6?pvs=21),,2024/11/28,2024年11月17日 13:52
中国 11月25日,中国,アップロード済,SUNNYSH (https://app.notion.com/p/08d06c9684c3467ba3373ef7768d2323?pvs=21),中国官民パニック　トランプ再選で　巨額資金が消える,中国 - 2024-11-25 -,NO,YouTubeチェンネル運営ビジネス (https://app.notion.com/p/86f2d2e9f4074174a2e1898ace238df6?pvs=21),,2024/11/25,2024年11月17日 13:52
韓国 11月26日,韓国,アップロード済,SUNNYSH (https://app.notion.com/p/08d06c9684c3467ba3373ef7768d2323?pvs=21),ついに認めた　まさか日本製　韓国へ世界が批判,韓国 - 2024-11-26 -,NO,YouTubeチェンネル運営ビジネス (https://app.notion.com/p/86f2d2e9f4074174a2e1898ace238df6?pvs=21),,2024/11/26,2024年11月17日 15:05
なぜ、自分を好きになることで、運が良くなり幸せになれるか？,Mc茶会,,SUNNYSH (https://app.notion.com/p/08d06c9684c3467ba3373ef7768d2323?pvs=21),,Mc茶会 - 2024-10-14 -,,YouTubeチェンネル運営ビジネス (https://app.notion.com/p/86f2d2e9f4074174a2e1898ace238df6?pvs=21),,2024/10/14,2024年11月17日 16:17
韓国 11月28日,韓国,アップロード済,SUNNYSH (https://app.notion.com/p/08d06c9684c3467ba3373ef7768d2323?pvs=21),韓国ついに不渡り　世界各国で勃発　国民が犠牲に,韓国 - 2024-11-28 -,NO,YouTubeチェンネル運営ビジネス (https://app.notion.com/p/86f2d2e9f4074174a2e1898ace238df6?pvs=21),,2024/11/28,2024年11月19日 13:40
韓国 11月30日,韓国,アップロード済,SUNNYSH (https://app.notion.com/p/08d06c9684c3467ba3373ef7768d2323?pvs=21),文在寅スパイ容疑　韓国全土騒然　さらに国際報道へ,韓国 - 2024-11-30 -,NO,YouTubeチェンネル運営ビジネス (https://app.notion.com/p/86f2d2e9f4074174a2e1898ace238df6?pvs=21),,2024/11/30,2024年11月19日 13:40
中国 11月27日,中国,アップロード済,SUNNYSH (https://app.notion.com/p/08d06c9684c3467ba3373ef7768d2323?pvs=21),中国極貧餓死続出　日本報道されない　若者の生々しい声,中国 - 2024-11-27 -,NO,YouTubeチェンネル運営ビジネス (https://app.notion.com/p/86f2d2e9f4074174a2e1898ace238df6?pvs=21),,2024/11/27,2024年11月19日 14:44
中国 11月29日,中国,アップロード済,SUNNYSH (https://app.notion.com/p/08d06c9684c3467ba3373ef7768d2323?pvs=21),驚愕公共重大事故　倒壊崩落地獄絵図　中国恐ろしい実態,中国 - 2024-11-29 -,NO,YouTubeチェンネル運営ビジネス (https://app.notion.com/p/86f2d2e9f4074174a2e1898ace238df6?pvs=21),,2024/11/29,2024年11月19日 14:44
韓国 12月02日,韓国,アップロード済,SUNNYSH (https://app.notion.com/p/08d06c9684c3467ba3373ef7768d2323?pvs=21),泡食う韓国赤っ恥　英BBC国際報道　まさに生き地獄,韓国 - 2024-12-02 -,NO,YouTubeチェンネル運営ビジネス (https://app.notion.com/p/86f2d2e9f4074174a2e1898ace238df6?pvs=21),,2024/12/02,2024年11月20日 13:58
韓国 11月29日,韓国,アップロード済,SUNNYSH (https://app.notion.com/p/08d06c9684c3467ba3373ef7768d2323?pvs=21),報道は事実です　韓国経済の終焉　遂に事実を認める,韓国 - 2024-11-29 -,NO,YouTubeチェンネル運営ビジネス (https://app.notion.com/p/86f2d2e9f4074174a2e1898ace238df6?pvs=21),,2024/11/29,2024年11月20日 13:58
日本 12月03,日本・その他のニュース,アップロード済,SUNNYSH (https://app.notion.com/p/08d06c9684c3467ba3373ef7768d2323?pvs=21),トヨタに謝れ　ボルボ闇を暴露　欧州大混乱,日本・その他のニュース - 2024-12-03 -,NO,YouTubeチェンネル運営ビジネス (https://app.notion.com/p/86f2d2e9f4074174a2e1898ace238df6?pvs=21),,2024/12/03,2024年11月22日 12:58
中国 12月01日,中国,アップロード済,SUNNYSH (https://app.notion.com/p/08d06c9684c3467ba3373ef7768d2323?pvs=21),丁独瑞国が急変　C国限界パニック　まさか日本へ,中国 - 2024-12-01 -,NO,YouTubeチェンネル運営ビジネス (https://app.notion.com/p/86f2d2e9f4074174a2e1898ace238df6?pvs=21),,2024/12/01,2024年11月22日 14:09
中国 12月02日,中国,アップロード済,SUNNYSH (https://app.notion.com/p/08d06c9684c3467ba3373ef7768d2323?pvs=21),日本緊急逮捕へ！　日中関係も崩壊　さらばC国,中国 - 2024-12-02 -,NO,YouTubeチェンネル運営ビジネス (https://app.notion.com/p/86f2d2e9f4074174a2e1898ace238df6?pvs=21),,2024/12/02,2024年11月22日 14:44
中国 12月05日,中国,アップロード済,SUNNYSH (https://app.notion.com/p/08d06c9684c3467ba3373ef7768d2323?pvs=21),日本まさかの怒号　C国帰れ大恥晒す　世界が一斉拒否,中国 - 2024-12-05 -,NO,YouTubeチェンネル運営ビジネス (https://app.notion.com/p/86f2d2e9f4074174a2e1898ace238df6?pvs=21),,2024/12/05,2024年11月22日 14:44
韓国 12月22日_2,韓国,アップロード済,SUNNYSH (https://app.notion.com/p/08d06c9684c3467ba3373ef7768d2323?pvs=21),頭大丈夫？韓国　諾国で集団土下座　世界中が絶句,韓国 - 2024-12-22 -,NO,YouTubeチェンネル運営ビジネス (https://app.notion.com/p/86f2d2e9f4074174a2e1898ace238df6?pvs=21),,2024/12/22,2024年11月23日 13:07
韓国 12月29日_1,韓国,アップロード済,SUNNYSH (https://app.notion.com/p/08d06c9684c3467ba3373ef7768d2323?pvs=21),米急変支払拒否し　55兆円の大損害　韓国八方塞がり,韓国 - 2024-12-29 -,NO,YouTubeチェンネル運営ビジネス (https://app.notion.com/p/86f2d2e9f4074174a2e1898ace238df6?pvs=21),,2024/12/29,2024年11月23日 13:07
韓国 12月03日,韓国,アップロード済,SUNNYSH (https://app.notion.com/p/08d06c9684c3467ba3373ef7768d2323?pvs=21),ビザ免除政策崩壊　韓国旅客パニック　次々強制帰国へ,韓国 - 2024-12-03 -,NO,YouTubeチェンネル運営ビジネス (https://app.notion.com/p/86f2d2e9f4074174a2e1898ace238df6?pvs=21),,2024/12/03,2024年11月24日 12:25
韓国 12月14日_1,韓国,アップロード済,SUNNYSH (https://app.notion.com/p/08d06c9684c3467ba3373ef7768d2323?pvs=21),韓国異常が　緊急SOS　もう手遅れ,韓国 - 2024-12-14 -,NO,YouTubeチェンネル運営ビジネス (https://app.notion.com/p/86f2d2e9f4074174a2e1898ace238df6?pvs=21),,2024/12/14,2024年11月24日 12:25
トルコ 12月05日,日本・その他のニュース,アップロード済,SUNNYSH (https://app.notion.com/p/08d06c9684c3467ba3373ef7768d2323?pvs=21),許さん日本に謝れ　親日トルコの決断　クルド人大発狂　,日本・その他のニュース - 2024-12-05 -,NO,YouTubeチェンネル運営ビジネス (https://app.notion.com/p/86f2d2e9f4074174a2e1898ace238df6?pvs=21),,2024/12/05,2024年11月24日 14:07
仮想現実は自分自身,Mc茶会,,SUNNYSH (https://app.notion.com/p/08d06c9684c3467ba3373ef7768d2323?pvs=21),,Mc茶会 - 2024-11-18 -,,YouTubeチェンネル運営ビジネス (https://app.notion.com/p/86f2d2e9f4074174a2e1898ace238df6?pvs=21),,2024/11/18,2024年11月24日 15:57
韓国 11月30日,日本・その他のニュース,アップロード済,SUNNYSH (https://app.notion.com/p/08d06c9684c3467ba3373ef7768d2323?pvs=21),いいぞ立花節発動　反日TV局告発へ　日本民意の鉄槌,日本・その他のニュース - 2024-11-30 -,NO,YouTubeチェンネル運営ビジネス (https://app.notion.com/p/86f2d2e9f4074174a2e1898ace238df6?pvs=21),,2024/11/30,2024年11月26日 12:53
韓国 12月26日_2,韓国,アップロード済,SUNNYSH (https://app.notion.com/p/08d06c9684c3467ba3373ef7768d2323?pvs=21),裏切りバレ大混乱　韓国緊急SOS　完全に日本が　,韓国 - 2024-12-26 -,NO,YouTubeチェンネル運営ビジネス (https://app.notion.com/p/86f2d2e9f4074174a2e1898ace238df6?pvs=21),,2024/12/26,2024年11月26日 12:53
韓国 12月07日,韓国,アップロード済,SUNNYSH (https://app.notion.com/p/08d06c9684c3467ba3373ef7768d2323?pvs=21),何て物残したんだ　文の置き土産爆発　韓国消滅への一歩,韓国 - 2024-12-07 -,NO,YouTubeチェンネル運営ビジネス (https://app.notion.com/p/86f2d2e9f4074174a2e1898ace238df6?pvs=21),,2024/12/07,2024年11月26日 13:21
日本 12月06日,日本・その他のニュース,アップロード済,SUNNYSH (https://app.notion.com/p/08d06c9684c3467ba3373ef7768d2323?pvs=21),世界から批判殺到　反日大臣追放へ　日本民怒りの審判,日本・その他のニュース - 2024-12-06 -,NO,YouTubeチェンネル運営ビジネス (https://app.notion.com/p/86f2d2e9f4074174a2e1898ace238df6?pvs=21),,2024/12/06,2024年11月27日 12:53
日本 12月31日_1,日本・その他のニュース,アップロード済,SUNNYSH (https://app.notion.com/p/08d06c9684c3467ba3373ef7768d2323?pvs=21),実は報道通りです　タイ急変に世界が　既に日本が制圧済,日本・その他のニュース - 2024-12-31 -,NO,YouTubeチェンネル運営ビジネス (https://app.notion.com/p/86f2d2e9f4074174a2e1898ace238df6?pvs=21),,2024/12/31,2024年11月27日 15:46
韓国 12月01日,韓国,アップロード済,SUNNYSH (https://app.notion.com/p/08d06c9684c3467ba3373ef7768d2323?pvs=21),メンツ潰れ総撤退　韓国完全に　空虚の国へ,韓国 - 2024-12-01 -,NO,YouTubeチェンネル運営ビジネス (https://app.notion.com/p/86f2d2e9f4074174a2e1898ace238df6?pvs=21),,2024/12/01,2024年11月27日 17:44
日本 12月09日,日本・その他のニュース,アップロード済,SUNNYSH (https://app.notion.com/p/08d06c9684c3467ba3373ef7768d2323?pvs=21),いいぞ河村たかし　反日省庁追放へ　事実に日本民騒然　,日本・その他のニュース - 2024-12-09 -,NO,YouTubeチェンネル運営ビジネス (https://app.notion.com/p/86f2d2e9f4074174a2e1898ace238df6?pvs=21),,2024/12/09,2024年11月29日 13:02
日本 12月12日,日本・その他のニュース,アップロード済,SUNNYSH (https://app.notion.com/p/08d06c9684c3467ba3373ef7768d2323?pvs=21),いいぞ日本！　怪物の反撃姿勢に　世界必死の抵抗,日本・その他のニュース - 2024-12-12 -,NO,YouTubeチェンネル運営ビジネス (https://app.notion.com/p/86f2d2e9f4074174a2e1898ace238df6?pvs=21),,2024/12/12,2024年11月29日 14:28
韓国 12月19日,韓国,アップロード済,SUNNYSH (https://app.notion.com/p/08d06c9684c3467ba3373ef7768d2323?pvs=21),有経営者崩壊警告　韓国全土絶望へ　やはり日本が,韓国 - 2024-12-19 -,NO,YouTubeチェンネル運営ビジネス (https://app.notion.com/p/86f2d2e9f4074174a2e1898ace238df6?pvs=21),,2024/12/19,2024年11月29日 14:57
韓国 12月11日_1,韓国,アップロード済,SUNNYSH (https://app.notion.com/p/08d06c9684c3467ba3373ef7768d2323?pvs=21),お金が無い　韓国返済できず　ついに世界から,韓国 - 2024-12-11 -,NO,YouTubeチェンネル運営ビジネス (https://app.notion.com/p/86f2d2e9f4074174a2e1898ace238df6?pvs=21),,2024/12/11,2024年11月30日 13:29
韓国 12月28日_2,韓国,アップロード済,SUNNYSH (https://app.notion.com/p/08d06c9684c3467ba3373ef7768d2323?pvs=21),ついに認めた韓国　韓製はだめだった　事実知り国民衝撃,韓国 - 2024-12-28 -,NO,YouTubeチェンネル運営ビジネス (https://app.notion.com/p/86f2d2e9f4074174a2e1898ace238df6?pvs=21),,2024/12/28,2024年11月30日 13:29
韓国 12月10日,韓国,アップロード済,SUNNYSH (https://app.notion.com/p/08d06c9684c3467ba3373ef7768d2323?pvs=21),日本共同通信暴露　韓国事実認め　国民大パニック,韓国 - 2024-12-10 -,NO,YouTubeチェンネル運営ビジネス (https://app.notion.com/p/86f2d2e9f4074174a2e1898ace238df6?pvs=21),,2024/12/10,2024年12月1日 12:54
韓国 12月11日_2,韓国,アップロード済,SUNNYSH (https://app.notion.com/p/08d06c9684c3467ba3373ef7768d2323?pvs=21),泣きつく韓国　世界退場　日本は完全無視,韓国 - 2024-12-11 -,NO,YouTubeチェンネル運営ビジネス (https://app.notion.com/p/86f2d2e9f4074174a2e1898ace238df6?pvs=21),,2024/12/11,2024年12月1日 12:54
韓国 12月13日_1,韓国,アップロード済,SUNNYSH (https://app.notion.com/p/08d06c9684c3467ba3373ef7768d2323?pvs=21),韓国非常事態　デフォルト域超え　日本民騒然,韓国 - 2024-12-13 -,NO,YouTubeチェンネル運営ビジネス (https://app.notion.com/p/86f2d2e9f4074174a2e1898ace238df6?pvs=21),,2024/12/13,2024年12月1日 12:54
韓国 12月12日,韓国,アップロード済,SUNNYSH (https://app.notion.com/p/08d06c9684c3467ba3373ef7768d2323?pvs=21),まさかベトナムが　あっさり処刑　韓国号泣謝罪,韓国 - 2024-12-12 -,NO,YouTubeチェンネル運営ビジネス (https://app.notion.com/p/86f2d2e9f4074174a2e1898ace238df6?pvs=21),,2024/12/12,2024年12月1日 15:00
韓国 12月06日,韓国,アップロード済,SUNNYSH (https://app.notion.com/p/08d06c9684c3467ba3373ef7768d2323?pvs=21),まさか韓国禁じ手　ユン弾劾SOS　世界に恥晒す,韓国 - 2024-12-06 -,NO,YouTubeチェンネル運営ビジネス (https://app.notion.com/p/86f2d2e9f4074174a2e1898ace238df6?pvs=21),,2024/12/06,2024年12月1日 15:11
韓国 12月22日_3,日本・その他のニュース,アップロード済,SUNNYSH (https://app.notion.com/p/08d06c9684c3467ba3373ef7768d2323?pvs=21),親韓反日社許さん　日本民怒りの審判　まさかの事態に,日本・その他のニュース - 2024-12-22 -,NO,YouTubeチェンネル運営ビジネス (https://app.notion.com/p/86f2d2e9f4074174a2e1898ace238df6?pvs=21),,2024/12/22,2024年12月3日 13:07
韓国 12月21日_2,韓国,アップロード済,SUNNYSH (https://app.notion.com/p/08d06c9684c3467ba3373ef7768d2323?pvs=21),産経新聞鋭い正論　韓国反日教授追放　日本政府ついに,韓国 - 2024-12-21 -,NO,YouTubeチェンネル運営ビジネス (https://app.notion.com/p/86f2d2e9f4074174a2e1898ace238df6?pvs=21),,2024/12/21,2024年12月3日 13:59
韓国 12月04日,韓国,アップロード済,SUNNYSH (https://app.notion.com/p/08d06c9684c3467ba3373ef7768d2323?pvs=21),ユン大統領　大ピンチ　韓国ひっくり返る,韓国 - 2024-12-04 -,NO,YouTubeチェンネル運営ビジネス (https://app.notion.com/p/86f2d2e9f4074174a2e1898ace238df6?pvs=21),,2024/12/04,2024年12月4日 13:57
韓国 12月14日_2,韓国,アップロード済,SUNNYSH (https://app.notion.com/p/08d06c9684c3467ba3373ef7768d2323?pvs=21),韓国泣きつく　米国断固拒否　世界完全に日本へ,韓国 - 2024-12-14 -,NO,YouTubeチェンネル運営ビジネス (https://app.notion.com/p/86f2d2e9f4074174a2e1898ace238df6?pvs=21),,2024/12/14,2024年12月4日 13:57
韓国 12月24日_1,韓国,アップロード済,SUNNYSH (https://app.notion.com/p/08d06c9684c3467ba3373ef7768d2323?pvs=21),世界相次ぐ拒否に　韓国完全に　空虚の国へ,韓国 - 2024-12-24 -,NO,YouTubeチェンネル運営ビジネス (https://app.notion.com/p/86f2d2e9f4074174a2e1898ace238df6?pvs=21),,2024/12/24,2024年12月4日 13:57
韓国 12月08日,韓国,アップロード済,SUNNYSH (https://app.notion.com/p/08d06c9684c3467ba3373ef7768d2323?pvs=21),哀れな韓国へ　米長官突如拒否　事実知り韓民屈辱,韓国 - 2024-12-08 -,NO,YouTubeチェンネル運営ビジネス (https://app.notion.com/p/86f2d2e9f4074174a2e1898ace238df6?pvs=21),,2024/12/08,2024年12月6日 13:30
韓国 12月07日,韓国,アップロード済,SUNNYSH (https://app.notion.com/p/08d06c9684c3467ba3373ef7768d2323?pvs=21),哀れな韓国へ　世界が隔離開始　遂に国際報道で,韓国 - 2024-12-07 -,NO,YouTubeチェンネル運営ビジネス (https://app.notion.com/p/86f2d2e9f4074174a2e1898ace238df6?pvs=21),,2024/12/07,2024年12月6日 13:41
韓国 12月16日_1,韓国,アップロード済,SUNNYSH (https://app.notion.com/p/08d06c9684c3467ba3373ef7768d2323?pvs=21),日本に謝れ　最高裁で完全敗訴　韓国世界に恥晒す,韓国 - 2024-12-16 -,NO,YouTubeチェンネル運営ビジネス (https://app.notion.com/p/86f2d2e9f4074174a2e1898ace238df6?pvs=21),,2024/12/16,2024年12月6日 13:41
韓国 12月08日,韓国,アップロード済,SUNNYSH (https://app.notion.com/p/08d06c9684c3467ba3373ef7768d2323?pvs=21),尹錫悦大統領退任　まさか李在明が　韓国国家消滅へ,韓国 - 2024-12-08 -,NO,YouTubeチェンネル運営ビジネス (https://app.notion.com/p/86f2d2e9f4074174a2e1898ace238df6?pvs=21),,2024/12/08,2024年12月7日 12:30
韓国 12月17日_1,韓国,アップロード済,SUNNYSH (https://app.notion.com/p/08d06c9684c3467ba3373ef7768d2323?pvs=21),韓国大ピンチ　債務違反確定　ついに世界から,韓国 - 2024-12-17 -,NO,YouTubeチェンネル運営ビジネス (https://app.notion.com/p/86f2d2e9f4074174a2e1898ace238df6?pvs=21),,2024/12/17,2024年12月7日 13:42
韓国 12月17日_2,韓国,アップロード済,SUNNYSH (https://app.notion.com/p/08d06c9684c3467ba3373ef7768d2323?pvs=21),日本民我慢の限界　炎上反日局へ喝！　そして韓国大慌て,韓国 - 2024-12-17 -,NO,YouTubeチェンネル運営ビジネス (https://app.notion.com/p/86f2d2e9f4074174a2e1898ace238df6?pvs=21),,2024/12/17,2024年12月7日 14:03
韓国 12月18日_1,韓国,アップロード済,SUNNYSH (https://app.notion.com/p/08d06c9684c3467ba3373ef7768d2323?pvs=21),韓国極貧重大発表　日本報道できない　リアルな経済壊滅,韓国 - 2024-12-18 -,NO,YouTubeチェンネル運営ビジネス (https://app.notion.com/p/86f2d2e9f4074174a2e1898ace238df6?pvs=21),,2024/12/18,2024年12月8日 12:35
韓国 12月09日,韓国,アップロード済,SUNNYSH (https://app.notion.com/p/08d06c9684c3467ba3373ef7768d2323?pvs=21),ついに緊急逮捕　韓国全土激震　さらに国家崩壊へ,韓国 - 2024-12-09 -,NO,YouTubeチェンネル運営ビジネス (https://app.notion.com/p/86f2d2e9f4074174a2e1898ace238df6?pvs=21),,2024/12/09,2024年12月8日 14:18
韓国 12月10日_1,韓国,アップロード済,SUNNYSH (https://app.notion.com/p/08d06c9684c3467ba3373ef7768d2323?pvs=21),韓国まさか　大統領に禁じ手　世界騒然,韓国 - 2024-12-10 -,NO,YouTubeチェンネル運営ビジネス (https://app.notion.com/p/86f2d2e9f4074174a2e1898ace238df6?pvs=21),,2024/12/10,2024年12月8日 15:35
韓国 12月15日_2,韓国,アップロード済,SUNNYSH (https://app.notion.com/p/08d06c9684c3467ba3373ef7768d2323?pvs=21),ついに始まった　韓国民大発狂　次々逮捕新展開,韓国 - 2024-12-15 -,NO,YouTubeチェンネル運営ビジネス (https://app.notion.com/p/86f2d2e9f4074174a2e1898ace238df6?pvs=21),,2024/12/15,2024年12月10日 14:00
韓国 12月10日_2,韓国,アップロード済,SUNNYSH (https://app.notion.com/p/08d06c9684c3467ba3373ef7768d2323?pvs=21),韓国民騒然　やばい証拠を押収　ユンまさかの逆転,韓国 - 2024-12-10 -,NO,YouTubeチェンネル運営ビジネス (https://app.notion.com/p/86f2d2e9f4074174a2e1898ace238df6?pvs=21),,2024/12/10,2024年12月10日 14:00
韓国 12月20日,韓国,アップロード済,SUNNYSH (https://app.notion.com/p/08d06c9684c3467ba3373ef7768d2323?pvs=21),100％大暴落　韓国緊急日本へ　どうかスワップを,韓国 - 2024-12-20 -,NO,YouTubeチェンネル運営ビジネス (https://app.notion.com/p/86f2d2e9f4074174a2e1898ace238df6?pvs=21),,2024/12/20,2024年12月10日 15:35
韓国 12月21日_1,韓国,アップロード済,SUNNYSH (https://app.notion.com/p/08d06c9684c3467ba3373ef7768d2323?pvs=21),国際的批判殺到　契約破棄怖い韓国　EU中東必死懇願,韓国 - 2024-12-21 -,NO,YouTubeチェンネル運営ビジネス (https://app.notion.com/p/86f2d2e9f4074174a2e1898ace238df6?pvs=21),,2024/12/21,2024年12月11日 12:52
韓国 12月13日_2,韓国,アップロード済,SUNNYSH (https://app.notion.com/p/08d06c9684c3467ba3373ef7768d2323?pvs=21),アメリカ処分決定　震える韓国標的に　世界が一斉罵倒,韓国 - 2024-12-13 -,NO,YouTubeチェンネル運営ビジネス (https://app.notion.com/p/86f2d2e9f4074174a2e1898ace238df6?pvs=21),,2024/12/13,2024年12月11日 12:53
韓国 12月11日,韓国,アップロード済,SUNNYSH (https://app.notion.com/p/08d06c9684c3467ba3373ef7768d2323?pvs=21),反日狂い激動予告　韓国遂に　日本から,韓国 - 2024-12-11 -,NO,YouTubeチェンネル運営ビジネス (https://app.notion.com/p/86f2d2e9f4074174a2e1898ace238df6?pvs=21),,2024/12/11,2024年12月11日 12:53
韓国 12月12日,韓国,アップロード済,SUNNYSH (https://app.notion.com/p/08d06c9684c3467ba3373ef7768d2323?pvs=21),愚かな韓国　国家権力者が内乱　世界で大恥,韓国 - 2024-12-12 -,NO,YouTubeチェンネル運営ビジネス (https://app.notion.com/p/86f2d2e9f4074174a2e1898ace238df6?pvs=21),,2024/12/12,2024年12月11日 12:53
韓国 12月22日_1,韓国,アップロード済,SUNNYSH (https://app.notion.com/p/08d06c9684c3467ba3373ef7768d2323?pvs=21),世界退場　韓国完全に　空虚の国へ,韓国 - 2024-12-22 -,NO,YouTubeチェンネル運営ビジネス (https://app.notion.com/p/86f2d2e9f4074174a2e1898ace238df6?pvs=21),,2024/12/22,2024年12月13日 12:06
韓国 12月14日_3,韓国,アップロード済,SUNNYSH (https://app.notion.com/p/08d06c9684c3467ba3373ef7768d2323?pvs=21),なぜなんだ　前例のない窮地に　ユンが絶句,韓国 - 2024-12-14 -,NO,YouTubeチェンネル運営ビジネス (https://app.notion.com/p/86f2d2e9f4074174a2e1898ace238df6?pvs=21),,2024/12/14,2024年12月13日 12:06
韓国 12月15日_3,韓国,アップロード済,SUNNYSH (https://app.notion.com/p/08d06c9684c3467ba3373ef7768d2323?pvs=21),韓国が完全に終了　弾劾可決で国消滅　日本絶句,韓国 - 2024-12-15 -,NO,YouTubeチェンネル運営ビジネス (https://app.notion.com/p/86f2d2e9f4074174a2e1898ace238df6?pvs=21),,2024/12/15,2024年12月14日 12:26
韓国 12月15日_2,韓国,アップロード済,SUNNYSH (https://app.notion.com/p/08d06c9684c3467ba3373ef7768d2323?pvs=21),韓国腰抜かす　国際報道発表　日本の圧倒的強さ,韓国 - 2024-12-15 -,NO,YouTubeチェンネル運営ビジネス (https://app.notion.com/p/86f2d2e9f4074174a2e1898ace238df6?pvs=21),,2024/12/15,2024年12月14日 12:26
韓国 12月23日_2,韓国,アップロード済,SUNNYSH (https://app.notion.com/p/08d06c9684c3467ba3373ef7768d2323?pvs=21),日本唖然　必至の韓国　態度激変？,韓国 - 2024-12-23 -,NO,YouTubeチェンネル運営ビジネス (https://app.notion.com/p/86f2d2e9f4074174a2e1898ace238df6?pvs=21),,2024/12/23,2024年12月14日 12:27
韓国 12月23日_1,韓国,アップロード済,SUNNYSH (https://app.notion.com/p/08d06c9684c3467ba3373ef7768d2323?pvs=21),遂に韓国最悪事件　日本報道されない　若者の生々しい声,韓国 - 2024-12-23 -,NO,YouTubeチェンネル運営ビジネス (https://app.notion.com/p/86f2d2e9f4074174a2e1898ace238df6?pvs=21),,2024/12/23,2024年12月14日 12:27
韓国 12月27日_2,韓国,アップロード済,SUNNYSH (https://app.notion.com/p/08d06c9684c3467ba3373ef7768d2323?pvs=21),反日KPOP追放　韓国で愚かさ公開　日本民激怒の審判,韓国 - 2024-12-27 -,NO,YouTubeチェンネル運営ビジネス (https://app.notion.com/p/86f2d2e9f4074174a2e1898ace238df6?pvs=21),,2024/12/27,2024年12月14日 13:37
韓国 12月24日_2,韓国,アップロード済,SUNNYSH (https://app.notion.com/p/08d06c9684c3467ba3373ef7768d2323?pvs=21),韓国民大発狂　不安的中　ヤバい機密軍崩壊へ,韓国 - 2024-12-24 -,NO,YouTubeチェンネル運営ビジネス (https://app.notion.com/p/86f2d2e9f4074174a2e1898ace238df6?pvs=21),,2024/12/24,2024年12月15日 12:30
韓国 12月16日_2,韓国,アップロード済,SUNNYSH (https://app.notion.com/p/08d06c9684c3467ba3373ef7768d2323?pvs=21),日米我慢の限界　理不尽な反日代償　愚かな韓国野党へ,韓国 - 2024-12-16 -,NO,YouTubeチェンネル運営ビジネス (https://app.notion.com/p/86f2d2e9f4074174a2e1898ace238df6?pvs=21),,2024/12/16,2024年12月15日 12:31
韓国 12月25日_2,韓国,アップロード済,SUNNYSH (https://app.notion.com/p/08d06c9684c3467ba3373ef7768d2323?pvs=21),韓国民騒然　台湾公式発表　まさか李在明へ,韓国 - 2024-12-25 -,NO,YouTubeチェンネル運営ビジネス (https://app.notion.com/p/86f2d2e9f4074174a2e1898ace238df6?pvs=21),,2024/12/25,2024年12月15日 12:31
韓国 12月26日_1,韓国,アップロード済,SUNNYSH (https://app.notion.com/p/08d06c9684c3467ba3373ef7768d2323?pvs=21),韓国重大発表　あの男の出馬に　ユン混乱世界騒然,韓国 - 2024-12-26 -,NO,YouTubeチェンネル運営ビジネス (https://app.notion.com/p/86f2d2e9f4074174a2e1898ace238df6?pvs=21),,2024/12/26,2024年12月17日 12:33
韓国 12月30日_1,韓国,アップロード済,SUNNYSH (https://app.notion.com/p/08d06c9684c3467ba3373ef7768d2323?pvs=21),日本民の拒絶反応　反日芸人衝撃末路　韓国大屈辱の理由,韓国 - 2024-12-30 -,NO,YouTubeチェンネル運営ビジネス (https://app.notion.com/p/86f2d2e9f4074174a2e1898ace238df6?pvs=21),,2024/12/30,2024年12月17日 12:35
韓国 01月02日_1,韓国,アップロード済,SUNNYSH (https://app.notion.com/p/08d06c9684c3467ba3373ef7768d2323?pvs=21),韓国もう限界　石油壊滅連鎖倒産　笑えない地獄に,韓国 - 2025-01-02 -,NO,YouTubeチェンネル運営ビジネス (https://app.notion.com/p/86f2d2e9f4074174a2e1898ace238df6?pvs=21),,2025/01/02,2024年12月17日 12:35
韓国 12月28日_1,韓国,アップロード済,SUNNYSH (https://app.notion.com/p/08d06c9684c3467ba3373ef7768d2323?pvs=21),反日モデル追放へ　ついに日本民激怒　その決断に米称賛,韓国 - 2024-12-28 -,NO,YouTubeチェンネル運営ビジネス (https://app.notion.com/p/86f2d2e9f4074174a2e1898ace238df6?pvs=21),,2024/12/28,2024年12月17日 12:35
韓国 12月18_速報,韓国,アップロード済,SUNNYSH (https://app.notion.com/p/08d06c9684c3467ba3373ef7768d2323?pvs=21),ユンまさかの行動　韓国検察官大慌て　世界に恥晒す,韓国 - 2024-12-18 -,NO,YouTubeチェンネル運営ビジネス (https://app.notion.com/p/86f2d2e9f4074174a2e1898ace238df6?pvs=21),,2024/12/18,2024年12月17日 15:10
韓国 12月29日_2,韓国,アップロード済,SUNNYSH (https://app.notion.com/p/08d06c9684c3467ba3373ef7768d2323?pvs=21),世界が一斉拒否　韓国もう耐えれん　残念です復帰不能,韓国 - 2024-12-29 -,NO,YouTubeチェンネル運営ビジネス (https://app.notion.com/p/86f2d2e9f4074174a2e1898ace238df6?pvs=21),,2024/12/29,2024年12月18日 13:34
韓国 12月19日_2,韓国,アップロード済,SUNNYSH (https://app.notion.com/p/08d06c9684c3467ba3373ef7768d2323?pvs=21),追放確定！？　韓国すでに　なす術無し,韓国 - 2024-12-19 -,NO,YouTubeチェンネル運営ビジネス (https://app.notion.com/p/86f2d2e9f4074174a2e1898ace238df6?pvs=21),,2024/12/19,2024年12月18日 13:36
韓国 12月20日_2,韓国,アップロード済,SUNNYSH (https://app.notion.com/p/08d06c9684c3467ba3373ef7768d2323?pvs=21),日本唖然　必至の韓国　態度激変？,韓国 - 2024-12-20 -,NO,YouTubeチェンネル運営ビジネス (https://app.notion.com/p/86f2d2e9f4074174a2e1898ace238df6?pvs=21),,2024/12/20,2024年12月18日 13:36
韓国 12月30日_2,韓国,アップロード済,SUNNYSH (https://app.notion.com/p/08d06c9684c3467ba3373ef7768d2323?pvs=21),日本重大発表　泣きつく！　必死の韓国大損害,韓国 - 2024-12-30 -,NO,YouTubeチェンネル運営ビジネス (https://app.notion.com/p/86f2d2e9f4074174a2e1898ace238df6?pvs=21),,2024/12/30,2024年12月18日 17:14
韓国 12月31日_2,韓国,アップロード済,SUNNYSH (https://app.notion.com/p/08d06c9684c3467ba3373ef7768d2323?pvs=21),非国民知事追放へ　韓国で愚かさ公開　日本民激怒の審判,韓国 - 2024-12-31 -,NO,YouTubeチェンネル運営ビジネス (https://app.notion.com/p/86f2d2e9f4074174a2e1898ace238df6?pvs=21),,2024/12/31,2024年12月20日 12:23
韓国 12月27日_1,韓国,アップロード済,SUNNYSH (https://app.notion.com/p/08d06c9684c3467ba3373ef7768d2323?pvs=21),親日派に謝れ！　遂にあの裁判官が　韓国全土激震,韓国 - 2024-12-27 -,NO,YouTubeチェンネル運営ビジネス (https://app.notion.com/p/86f2d2e9f4074174a2e1898ace238df6?pvs=21),,2024/12/27,2024年12月20日 12:23
韓国 01月02日_2,韓国,アップロード済,SUNNYSH (https://app.notion.com/p/08d06c9684c3467ba3373ef7768d2323?pvs=21),韓国腰抜かす　国際報道発表　まさか日米台が,韓国 - 2025-01-02 -,NO,YouTubeチェンネル運営ビジネス (https://app.notion.com/p/86f2d2e9f4074174a2e1898ace238df6?pvs=21),,2025/01/02,2024年12月20日 12:23
韓国 01月03日_1,韓国,アップロード済,SUNNYSH (https://app.notion.com/p/08d06c9684c3467ba3373ef7768d2323?pvs=21),米国政府正式暴露　韓国枠が消滅　日本完全無視,韓国 - 2025-01-03 -,NO,YouTubeチェンネル運営ビジネス (https://app.notion.com/p/86f2d2e9f4074174a2e1898ace238df6?pvs=21),,2025/01/03,2024年12月20日 14:53
韓国 01月01日_2,韓国,アップロード済,SUNNYSH (https://app.notion.com/p/08d06c9684c3467ba3373ef7768d2323?pvs=21),韓国逃げ場なし　竹島で断末魔　その事実日本納得,韓国 - 2025-01-01 -,NO,YouTubeチェンネル運営ビジネス (https://app.notion.com/p/86f2d2e9f4074174a2e1898ace238df6?pvs=21),,2025/01/01,2024年12月20日 22:31
韓国 12月25日_1,韓国,アップロード済,SUNNYSH (https://app.notion.com/p/08d06c9684c3467ba3373ef7768d2323?pvs=21),韓国ウォン暴落　紙くず同然　突如日本へ,韓国 - 2024-12-25 -,NO,YouTubeチェンネル運営ビジネス (https://app.notion.com/p/86f2d2e9f4074174a2e1898ace238df6?pvs=21),,2024/12/25,2024年12月21日 13:37
韓国 12月24日_3,韓国,アップロード済,SUNNYSH (https://app.notion.com/p/08d06c9684c3467ba3373ef7768d2323?pvs=21),報道の通りです　KPOP事実認め　日本入国拒否,韓国 - 2024-12-24 -,NO,YouTubeチェンネル運営ビジネス (https://app.notion.com/p/86f2d2e9f4074174a2e1898ace238df6?pvs=21),,2024/12/24,2024年12月21日 14:47
韓国 01月04日_1,韓国,アップロード済,SUNNYSH (https://app.notion.com/p/08d06c9684c3467ba3373ef7768d2323?pvs=21),モンスター大暴れ　韓国POP絶望へ　日本が倍返しか,韓国 - 2025-01-04 -,NO,YouTubeチェンネル運営ビジネス (https://app.notion.com/p/86f2d2e9f4074174a2e1898ace238df6?pvs=21),,2025/01/04,2024年12月21日 15:39
韓国 01月28日_2,韓国,アップロード済,SUNNYSH (https://app.notion.com/p/08d06c9684c3467ba3373ef7768d2323?pvs=21),韓国ウォン暴落　紙クズ同然　日本どうか助けて,韓国 - 2025-01-28 -,NO,YouTubeチェンネル運営ビジネス (https://app.notion.com/p/86f2d2e9f4074174a2e1898ace238df6?pvs=21),,2025/01/28,2024年12月22日 12:51
韓国 01月03日_2,韓国,アップロード済,SUNNYSH (https://app.notion.com/p/08d06c9684c3467ba3373ef7768d2323?pvs=21),実は報道通りです　韓国知らず大慌て　既に日本が制圧へ,韓国 - 2025-01-03 -,NO,YouTubeチェンネル運営ビジネス (https://app.notion.com/p/86f2d2e9f4074174a2e1898ace238df6?pvs=21),,2025/01/03,2024年12月22日 13:42
韓国 01月04日_2,韓国,アップロード済,SUNNYSH (https://app.notion.com/p/08d06c9684c3467ba3373ef7768d2323?pvs=21),金なし石油なし　韓国緊急SOS　世界中で腹筋崩壊,韓国 - 2025-01-04 -,NO,YouTubeチェンネル運営ビジネス (https://app.notion.com/p/86f2d2e9f4074174a2e1898ace238df6?pvs=21),,2025/01/04,2024年12月22日 13:42
韓国 01月05日_1,韓国,アップロード済,SUNNYSH (https://app.notion.com/p/08d06c9684c3467ba3373ef7768d2323?pvs=21),日本入国完全拒否　韓国との民度差に　世界中が驚愕,韓国 - 2025-01-05 -,NO,YouTubeチェンネル運営ビジネス (https://app.notion.com/p/86f2d2e9f4074174a2e1898ace238df6?pvs=21),,2025/01/05,2024年12月22日 13:42
韓国 01月06日_2,韓国,アップロード済,SUNNYSH (https://app.notion.com/p/08d06c9684c3467ba3373ef7768d2323?pvs=21),まさか国際会場で　韓国限界日本に　土下座懇願SOS,韓国 - 2025-01-06 -,NO,YouTubeチェンネル運営ビジネス (https://app.notion.com/p/86f2d2e9f4074174a2e1898ace238df6?pvs=21),,2025/01/06,2024年12月24日 13:41
韓国 01月06日_1,韓国,アップロード済,SUNNYSH (https://app.notion.com/p/08d06c9684c3467ba3373ef7768d2323?pvs=21),韓国緊急事態宣言　次々削減一部凍結　日本完全無視,韓国 - 2025-01-06 -,NO,YouTubeチェンネル運営ビジネス (https://app.notion.com/p/86f2d2e9f4074174a2e1898ace238df6?pvs=21),,2025/01/06,2024年12月24日 13:41
韓国 01月19日_1,韓国,アップロード済,SUNNYSH (https://app.notion.com/p/08d06c9684c3467ba3373ef7768d2323?pvs=21),韓国民パニック　慰安婦教授が　世界に自滅発表,韓国 - 2025-01-19 -,NO,YouTubeチェンネル運営ビジネス (https://app.notion.com/p/86f2d2e9f4074174a2e1898ace238df6?pvs=21),,2025/01/19,2024年12月24日 13:41
韓国 01月07日_1,韓国,アップロード済,SUNNYSH (https://app.notion.com/p/08d06c9684c3467ba3373ef7768d2323?pvs=21),日本唖然　必至の韓国　態度激変？,韓国 - 2025-01-07 -,NO,YouTubeチェンネル運営ビジネス (https://app.notion.com/p/86f2d2e9f4074174a2e1898ace238df6?pvs=21),,2025/01/07,2024年12月24日 14:04
韓国 01月01日_1,韓国,アップロード済,SUNNYSH (https://app.notion.com/p/08d06c9684c3467ba3373ef7768d2323?pvs=21),日本進出中止へ！　必死の韓国大損害　日本人怒りの審判,韓国 - 2025-01-01 -,NO,YouTubeチェンネル運営ビジネス (https://app.notion.com/p/86f2d2e9f4074174a2e1898ace238df6?pvs=21),,2025/01/01,2024年12月24日 14:49
韓国 01月07日_2,韓国,アップロード済,SUNNYSH (https://app.notion.com/p/08d06c9684c3467ba3373ef7768d2323?pvs=21),韓国転落大慌て　日本企業が世界に　国際緊急発表,韓国 - 2025-01-07 -,NO,YouTubeチェンネル運営ビジネス (https://app.notion.com/p/86f2d2e9f4074174a2e1898ace238df6?pvs=21),,2025/01/07,2024年12月24日 16:51
韓国 01月05日_2,韓国,アップロード済,SUNNYSH (https://app.notion.com/p/08d06c9684c3467ba3373ef7768d2323?pvs=21),米国処分決定か　愚かな韓国標的　遂に世界が一斉に,韓国 - 2025-01-05 -,NO,YouTubeチェンネル運営ビジネス (https://app.notion.com/p/86f2d2e9f4074174a2e1898ace238df6?pvs=21),,2025/01/05,2024年12月25日 13:52
韓国 01月19日_2,韓国,アップロード済,SUNNYSH (https://app.notion.com/p/08d06c9684c3467ba3373ef7768d2323?pvs=21),韓国不正発覚混乱　ついに認めた　まさかの日本製,韓国 - 2025-01-19 -,NO,YouTubeチェンネル運営ビジネス (https://app.notion.com/p/86f2d2e9f4074174a2e1898ace238df6?pvs=21),,2025/01/19,2024年12月25日 13:52
韓国 01月08日_1,韓国,アップロード済,SUNNYSH (https://app.notion.com/p/08d06c9684c3467ba3373ef7768d2323?pvs=21),韓国非常事態　国際サミット騒然　嘘バレ経済崩壊,韓国 - 2025-01-08 -,NO,YouTubeチェンネル運営ビジネス (https://app.notion.com/p/86f2d2e9f4074174a2e1898ace238df6?pvs=21),,2025/01/08,2024年12月25日 13:52
韓国 01月09日_1,韓国,アップロード済,SUNNYSH (https://app.notion.com/p/08d06c9684c3467ba3373ef7768d2323?pvs=21),反日裁判官追放へ　韓国へ愚かさ公開　日本民怒りの審判,韓国 - 2025-01-09 -,NO,YouTubeチェンネル運営ビジネス (https://app.notion.com/p/86f2d2e9f4074174a2e1898ace238df6?pvs=21),,2025/01/09,2024年12月27日 12:48
韓国 01月10日_1,韓国,アップロード済,SUNNYSH (https://app.notion.com/p/08d06c9684c3467ba3373ef7768d2323?pvs=21),ついに始まった　日本激怒し逮捕劇　韓国民大混乱,韓国 - 2025-01-10 -,NO,YouTubeチェンネル運営ビジネス (https://app.notion.com/p/86f2d2e9f4074174a2e1898ace238df6?pvs=21),,2025/01/10,2024年12月27日 12:48
韓国 01月10日_2,韓国,アップロード済,SUNNYSH (https://app.notion.com/p/08d06c9684c3467ba3373ef7768d2323?pvs=21),ウォンが紙くずへ　韓国政府事実認め　国民大パニック,韓国 - 2025-01-10 -,NO,YouTubeチェンネル運営ビジネス (https://app.notion.com/p/86f2d2e9f4074174a2e1898ace238df6?pvs=21),,2025/01/10,2024年12月27日 12:48
韓国 01月11日_1,韓国,アップロード済,SUNNYSH (https://app.notion.com/p/08d06c9684c3467ba3373ef7768d2323?pvs=21),日本が完全無視　韓国領土が消滅へ　世界に重大発表　,韓国 - 2025-01-11 -,NO,YouTubeチェンネル運営ビジネス (https://app.notion.com/p/86f2d2e9f4074174a2e1898ace238df6?pvs=21),,2025/01/11,2024年12月28日 12:23
韓国 12月28日_速報,韓国,アップロード済,SUNNYSH (https://app.notion.com/p/08d06c9684c3467ba3373ef7768d2323?pvs=21),【速報】次は首相が　韓国一夜で消滅　まさか国際報道で,韓国 - 2024-12-28 -,NO,YouTubeチェンネル運営ビジネス (https://app.notion.com/p/86f2d2e9f4074174a2e1898ace238df6?pvs=21),,2024/12/28,2024年12月28日 12:24
韓国 01月11日_2,韓国,アップロード済,SUNNYSH (https://app.notion.com/p/08d06c9684c3467ba3373ef7768d2323?pvs=21),韓国民騒然　NHKが世界に　国際緊急発表,韓国 - 2025-01-11 -,NO,YouTubeチェンネル運営ビジネス (https://app.notion.com/p/86f2d2e9f4074174a2e1898ace238df6?pvs=21),,2025/01/11,2024年12月28日 12:44
韓国 01月12日_1,韓国,アップロード済,SUNNYSH (https://app.notion.com/p/08d06c9684c3467ba3373ef7768d2323?pvs=21),韓国大騒ぎ　恐るべき内容発覚　遂に世界名指批判,韓国 - 2025-01-12 -,NO,YouTubeチェンネル運営ビジネス (https://app.notion.com/p/86f2d2e9f4074174a2e1898ace238df6?pvs=21),,2025/01/12,2024年12月29日 12:37
韓国 12月29日_速報,韓国,アップロード済,SUNNYSH (https://app.notion.com/p/08d06c9684c3467ba3373ef7768d2323?pvs=21),【速報】韓国緊急　直撃炎上地獄絵図　世界に惨状伝わる,韓国 - 2024-12-29 -,NO,YouTubeチェンネル運営ビジネス (https://app.notion.com/p/86f2d2e9f4074174a2e1898ace238df6?pvs=21),,2024/12/29,2024年12月29日 12:50
韓国 01月12日_2,韓国,アップロード済,SUNNYSH (https://app.notion.com/p/08d06c9684c3467ba3373ef7768d2323?pvs=21),日本と韓国　差が衝撃的すぎて　世界中が驚愕,韓国 - 2025-01-12 -,NO,YouTubeチェンネル運営ビジネス (https://app.notion.com/p/86f2d2e9f4074174a2e1898ace238df6?pvs=21),,2025/01/12,2024年12月29日 13:35
韓国 12月30日_3,韓国,アップロード済,SUNNYSH (https://app.notion.com/p/08d06c9684c3467ba3373ef7768d2323?pvs=21),【速報】韓国手遅れ　国際批判の嵐　遂に日本が明確に,韓国 - 2024-12-30 -,NO,YouTubeチェンネル運営ビジネス (https://app.notion.com/p/86f2d2e9f4074174a2e1898ace238df6?pvs=21),,2024/12/30,2024年12月29日 13:36
韓国 01月13日_2,韓国,アップロード済,SUNNYSH (https://app.notion.com/p/08d06c9684c3467ba3373ef7768d2323?pvs=21),哀れに泣きつく！　韓国苦戦し恥晒し　日本世界称賛独占,韓国 - 2025-01-13 -,NO,YouTubeチェンネル運営ビジネス (https://app.notion.com/p/86f2d2e9f4074174a2e1898ace238df6?pvs=21),,2025/01/13,2024年12月29日 16:04
韓国 01月14日_1,韓国,アップロード済,SUNNYSH (https://app.notion.com/p/08d06c9684c3467ba3373ef7768d2323?pvs=21),韓国異変が　極貧緊急SOS　日本民が断固拒否,韓国 - 2025-01-14 -,NO,YouTubeチェンネル運営ビジネス (https://app.notion.com/p/86f2d2e9f4074174a2e1898ace238df6?pvs=21),,2025/01/14,2024年12月31日 12:46
韓国 01月13日_2,韓国,アップロード済,SUNNYSH (https://app.notion.com/p/08d06c9684c3467ba3373ef7768d2323?pvs=21),腐った韓国へ　英国識者一斉批判　事実知り韓民屈辱,韓国 - 2025-01-13 -,NO,YouTubeチェンネル運営ビジネス (https://app.notion.com/p/86f2d2e9f4074174a2e1898ace238df6?pvs=21),,2025/01/13,2024年12月31日 13:32
韓国 01月01日_新年挨拶,韓国,アップロード済,SUNNYSH (https://app.notion.com/p/08d06c9684c3467ba3373ef7768d2323?pvs=21),2024年年末ご挨拶-2025年年始ご挨拶,韓国 - 2025-01-01 -,NO,YouTubeチェンネル運営ビジネス (https://app.notion.com/p/86f2d2e9f4074174a2e1898ace238df6?pvs=21),,2025/01/01,2024年12月31日 14:25
韓国 01月14日_2,韓国,アップロード済,SUNNYSH (https://app.notion.com/p/08d06c9684c3467ba3373ef7768d2323?pvs=21),韓国既に手遅れ　日本外省完全無視　日本民激怒の審判,韓国 - 2025-01-14 -,NO,YouTubeチェンネル運営ビジネス (https://app.notion.com/p/86f2d2e9f4074174a2e1898ace238df6?pvs=21),,2025/01/14,2025年1月1日 13:49
韓国 01月15日_1,韓国,アップロード済,SUNNYSH (https://app.notion.com/p/08d06c9684c3467ba3373ef7768d2323?pvs=21),日韓問題　日本が無視し　韓国大慌て,韓国 - 2025-01-15 -,NO,YouTubeチェンネル運営ビジネス (https://app.notion.com/p/86f2d2e9f4074174a2e1898ace238df6?pvs=21),,2025/01/15,2025年1月3日 14:38
韓国 01月15日_2,韓国,アップロード済,SUNNYSH (https://app.notion.com/p/08d06c9684c3467ba3373ef7768d2323?pvs=21),契約破棄続出　これから日本独占　韓国打つ手なし,韓国 - 2025-01-15 -,NO,YouTubeチェンネル運営ビジネス (https://app.notion.com/p/86f2d2e9f4074174a2e1898ace238df6?pvs=21),,2025/01/15,2025年1月3日 14:38
韓国 01月16日_1,韓国,アップロード済,SUNNYSH (https://app.notion.com/p/08d06c9684c3467ba3373ef7768d2323?pvs=21),ついに逮捕　懲役130年　韓国民発狂,韓国 - 2025-01-16 -,NO,YouTubeチェンネル運営ビジネス (https://app.notion.com/p/86f2d2e9f4074174a2e1898ace238df6?pvs=21),,2025/01/16,2025年1月3日 14:38
韓国 01月16日_2,韓国,アップロード済,SUNNYSH (https://app.notion.com/p/08d06c9684c3467ba3373ef7768d2323?pvs=21),FBI公文通達　ついに世界へ　韓国号泣謝罪,韓国 - 2025-01-16 -,NO,YouTubeチェンネル運営ビジネス (https://app.notion.com/p/86f2d2e9f4074174a2e1898ace238df6?pvs=21),,2025/01/16,2025年1月3日 14:38
韓国 01月03日_速報,韓国,アップロード済,SUNNYSH (https://app.notion.com/p/08d06c9684c3467ba3373ef7768d2323?pvs=21),【速報】日本完無視　哀れよ韓国逮捕劇　必死の抵抗,韓国 - 2025-01-03 -,NO,YouTubeチェンネル運営ビジネス (https://app.notion.com/p/86f2d2e9f4074174a2e1898ace238df6?pvs=21),,2025/01/03,2025年1月3日 14:39
韓国 01月06日_速報,韓国,アップロード済,SUNNYSH (https://app.notion.com/p/08d06c9684c3467ba3373ef7768d2323?pvs=21),【速報】たった今　世界激震韓国騒然　米英が国際報道へ,韓国 - 2025-01-06 -,NO,YouTubeチェンネル運営ビジネス (https://app.notion.com/p/86f2d2e9f4074174a2e1898ace238df6?pvs=21),,2025/01/06,2025年1月6日 12:23
韓国 01月17日_1,韓国,アップロード済,SUNNYSH (https://app.notion.com/p/08d06c9684c3467ba3373ef7768d2323?pvs=21),ベトナム節発動　あっさり処刑し　韓国号泣国際謝罪,韓国 - 2025-01-17 -,NO,YouTubeチェンネル運営ビジネス (https://app.notion.com/p/86f2d2e9f4074174a2e1898ace238df6?pvs=21),,2025/01/17,2025年1月6日 13:24
韓国 01月18日_1,韓国,アップロード済,SUNNYSH (https://app.notion.com/p/08d06c9684c3467ba3373ef7768d2323?pvs=21),韓国は不潔　旭日旗にパニック　世界で自滅発表,韓国 - 2025-01-18 -,NO,YouTubeチェンネル運営ビジネス (https://app.notion.com/p/86f2d2e9f4074174a2e1898ace238df6?pvs=21),,2025/01/18,2025年1月6日 13:24
韓国 01月18日_2,韓国,アップロード済,SUNNYSH (https://app.notion.com/p/08d06c9684c3467ba3373ef7768d2323?pvs=21),韓国公報道で驚嘆　世界中が契約拒否　完全に日本へ,韓国 - 2025-01-18 -,NO,YouTubeチェンネル運営ビジネス (https://app.notion.com/p/86f2d2e9f4074174a2e1898ace238df6?pvs=21),,2025/01/18,2025年1月6日 13:24
韓国 01月17日_2,韓国,アップロード済,SUNNYSH (https://app.notion.com/p/08d06c9684c3467ba3373ef7768d2323?pvs=21),もう我慢の限界　少女時代を告発　そして韓国大慌て,韓国 - 2025-01-17 -,NO,YouTubeチェンネル運営ビジネス (https://app.notion.com/p/86f2d2e9f4074174a2e1898ace238df6?pvs=21),,2025/01/17,2025年1月7日 17:08
韓国 01月08日_早め,韓国,アップロード済,SUNNYSH (https://app.notion.com/p/08d06c9684c3467ba3373ef7768d2323?pvs=21),韓国人災に騒然　爆発火災有毒煙　この世の地獄,韓国 - 2025-01-08 -,NO,YouTubeチェンネル運営ビジネス (https://app.notion.com/p/86f2d2e9f4074174a2e1898ace238df6?pvs=21),,2025/01/08,2025年1月7日 17:08
韓国 01月09日_早め,韓国,アップロード済,SUNNYSH (https://app.notion.com/p/08d06c9684c3467ba3373ef7768d2323?pvs=21),日本民鋭い正論　韓国反日組織追放　まさか国際警察が,韓国 - 2025-01-09 -,NO,YouTubeチェンネル運営ビジネス (https://app.notion.com/p/86f2d2e9f4074174a2e1898ace238df6?pvs=21),,2025/01/09,2025年1月8日 12:44
韓国 01月20日_1,韓国,アップロード済,SUNNYSH (https://app.notion.com/p/08d06c9684c3467ba3373ef7768d2323?pvs=21),日本唖然　韓国更に空港事故　態度急変？,韓国 - 2025-01-20 -,NO,YouTubeチェンネル運営ビジネス (https://app.notion.com/p/86f2d2e9f4074174a2e1898ace238df6?pvs=21),,2025/01/20,2025年1月8日 12:45
韓国 01月20日_2,韓国,アップロード済,SUNNYSH (https://app.notion.com/p/08d06c9684c3467ba3373ef7768d2323?pvs=21),日本歴史世界称賛　韓国事実認め　国民大パニック,韓国 - 2025-01-20 -,NO,YouTubeチェンネル運営ビジネス (https://app.notion.com/p/86f2d2e9f4074174a2e1898ace238df6?pvs=21),,2025/01/20,2025年1月8日 12:45
韓国 01月21日_1,韓国,アップロード済,SUNNYSH (https://app.notion.com/p/08d06c9684c3467ba3373ef7768d2323?pvs=21),反日公人悪行直後　まさか日本民が　韓国民騒然,韓国 - 2025-01-21 -,NO,YouTubeチェンネル運営ビジネス (https://app.notion.com/p/86f2d2e9f4074174a2e1898ace238df6?pvs=21),,2025/01/21,2025年1月9日 12:37
韓国 01月22日_1,韓国,アップロード済,SUNNYSH (https://app.notion.com/p/08d06c9684c3467ba3373ef7768d2323?pvs=21),遂に韓国半導体　どうにもならず　日本に土下座,韓国 - 2025-01-22 -,NO,YouTubeチェンネル運営ビジネス (https://app.notion.com/p/86f2d2e9f4074174a2e1898ace238df6?pvs=21),,2025/01/22,2025年1月9日 14:13
韓国 01月21日_2,韓国,アップロード済,SUNNYSH (https://app.notion.com/p/08d06c9684c3467ba3373ef7768d2323?pvs=21),日本の強行策に　韓国民悲鳴の嵐　世界から称賛,韓国 - 2025-01-21 -,NO,YouTubeチェンネル運営ビジネス (https://app.notion.com/p/86f2d2e9f4074174a2e1898ace238df6?pvs=21),,2025/01/21,2025年1月9日 14:14
韓国 01月11日_速報,韓国,アップロード済,SUNNYSH (https://app.notion.com/p/08d06c9684c3467ba3373ef7768d2323?pvs=21),【速報】始まった　日本警察緊急逮捕　韓国民ご乱心,韓国 - 2025-01-11 -,NO,YouTubeチェンネル運営ビジネス (https://app.notion.com/p/86f2d2e9f4074174a2e1898ace238df6?pvs=21),,2025/01/11,2025年1月11日 12:52
韓国 01月22日_2,韓国,アップロード済,SUNNYSH (https://app.notion.com/p/08d06c9684c3467ba3373ef7768d2323?pvs=21),韓国大慌て　NHKが世界に　国際緊急発表,韓国 - 2025-01-22 -,NO,YouTubeチェンネル運営ビジネス (https://app.notion.com/p/86f2d2e9f4074174a2e1898ace238df6?pvs=21),,2025/01/22,2025年1月11日 12:52
韓国 01月23日_1,韓国,アップロード済,SUNNYSH (https://app.notion.com/p/08d06c9684c3467ba3373ef7768d2323?pvs=21),韓国民大混乱　国籍一夜で消滅　日本完全無視,韓国 - 2025-01-23 -,NO,YouTubeチェンネル運営ビジネス (https://app.notion.com/p/86f2d2e9f4074174a2e1898ace238df6?pvs=21),,2025/01/23,2025年1月11日 12:52
韓国 01月23日_2,韓国,アップロード済,SUNNYSH (https://app.notion.com/p/08d06c9684c3467ba3373ef7768d2323?pvs=21),韓国ついに不渡り　まさか日本独国が　国民が犠牲に　,韓国 - 2025-01-23 -,NO,YouTubeチェンネル運営ビジネス (https://app.notion.com/p/86f2d2e9f4074174a2e1898ace238df6?pvs=21),,2025/01/23,2025年1月12日 13:30
韓国 01月24日_1,韓国,アップロード済,SUNNYSH (https://app.notion.com/p/08d06c9684c3467ba3373ef7768d2323?pvs=21),まさかの大激変！　反日政党崩壊へ　事実知り韓国大焦,韓国 - 2025-01-24 -,NO,YouTubeチェンネル運営ビジネス (https://app.notion.com/p/86f2d2e9f4074174a2e1898ace238df6?pvs=21),,2025/01/24,2025年1月12日 13:31
韓国 01月24日_2,韓国,アップロード済,SUNNYSH (https://app.notion.com/p/08d06c9684c3467ba3373ef7768d2323?pvs=21),極悪非道　韓国民ついに　世界から,韓国 - 2025-01-24 -,NO,YouTubeチェンネル運営ビジネス (https://app.notion.com/p/86f2d2e9f4074174a2e1898ace238df6?pvs=21),,2025/01/24,2025年1月12日 13:31
韓国 01月25日_1,韓国,アップロード済,SUNNYSH (https://app.notion.com/p/08d06c9684c3467ba3373ef7768d2323?pvs=21),韓国腰抜かす　国際報道発表　日本製が圧倒的,韓国 - 2025-01-25 -,NO,YouTubeチェンネル運営ビジネス (https://app.notion.com/p/86f2d2e9f4074174a2e1898ace238df6?pvs=21),,2025/01/25,2025年1月13日 12:32
韓国 01月25日_2,韓国,アップロード済,SUNNYSH (https://app.notion.com/p/08d06c9684c3467ba3373ef7768d2323?pvs=21),ポーランド急変　まさかの辞退に　韓国大慌て,韓国 - 2025-01-25 -,NO,YouTubeチェンネル運営ビジネス (https://app.notion.com/p/86f2d2e9f4074174a2e1898ace238df6?pvs=21),,2025/01/25,2025年1月13日 12:33
韓国 01月26日_1,韓国,アップロード済,SUNNYSH (https://app.notion.com/p/08d06c9684c3467ba3373ef7768d2323?pvs=21),韓国大損害　日本本気？　壊滅続出,韓国 - 2025-01-26 -,NO,YouTubeチェンネル運営ビジネス (https://app.notion.com/p/86f2d2e9f4074174a2e1898ace238df6?pvs=21),,2025/01/26,2025年1月13日 12:33
韓国 01月27日_2,韓国,アップロード済,SUNNYSH (https://app.notion.com/p/08d06c9684c3467ba3373ef7768d2323?pvs=21),韓国暴かれ悲鳴　日本完全拒否　世界の反応凄すぎ,韓国 - 2025-01-27 -,NO,YouTubeチェンネル運営ビジネス (https://app.notion.com/p/86f2d2e9f4074174a2e1898ace238df6?pvs=21),,2025/01/27,2025年1月15日 12:59
韓国 01月27日_1,韓国,アップロード済,SUNNYSH (https://app.notion.com/p/08d06c9684c3467ba3373ef7768d2323?pvs=21),韓国ついに不渡り　まさか航空停止　国民犠牲大混乱,韓国 - 2025-01-27 -,NO,YouTubeチェンネル運営ビジネス (https://app.notion.com/p/86f2d2e9f4074174a2e1898ace238df6?pvs=21),,2025/01/27,2025年1月15日 12:59
日本 01月26日_2,日本・その他のニュース,アップロード済,SUNNYSH (https://app.notion.com/p/08d06c9684c3467ba3373ef7768d2323?pvs=21),日本の新技術　あまりの進化に　世界から注文殺到,日本・その他のニュース - 2025-01-26 -,NO,YouTubeチェンネル運営ビジネス (https://app.notion.com/p/86f2d2e9f4074174a2e1898ace238df6?pvs=21),,2025/01/26,2025年1月15日 13:00
韓国 01月15日_速報,韓国,アップロード済,SUNNYSH (https://app.notion.com/p/08d06c9684c3467ba3373ef7768d2323?pvs=21),【速報】大恥逮捕　韓国が愚かさ公開　日ネット民明確に,韓国 - 2025-01-15 -,NO,YouTubeチェンネル運営ビジネス (https://app.notion.com/p/86f2d2e9f4074174a2e1898ace238df6?pvs=21),,2025/01/15,2025年1月15日 13:00
韓国 01月30日_1,韓国,アップロード済,SUNNYSH (https://app.notion.com/p/08d06c9684c3467ba3373ef7768d2323?pvs=21),靖国問題　やっと気づいた　韓国自業自得だ,韓国 - 2025-01-30 -,NO,YouTubeチェンネル運営ビジネス (https://app.notion.com/p/86f2d2e9f4074174a2e1898ace238df6?pvs=21),,2025/01/30,2025年1月16日 12:44
韓国 - 2025-03-28 - 2nd,韓国,アップロード済,SUNNYSH (https://app.notion.com/p/08d06c9684c3467ba3373ef7768d2323?pvs=21),韓国民腰抜かす　国際機関発表へ　日本民大笑い,韓国 - 2025-03-28 - 2nd,NO,YouTubeチェンネル運営ビジネス (https://app.notion.com/p/86f2d2e9f4074174a2e1898ace238df6?pvs=21),2nd,2025/03/28,2025年1月16日 12:46
日本 01月28日_1,日本・その他のニュース,アップロード済,SUNNYSH (https://app.notion.com/p/08d06c9684c3467ba3373ef7768d2323?pvs=21),なんて国なんだ！　日本の置き土産　世界のお金日本へ,日本・その他のニュース - 2025-01-28 -,NO,YouTubeチェンネル運営ビジネス (https://app.notion.com/p/86f2d2e9f4074174a2e1898ace238df6?pvs=21),,2025/01/28,2025年1月16日 12:46
願望を達成したいと思ってはいけない,Mc茶会,,SUNNYSH (https://app.notion.com/p/08d06c9684c3467ba3373ef7768d2323?pvs=21),,Mc茶会 - 2024-11-18 -,,YouTubeチェンネル運営ビジネス (https://app.notion.com/p/86f2d2e9f4074174a2e1898ace238df6?pvs=21),,2024/11/18,2025年1月16日 16:16
韓国 01月29日_2,韓国,アップロード済,SUNNYSH (https://app.notion.com/p/08d06c9684c3467ba3373ef7768d2323?pvs=21),韓国の犯罪に　世界がNO！　日本に謝罪すべき,韓国 - 2025-01-29 -,NO,YouTubeチェンネル運営ビジネス (https://app.notion.com/p/86f2d2e9f4074174a2e1898ace238df6?pvs=21),,2025/01/29,2025年1月18日 13:22
韓国 01月29日_1,韓国,アップロード済,SUNNYSH (https://app.notion.com/p/08d06c9684c3467ba3373ef7768d2323?pvs=21),遂に突破韓国経済　さらに地獄の地獄　生きていけません,韓国 - 2025-01-29 -,NO,YouTubeチェンネル運営ビジネス (https://app.notion.com/p/86f2d2e9f4074174a2e1898ace238df6?pvs=21),,2025/01/29,2025年1月18日 13:23
韓国 01月19日_速報,韓国,アップロード済,SUNNYSH (https://app.notion.com/p/08d06c9684c3467ba3373ef7768d2323?pvs=21),【速報】　緊急停止　遂に暴徒破壊飛来　韓国必死の報道,韓国 - 2025-01-19 -,NO,YouTubeチェンネル運営ビジネス (https://app.notion.com/p/86f2d2e9f4074174a2e1898ace238df6?pvs=21),,2025/01/19,2025年1月19日 12:50
韓国 01月30日_1,韓国,アップロード済,SUNNYSH (https://app.notion.com/p/08d06c9684c3467ba3373ef7768d2323?pvs=21),韓国復旧不可能　100％大暴落へ　完全に日本が,韓国 - 2025-01-30 -,NO,YouTubeチェンネル運営ビジネス (https://app.notion.com/p/86f2d2e9f4074174a2e1898ace238df6?pvs=21),,2025/01/30,2025年1月19日 12:50
日本 01月31日_1,日本・その他のニュース,アップロード済,SUNNYSH (https://app.notion.com/p/08d06c9684c3467ba3373ef7768d2323?pvs=21),いいぞ日本　強気の国際報道　世界中が緊急対応,日本・その他のニュース - 2025-01-31 -,NO,YouTubeチェンネル運営ビジネス (https://app.notion.com/p/86f2d2e9f4074174a2e1898ace238df6?pvs=21),,2025/01/31,2025年1月19日 12:50
韓国 02月02日_1,韓国,アップロード済,SUNNYSH (https://app.notion.com/p/08d06c9684c3467ba3373ef7768d2323?pvs=21),哀れな韓国へ　国際報道批判殺到　事実知り韓民絶望,韓国 - 2025-02-02 -,NO,YouTubeチェンネル運営ビジネス (https://app.notion.com/p/86f2d2e9f4074174a2e1898ace238df6?pvs=21),,2025/02/02,2025年1月19日 12:50
韓国 02月01日_1,韓国,アップロード済,SUNNYSH (https://app.notion.com/p/08d06c9684c3467ba3373ef7768d2323?pvs=21),ついに認めた　まさか日本製　韓国に世界が批判,韓国 - 2025-02-01 -,NO,YouTubeチェンネル運営ビジネス (https://app.notion.com/p/86f2d2e9f4074174a2e1898ace238df6?pvs=21),,2025/02/01,2025年1月20日 12:24
韓国 01月01日_2,韓国,アップロード済,SUNNYSH (https://app.notion.com/p/08d06c9684c3467ba3373ef7768d2323?pvs=21),韓国が完全衰退　人もお金も　全部日本へ,韓国 - 2025-02-01 -,NO,YouTubeチェンネル運営ビジネス (https://app.notion.com/p/86f2d2e9f4074174a2e1898ace238df6?pvs=21),,2025/02/01,2025年1月20日 12:24
韓国 01月31日_2,韓国,アップロード済,SUNNYSH (https://app.notion.com/p/08d06c9684c3467ba3373ef7768d2323?pvs=21),どうか待って！　連蔵破産怖い韓国　必死の延命,韓国 - 2025-01-31 -,NO,YouTubeチェンネル運営ビジネス (https://app.notion.com/p/86f2d2e9f4074174a2e1898ace238df6?pvs=21),,2025/01/31,2025年1月20日 13:30
韓国 02月02日_1,韓国,アップロード済,SUNNYSH (https://app.notion.com/p/08d06c9684c3467ba3373ef7768d2323?pvs=21),韓国手遅れ　国民騒然…　日本断固拒否,韓国 - 2025-02-02 -,NO,YouTubeチェンネル運営ビジネス (https://app.notion.com/p/86f2d2e9f4074174a2e1898ace238df6?pvs=21),,2025/02/02,2025年1月23日 13:13
韓国 02月03日_1,韓国,アップロード済,SUNNYSH (https://app.notion.com/p/08d06c9684c3467ba3373ef7768d2323?pvs=21),日本協定破棄へ　韓国屈辱　見捨てられ,韓国 - 2025-02-03 -,NO,YouTubeチェンネル運営ビジネス (https://app.notion.com/p/86f2d2e9f4074174a2e1898ace238df6?pvs=21),,2025/02/03,2025年1月23日 13:13
韓国 02月03日_2,韓国,アップロード済,SUNNYSH (https://app.notion.com/p/08d06c9684c3467ba3373ef7768d2323?pvs=21),日本絶好チャンス　認定書緊急調査へ　韓国震え上がる,韓国 - 2025-02-03 -,NO,YouTubeチェンネル運営ビジネス (https://app.notion.com/p/86f2d2e9f4074174a2e1898ace238df6?pvs=21),,2025/02/03,2025年1月23日 13:13
韓国 02月04日_1,韓国,アップロード済,SUNNYSH (https://app.notion.com/p/08d06c9684c3467ba3373ef7768d2323?pvs=21),ついに認めた　慰安婦の嘘　韓国民腰抜かす,韓国 - 2025-02-04 -,NO,YouTubeチェンネル運営ビジネス (https://app.notion.com/p/86f2d2e9f4074174a2e1898ace238df6?pvs=21),,2025/02/04,2025年1月23日 13:30
韓国 02月05日_1,韓国,アップロード済,SUNNYSH (https://app.notion.com/p/08d06c9684c3467ba3373ef7768d2323?pvs=21),日本絶対助けるな　韓国全てが破綻　輸出激減地獄絵図,韓国 - 2025-02-05 -,NO,YouTubeチェンネル運営ビジネス (https://app.notion.com/p/86f2d2e9f4074174a2e1898ace238df6?pvs=21),,2025/02/05,2025年1月25日 9:32
韓国 02月04日_2,韓国,アップロード済,SUNNYSH (https://app.notion.com/p/08d06c9684c3467ba3373ef7768d2323?pvs=21),韓国絶句　日本通達契約停止　国内倒産多発,韓国 - 2025-02-04 -,NO,YouTubeチェンネル運営ビジネス (https://app.notion.com/p/86f2d2e9f4074174a2e1898ace238df6?pvs=21),,2025/02/04,2025年1月25日 9:32
韓国 02月05日_2,韓国,アップロード済,SUNNYSH (https://app.notion.com/p/08d06c9684c3467ba3373ef7768d2323?pvs=21),まさか墨国加国　あっさり処刑　韓国号泣謝罪,韓国 - 2025-02-05 -,NO,YouTubeチェンネル運営ビジネス (https://app.notion.com/p/86f2d2e9f4074174a2e1898ace238df6?pvs=21),,2025/02/05,2025年1月26日 12:43
韓国 02月06日_1,韓国,アップロード済,SUNNYSH (https://app.notion.com/p/08d06c9684c3467ba3373ef7768d2323?pvs=21),韓国経済もう限界　日本報道されない　国際失態で大損害,韓国 - 2025-02-06 -,NO,YouTubeチェンネル運営ビジネス (https://app.notion.com/p/86f2d2e9f4074174a2e1898ace238df6?pvs=21),,2025/02/06,2025年1月26日 13:10
韓国 02月06日_2,韓国,アップロード済,SUNNYSH (https://app.notion.com/p/08d06c9684c3467ba3373ef7768d2323?pvs=21),激動予告!?　韓国遂に　日本から...,韓国 - 2025-02-06 -,NO,YouTubeチェンネル運営ビジネス (https://app.notion.com/p/86f2d2e9f4074174a2e1898ace238df6?pvs=21),,2025/02/06,2025年1月26日 13:10
韓国 02月08日_1,韓国,アップロード済,SUNNYSH (https://app.notion.com/p/08d06c9684c3467ba3373ef7768d2323?pvs=21),韓国腰抜かす　国際機関重大発表　日本の圧倒的強さ,韓国 - 2025-02-08 -,NO,YouTubeチェンネル運営ビジネス (https://app.notion.com/p/86f2d2e9f4074174a2e1898ace238df6?pvs=21),,2025/02/08,2025年1月27日 12:19
韓国 02月07日_2,韓国,アップロード済,SUNNYSH (https://app.notion.com/p/08d06c9684c3467ba3373ef7768d2323?pvs=21)," 韓国産業壊滅状態　次々暴落続出　極貧国民地獄絵図",韓国 - 2025-02-07 -,NO,YouTubeチェンネル運営ビジネス (https://app.notion.com/p/86f2d2e9f4074174a2e1898ace238df6?pvs=21),,2025/02/07,2025年1月27日 12:19
韓国 02月07日_1,韓国,アップロード済,SUNNYSH (https://app.notion.com/p/08d06c9684c3467ba3373ef7768d2323?pvs=21),米国電撃発表　韓国不安的中　非常事態発令へ,韓国 - 2025-02-07 -,NO,YouTubeチェンネル運営ビジネス (https://app.notion.com/p/86f2d2e9f4074174a2e1898ace238df6?pvs=21),,2025/02/07,2025年1月27日 12:19
韓国 02月08日_2,韓国,アップロード済,SUNNYSH (https://app.notion.com/p/08d06c9684c3467ba3373ef7768d2323?pvs=21),世界急変断韓　焦る韓国　日本へSOS,韓国 - 2025-02-08 -,NO,YouTubeチェンネル運営ビジネス (https://app.notion.com/p/86f2d2e9f4074174a2e1898ace238df6?pvs=21),,2025/02/08,2025年1月29日 14:18
韓国 02月09日_1,韓国,アップロード済,SUNNYSH (https://app.notion.com/p/08d06c9684c3467ba3373ef7768d2323?pvs=21),反日フジ追放へ　韓国で愚かさ公開　日本民激怒の審判,韓国 - 2025-02-09 -,NO,YouTubeチェンネル運営ビジネス (https://app.notion.com/p/86f2d2e9f4074174a2e1898ace238df6?pvs=21),,2025/02/09,2025年1月29日 14:19
韓国 02月12日_1,韓国,アップロード済,SUNNYSH (https://app.notion.com/p/08d06c9684c3467ba3373ef7768d2323?pvs=21),いいぞ日本民　韓国の依存80％　一刀両断業界壊滅,韓国 - 2025-02-12 -,NO,YouTubeチェンネル運営ビジネス (https://app.notion.com/p/86f2d2e9f4074174a2e1898ace238df6?pvs=21),,2025/02/12,2025年1月29日 14:19
韓国 02月09日_2,韓国,アップロード済,SUNNYSH (https://app.notion.com/p/08d06c9684c3467ba3373ef7768d2323?pvs=21),韓国もう耐えれん　半導体問題直撃　倒産続出地獄絵図,韓国 - 2025-02-09 -,NO,YouTubeチェンネル運営ビジネス (https://app.notion.com/p/86f2d2e9f4074174a2e1898ace238df6?pvs=21),,2025/02/09,2025年1月30日 12:47
韓国 02月10日_1,韓国,アップロード済,SUNNYSH (https://app.notion.com/p/08d06c9684c3467ba3373ef7768d2323?pvs=21),日本急遽契約辞退　韓国内大騒ぎ　トドメ倒産決定か,韓国 - 2025-02-10 -,NO,YouTubeチェンネル運営ビジネス (https://app.notion.com/p/86f2d2e9f4074174a2e1898ace238df6?pvs=21),,2025/02/10,2025年1月30日 12:47
韓国 02月10日_2,韓国,アップロード済,SUNNYSH (https://app.notion.com/p/08d06c9684c3467ba3373ef7768d2323?pvs=21),韓国突如パニック　重要ガス資源枯渇　日本どうか助けて,韓国 - 2025-02-10 -,NO,YouTubeチェンネル運営ビジネス (https://app.notion.com/p/86f2d2e9f4074174a2e1898ace238df6?pvs=21),,2025/02/10,2025年1月30日 12:47
願望を達成したいと思ってはいけない,Mc茶会,,SUNNYSH (https://app.notion.com/p/08d06c9684c3467ba3373ef7768d2323?pvs=21),,Mc茶会 - 2025-01-17 -,,YouTubeチェンネル運営ビジネス (https://app.notion.com/p/86f2d2e9f4074174a2e1898ace238df6?pvs=21),,2025/01/17,2025年1月31日 1:06
開運・占い講座,開運・占い講座,Not     　Started,SUNNYSH (https://app.notion.com/p/08d06c9684c3467ba3373ef7768d2323?pvs=21),陰陽,,,YouTubeチェンネル運営ビジネス (https://app.notion.com/p/86f2d2e9f4074174a2e1898ace238df6?pvs=21),,,2025年1月31日 17:01
開運・占い講座,開運・占い講座,Not     　Started,SUNNYSH (https://app.notion.com/p/08d06c9684c3467ba3373ef7768d2323?pvs=21),無知の知,,,YouTubeチェンネル運営ビジネス (https://app.notion.com/p/86f2d2e9f4074174a2e1898ace238df6?pvs=21),,,2025年1月31日 17:06
開運・占い講座,開運・占い講座,Not     　Started,SUNNYSH (https://app.notion.com/p/08d06c9684c3467ba3373ef7768d2323?pvs=21),論理思考の盲点,,,YouTubeチェンネル運営ビジネス (https://app.notion.com/p/86f2d2e9f4074174a2e1898ace238df6?pvs=21),,,2025年1月31日 17:06
開運・占い講座,開運・占い講座,Not     　Started,SUNNYSH (https://app.notion.com/p/08d06c9684c3467ba3373ef7768d2323?pvs=21),神からの完璧なアドバイス,,,YouTubeチェンネル運営ビジネス (https://app.notion.com/p/86f2d2e9f4074174a2e1898ace238df6?pvs=21),,,2025年1月31日 17:09
韓国 02月11日_1,韓国,アップロード済,SUNNYSH (https://app.notion.com/p/08d06c9684c3467ba3373ef7768d2323?pvs=21),韓国民大慌て　慰安婦教授が　世界に自滅発表,韓国 - 2025-02-11 -,NO,YouTubeチェンネル運営ビジネス (https://app.notion.com/p/86f2d2e9f4074174a2e1898ace238df6?pvs=21),,2025/02/11,2025年2月1日 13:18
韓国 02月11日_2,韓国,アップロード済,SUNNYSH (https://app.notion.com/p/08d06c9684c3467ba3373ef7768d2323?pvs=21),どうか和解を　契約破棄怖い韓国　必死の懇願,韓国 - 2025-02-11 -,NO,YouTubeチェンネル運営ビジネス (https://app.notion.com/p/86f2d2e9f4074174a2e1898ace238df6?pvs=21),,2025/02/11,2025年2月1日 13:18
韓国 02月12日_2,韓国,アップロード済,SUNNYSH (https://app.notion.com/p/08d06c9684c3467ba3373ef7768d2323?pvs=21),首都産業破産決定　韓国事実認め　国民大パニック,韓国 - 2025-02-12 -,NO,YouTubeチェンネル運営ビジネス (https://app.notion.com/p/86f2d2e9f4074174a2e1898ace238df6?pvs=21),,2025/02/12,2025年2月1日 13:19
韓国 02月14日_1,韓国,アップロード済,SUNNYSH (https://app.notion.com/p/08d06c9684c3467ba3373ef7768d2323?pvs=21),ついに認めた韓国　政府が国家を消滅　日本政府まかせた,韓国 - 2025-02-14 -,NO,YouTubeチェンネル運営ビジネス (https://app.notion.com/p/86f2d2e9f4074174a2e1898ace238df6?pvs=21),,2025/02/14,2025年2月2日 12:25
韓国 02月13日_2,韓国,アップロード済,SUNNYSH (https://app.notion.com/p/08d06c9684c3467ba3373ef7768d2323?pvs=21),米国まさかの宣言　韓国経済大打撃　失業福祉壊滅へ,韓国 - 2025-02-13 -,NO,YouTubeチェンネル運営ビジネス (https://app.notion.com/p/86f2d2e9f4074174a2e1898ace238df6?pvs=21),,2025/02/13,2025年2月2日 12:25
韓国 02月13日_1,韓国,アップロード済,SUNNYSH (https://app.notion.com/p/08d06c9684c3467ba3373ef7768d2323?pvs=21),韓国が債務不履行　急遽イギリス報道　事実知り民大混乱　,韓国 - 2025-02-13 -,NO,YouTubeチェンネル運営ビジネス (https://app.notion.com/p/86f2d2e9f4074174a2e1898ace238df6?pvs=21),,2025/02/13,2025年2月2日 12:25
感謝と瞑想について,Mc茶会,,SUNNYSH (https://app.notion.com/p/08d06c9684c3467ba3373ef7768d2323?pvs=21),,Mc茶会 - 2025-01-31 -,,YouTubeチェンネル運営ビジネス (https://app.notion.com/p/86f2d2e9f4074174a2e1898ace238df6?pvs=21),,2025/01/31,2025年2月2日 17:39
韓国 02月14日_2,韓国,アップロード済,SUNNYSH (https://app.notion.com/p/08d06c9684c3467ba3373ef7768d2323?pvs=21),韓国民激怒の中　お金が一夜で消滅　日本完全無視,韓国 - 2025-02-14 -,NO,YouTubeチェンネル運営ビジネス (https://app.notion.com/p/86f2d2e9f4074174a2e1898ace238df6?pvs=21),,2025/02/14,2025年2月4日 12:20
日本 02月15日_1,日本・その他のニュース,アップロード済,SUNNYSH (https://app.notion.com/p/08d06c9684c3467ba3373ef7768d2323?pvs=21),我々が馬鹿でした　世界中で没落続出　日本開発世界一位　,日本・その他のニュース - 2025-02-15 -,NO,YouTubeチェンネル運営ビジネス (https://app.notion.com/p/86f2d2e9f4074174a2e1898ace238df6?pvs=21),,2025/02/15,2025年2月4日 12:22
韓国 02月15日_2,韓国,アップロード済,SUNNYSH (https://app.notion.com/p/08d06c9684c3467ba3373ef7768d2323?pvs=21),韓国民絶句　航空業界壊滅加速　まさか日本が,韓国 - 2025-02-15 -,NO,YouTubeチェンネル運営ビジネス (https://app.notion.com/p/86f2d2e9f4074174a2e1898ace238df6?pvs=21),,2025/02/15,2025年2月5日 13:23
韓国 02月16日_2,韓国,アップロード済,SUNNYSH (https://app.notion.com/p/08d06c9684c3467ba3373ef7768d2323?pvs=21),日本歴史的快挙　宇宙技術大躍進　韓国嫉妬と焦り,韓国 - 2025-02-16 -,NO,YouTubeチェンネル運営ビジネス (https://app.notion.com/p/86f2d2e9f4074174a2e1898ace238df6?pvs=21),,2025/02/16,2025年2月5日 13:25
韓国 02月16日_1,韓国,アップロード済,SUNNYSH (https://app.notion.com/p/08d06c9684c3467ba3373ef7768d2323?pvs=21),アメリカ露骨に　排除実行　韓国民極貧加速,韓国 - 2025-02-16 -,NO,YouTubeチェンネル運営ビジネス (https://app.notion.com/p/86f2d2e9f4074174a2e1898ace238df6?pvs=21),,2025/02/16,2025年2月5日 13:50
韓国 02月17日_1,韓国,アップロード済,SUNNYSH (https://app.notion.com/p/08d06c9684c3467ba3373ef7768d2323?pvs=21),遂に日本の民意が　断末魔韓国没落へ　完全無視され終了,韓国 - 2025-02-17 -,NO,YouTubeチェンネル運営ビジネス (https://app.notion.com/p/86f2d2e9f4074174a2e1898ace238df6?pvs=21),,2025/02/17,2025年2月7日 12:40
韓国 02月17日_2,韓国,アップロード済,SUNNYSH (https://app.notion.com/p/08d06c9684c3467ba3373ef7768d2323?pvs=21),米国鉄槌を下した　韓国が壊滅宣言　全国民が涙の謝罪,韓国 - 2025-02-17 -,NO,YouTubeチェンネル運営ビジネス (https://app.notion.com/p/86f2d2e9f4074174a2e1898ace238df6?pvs=21),,2025/02/17,2025年2月7日 12:40
韓国 02月18日_1,韓国,アップロード済,SUNNYSH (https://app.notion.com/p/08d06c9684c3467ba3373ef7768d2323?pvs=21),韓国極貧重大発表　日本報道できない　リアルな経済壊滅,韓国 - 2025-02-18 -,NO,YouTubeチェンネル運営ビジネス (https://app.notion.com/p/86f2d2e9f4074174a2e1898ace238df6?pvs=21),,2025/02/18,2025年2月7日 12:41
韓国 02月19日_2,韓国,アップロード済,SUNNYSH (https://app.notion.com/p/08d06c9684c3467ba3373ef7768d2323?pvs=21),日本よ助けてくれ　韓国金融壊滅　日本の主観へ,韓国 - 2025-02-19 -,NO,YouTubeチェンネル運営ビジネス (https://app.notion.com/p/86f2d2e9f4074174a2e1898ace238df6?pvs=21),,2025/02/19,2025年2月8日 13:05
韓国 02月19日_1,韓国,アップロード済,SUNNYSH (https://app.notion.com/p/08d06c9684c3467ba3373ef7768d2323?pvs=21),韓国信頼完全壊滅　国際調査でバレて　世界で大恥,韓国 - 2025-02-19 -,NO,YouTubeチェンネル運営ビジネス (https://app.notion.com/p/86f2d2e9f4074174a2e1898ace238df6?pvs=21),,2025/02/19,2025年2月8日 13:06
韓国 02月18日_2,韓国,アップロード済,SUNNYSH (https://app.notion.com/p/08d06c9684c3467ba3373ef7768d2323?pvs=21),韓国民騒然　300兆一夜消滅　日本は助けず無視,韓国 - 2025-02-18 -,NO,YouTubeチェンネル運営ビジネス (https://app.notion.com/p/86f2d2e9f4074174a2e1898ace238df6?pvs=21),,2025/02/18,2025年2月8日 13:06
韓国 02月20日_1,韓国,アップロード済,SUNNYSH (https://app.notion.com/p/08d06c9684c3467ba3373ef7768d2323?pvs=21),ドイツ態度急変　正式に拒絶　韓国民に天罰下る,韓国 - 2025-02-20 -,NO,YouTubeチェンネル運営ビジネス (https://app.notion.com/p/86f2d2e9f4074174a2e1898ace238df6?pvs=21),,2025/02/20,2025年2月9日 12:06
韓国 02月20日_2,韓国,アップロード済,SUNNYSH (https://app.notion.com/p/08d06c9684c3467ba3373ef7768d2323?pvs=21),韓国民パニック　9割ピンチ気付く　借金限界悲惨末路,韓国 - 2025-02-20 -,NO,YouTubeチェンネル運営ビジネス (https://app.notion.com/p/86f2d2e9f4074174a2e1898ace238df6?pvs=21),,2025/02/20,2025年2月9日 12:07
韓国 02月21日_1,韓国,アップロード済,SUNNYSH (https://app.notion.com/p/08d06c9684c3467ba3373ef7768d2323?pvs=21),韓国ウォン暴落　紙くず同然　外貨限界日本爆笑,韓国 - 2025-02-21 - 1st,NO,YouTubeチェンネル運営ビジネス (https://app.notion.com/p/86f2d2e9f4074174a2e1898ace238df6?pvs=21),1st,2025/02/21,2025年2月9日 13:48
韓国 02月21日_2,韓国,アップロード済,SUNNYSH (https://app.notion.com/p/08d06c9684c3467ba3373ef7768d2323?pvs=21),米議員追求発表へ　歴史問題の嘘　韓国民腰抜かす　,韓国 - 2025-02-21 - 2nd,NO,YouTubeチェンネル運営ビジネス (https://app.notion.com/p/86f2d2e9f4074174a2e1898ace238df6?pvs=21),2nd,2025/02/21,2025年2月11日 13:25
韓国 02月22日,韓国,アップロード済,SUNNYSH (https://app.notion.com/p/08d06c9684c3467ba3373ef7768d2323?pvs=21),米国通商緊急発表　事態急変まさか　韓国企業パニック,韓国 - 2025-02-22 - 1st,NO,YouTubeチェンネル運営ビジネス (https://app.notion.com/p/86f2d2e9f4074174a2e1898ace238df6?pvs=21),1st,2025/02/22,2025年2月11日 13:56
韓国 02月22日,韓国,アップロード済,SUNNYSH (https://app.notion.com/p/08d06c9684c3467ba3373ef7768d2323?pvs=21),韓国に絶対帰らん　金融機関破綻宣言　恐るべき内容発覚,韓国 - 2025-02-22 - 2nd,NO,YouTubeチェンネル運営ビジネス (https://app.notion.com/p/86f2d2e9f4074174a2e1898ace238df6?pvs=21),2nd,2025/02/22,2025年2月11日 13:57
韓国 02月23日,韓国,アップロード済,SUNNYSH (https://app.notion.com/p/08d06c9684c3467ba3373ef7768d2323?pvs=21),トランプ電撃発表　韓国完全に終了　まさか日本が,韓国 - 2025-02-23 - 1st,NO,YouTubeチェンネル運営ビジネス (https://app.notion.com/p/86f2d2e9f4074174a2e1898ace238df6?pvs=21),1st,2025/02/23,2025年2月12日 13:18
韓国 02月23日,韓国,アップロード済,SUNNYSH (https://app.notion.com/p/08d06c9684c3467ba3373ef7768d2323?pvs=21),韓国民震え上がる　まさか原発が　世界が技術的指摘,韓国 - 2025-02-23 - 2nd,NO,YouTubeチェンネル運営ビジネス (https://app.notion.com/p/86f2d2e9f4074174a2e1898ace238df6?pvs=21),2nd,2025/02/23,2025年2月12日 13:19
韓国 02月24日,韓国,アップロード済,SUNNYSH (https://app.notion.com/p/08d06c9684c3467ba3373ef7768d2323?pvs=21),韓国お金がない　滞納続出　赤字国家破産か,韓国 - 2025-02-24 - 1st,NO,YouTubeチェンネル運営ビジネス (https://app.notion.com/p/86f2d2e9f4074174a2e1898ace238df6?pvs=21),1st,2025/02/24,2025年2月12日 13:19
韓国 - 2025-03-06 - 2nd,韓国,アップロード済,SUNNYSH (https://app.notion.com/p/08d06c9684c3467ba3373ef7768d2323?pvs=21),韓国銀行破綻へ　ここからが地獄　日本銀行大笑い,韓国 - 2025-03-06 - 2nd,NO,YouTubeチェンネル運営ビジネス (https://app.notion.com/p/86f2d2e9f4074174a2e1898ace238df6?pvs=21),2nd,2025/03/06,2025年2月12日 13:19
韓国 - 2025-02-25 - 1st,韓国,アップロード済,SUNNYSH (https://app.notion.com/p/08d06c9684c3467ba3373ef7768d2323?pvs=21),韓国政府腰抜かす　国際問題発生　露国から強制返還,韓国 - 2025-02-25 - 1st,NO,YouTubeチェンネル運営ビジネス (https://app.notion.com/p/86f2d2e9f4074174a2e1898ace238df6?pvs=21),1st,2025/02/25,2025年2月14日 13:21
韓国 - 2025-02-25 - 2nd,韓国,アップロード済,SUNNYSH (https://app.notion.com/p/08d06c9684c3467ba3373ef7768d2323?pvs=21),もう復旧不可能　日本が完全無視し　韓国領土が消滅へ,韓国 - 2025-02-25 - 2nd,NO,YouTubeチェンネル運営ビジネス (https://app.notion.com/p/86f2d2e9f4074174a2e1898ace238df6?pvs=21),2nd,2025/02/25,2025年2月14日 13:23
韓国 - 2025-02-26 - 1st,韓国,アップロード済,SUNNYSH (https://app.notion.com/p/08d06c9684c3467ba3373ef7768d2323?pvs=21),日本から電撃発表　状況一変　震える韓国追放へ,韓国 - 2025-02-26 - 1st,NO,YouTubeチェンネル運営ビジネス (https://app.notion.com/p/86f2d2e9f4074174a2e1898ace238df6?pvs=21),1st,2025/02/26,2025年2月14日 13:23
韓国 - 2025-02-26 - 2nd,韓国,アップロード済,SUNNYSH (https://app.notion.com/p/08d06c9684c3467ba3373ef7768d2323?pvs=21),韓国流出消滅危機　国際誌重大発表へ　史上最悪の失策,韓国 - 2025-02-26 - 2nd,NO,YouTubeチェンネル運営ビジネス (https://app.notion.com/p/86f2d2e9f4074174a2e1898ace238df6?pvs=21),2nd,2025/02/26,2025年2月14日 13:23
日本 - 2025-02-27 - 1st,日本・その他のニュース,アップロード済,SUNNYSH (https://app.notion.com/p/08d06c9684c3467ba3373ef7768d2323?pvs=21),麻生太郎電撃発表　石破完全封印　崩壊危機を回避,日本・その他のニュース - 2025-02-27 - 1st,NO,YouTubeチェンネル運営ビジネス (https://app.notion.com/p/86f2d2e9f4074174a2e1898ace238df6?pvs=21),1st,2025/02/27,2025年2月15日 8:36
韓国 - 2025-02-27 - 2nd,韓国,アップロード済,SUNNYSH (https://app.notion.com/p/08d06c9684c3467ba3373ef7768d2323?pvs=21),徹底的に戦う！　比国が狂気発言　韓国民大発狂　,韓国 - 2025-02-27 - 2nd,NO,YouTubeチェンネル運営ビジネス (https://app.notion.com/p/86f2d2e9f4074174a2e1898ace238df6?pvs=21),2nd,2025/02/27,2025年2月15日 8:38
韓国 - 2025-02-28 - 1st,韓国,アップロード済,SUNNYSH (https://app.notion.com/p/08d06c9684c3467ba3373ef7768d2323?pvs=21),急遽販売辞退　韓国大騒ぎ　国内倒産多発,韓国 - 2025-02-28 - 1st,NO,YouTubeチェンネル運営ビジネス (https://app.notion.com/p/86f2d2e9f4074174a2e1898ace238df6?pvs=21),1st,2025/02/28,2025年2月15日 8:38
韓国 - 2025-02-28 - 2nd,韓国,アップロード済,SUNNYSH (https://app.notion.com/p/08d06c9684c3467ba3373ef7768d2323?pvs=21),韓国民騒然　釜山火災で火の海　完全地獄絵図,韓国 - 2025-02-28 - 2nd,NO,YouTubeチェンネル運営ビジネス (https://app.notion.com/p/86f2d2e9f4074174a2e1898ace238df6?pvs=21),2nd,2025/02/28,2025年2月18日 13:35
韓国 - 2025-03-01 - 1st,韓国,アップロード済,SUNNYSH (https://app.notion.com/p/08d06c9684c3467ba3373ef7768d2323?pvs=21),金欠航空非常事態　韓国事実認め　国民大パニック,韓国 - 2025-03-01 - 1st,NO,YouTubeチェンネル運営ビジネス (https://app.notion.com/p/86f2d2e9f4074174a2e1898ace238df6?pvs=21),1st,2025/03/01,2025年2月18日 13:36
韓国 - 2025-03-01 - 2nd,韓国,アップロード済,SUNNYSH (https://app.notion.com/p/08d06c9684c3467ba3373ef7768d2323?pvs=21),韓国輸出異常が　緊急SOS手遅れ　まさか日本が,韓国 - 2025-03-01 - 2nd,NO,YouTubeチェンネル運営ビジネス (https://app.notion.com/p/86f2d2e9f4074174a2e1898ace238df6?pvs=21),2nd,2025/03/01,2025年2月18日 13:49
韓国 - 2025-03-02 - 1st,韓国,アップロード済,SUNNYSH (https://app.notion.com/p/08d06c9684c3467ba3373ef7768d2323?pvs=21),韓国経済もう限界　日本報道されない　リアルな破滅状況,韓国 - 2025-03-02 - 1st,NO,YouTubeチェンネル運営ビジネス (https://app.notion.com/p/86f2d2e9f4074174a2e1898ace238df6?pvs=21),1st,2025/03/02,2025年2月18日 13:51
韓国 - 2025-03-02 - 2nd,韓国,アップロード済,SUNNYSH (https://app.notion.com/p/08d06c9684c3467ba3373ef7768d2323?pvs=21),韓国緊急SOS　国際報道発表　日本の圧倒的強さ,韓国 - 2025-03-02 - 2nd,NO,YouTubeチェンネル運営ビジネス (https://app.notion.com/p/86f2d2e9f4074174a2e1898ace238df6?pvs=21),2nd,2025/03/02,2025年2月21日 12:37
韓国 - 2025-03-03 - 1st,韓国,アップロード済,SUNNYSH (https://app.notion.com/p/08d06c9684c3467ba3373ef7768d2323?pvs=21),泣きつく！　韓国打つ手なし　日本が完全独占へ,韓国 - 2025-03-03 - 1st,NO,YouTubeチェンネル運営ビジネス (https://app.notion.com/p/86f2d2e9f4074174a2e1898ace238df6?pvs=21),1st,2025/03/03,2025年2月21日 12:37
韓国 - 2025-03-03 - 2nd,韓国,アップロード済,SUNNYSH (https://app.notion.com/p/08d06c9684c3467ba3373ef7768d2323?pvs=21),慰安婦教授まさか　世界へ真実発表　韓国民パニック,韓国 - 2025-03-03 - 2nd,NO,YouTubeチェンネル運営ビジネス (https://app.notion.com/p/86f2d2e9f4074174a2e1898ace238df6?pvs=21),2nd,2025/03/03,2025年2月21日 12:38
韓国 - 2025-03-04 - 1st,韓国,アップロード済,SUNNYSH (https://app.notion.com/p/08d06c9684c3467ba3373ef7768d2323?pvs=21),韓国逃げ場なし　入国拒否で大慌て　驚愕事実日本納得,韓国 - 2025-03-04 - 1st,NO,YouTubeチェンネル運営ビジネス (https://app.notion.com/p/86f2d2e9f4074174a2e1898ace238df6?pvs=21),1st,2025/03/04,2025年2月21日 12:38
韓国 - 2025-03-06 - 1st,韓国,アップロード済,SUNNYSH (https://app.notion.com/p/08d06c9684c3467ba3373ef7768d2323?pvs=21),日韓問題　日本が課税し　韓国大慌て,韓国 - 2025-03-06 - 1st,NO,YouTubeチェンネル運営ビジネス (https://app.notion.com/p/86f2d2e9f4074174a2e1898ace238df6?pvs=21),1st,2025/03/06,2025年2月22日 13:15
韓国 - 2025-03-05 - 1st,韓国,アップロード済,SUNNYSH (https://app.notion.com/p/08d06c9684c3467ba3373ef7768d2323?pvs=21),もう復旧不可能　日本は完全無視　韓国領土が消滅へ,韓国 - 2025-03-05 - 1st,NO,YouTubeチェンネル運営ビジネス (https://app.notion.com/p/86f2d2e9f4074174a2e1898ace238df6?pvs=21),1st,2025/03/05,2025年2月22日 13:16
韓国 - 2025-03-05 - 2nd,韓国,アップロード済,SUNNYSH (https://app.notion.com/p/08d06c9684c3467ba3373ef7768d2323?pvs=21),必至の韓国　態度激変？　日本完全無視,韓国 - 2025-03-05 - 2nd,NO,YouTubeチェンネル運営ビジネス (https://app.notion.com/p/86f2d2e9f4074174a2e1898ace238df6?pvs=21),2nd,2025/03/05,2025年2月22日 13:16
韓国 - 2025-03-04 - 2nd,韓国,アップロード済,SUNNYSH (https://app.notion.com/p/08d06c9684c3467ba3373ef7768d2323?pvs=21),日本国民から批判　反日TV局追放へ　真実知り韓国屈辱,韓国 - 2025-03-04 - 2nd,NO,YouTubeチェンネル運営ビジネス (https://app.notion.com/p/86f2d2e9f4074174a2e1898ace238df6?pvs=21),2nd,2025/03/04,2025年2月22日 13:17
韓国 - 2025-02-24 - 2nd,韓国,アップロード済,SUNNYSH (https://app.notion.com/p/08d06c9684c3467ba3373ef7768d2323?pvs=21),頭、大丈夫！？　イジェミョン妄言　韓国国内も絶句,韓国 - 2025-02-24 - 2nd,NO,YouTubeチェンネル運営ビジネス (https://app.notion.com/p/86f2d2e9f4074174a2e1898ace238df6?pvs=21),2nd,2025/02/24,2025年2月23日 13:18
韓国 - 2025-03-22 - 2nd,韓国,アップロード済,SUNNYSH (https://app.notion.com/p/08d06c9684c3467ba3373ef7768d2323?pvs=21),ベトナムの英断　愚かな韓国標的に　世界が一斉に,韓国 - 2025-03-22 - 2nd,NO,YouTubeチェンネル運営ビジネス (https://app.notion.com/p/86f2d2e9f4074174a2e1898ace238df6?pvs=21),2nd,2025/03/22,2025年2月23日 13:19
韓国 - 2025-03-07 - 2nd,韓国,アップロード済,SUNNYSH (https://app.notion.com/p/08d06c9684c3467ba3373ef7768d2323?pvs=21),韓国暴落半額へ　クズ同然捨てられ　完全崩壊民騒然,韓国 - 2025-03-07 - 2nd,NO,YouTubeチェンネル運営ビジネス (https://app.notion.com/p/86f2d2e9f4074174a2e1898ace238df6?pvs=21),2nd,2025/03/07,2025年2月23日 13:19
韓国 - 2025-03-08 - 1st,韓国,アップロード済,SUNNYSH (https://app.notion.com/p/08d06c9684c3467ba3373ef7768d2323?pvs=21),韓国が重大発表　竹島は日本領　自ら電撃発表,韓国 - 2025-03-08 - 1st,NO,YouTubeチェンネル運営ビジネス (https://app.notion.com/p/86f2d2e9f4074174a2e1898ace238df6?pvs=21),1st,2025/03/08,2025年2月23日 13:19
現実から宇宙のヒント,Mc茶会,,SUNNYSH (https://app.notion.com/p/08d06c9684c3467ba3373ef7768d2323?pvs=21),,Mc茶会 - 2025-02-02 -,,YouTubeチェンネル運営ビジネス (https://app.notion.com/p/86f2d2e9f4074174a2e1898ace238df6?pvs=21),,2025/02/02,2025年2月23日 16:47
韓国 - 2025-03-08 - 2nd,韓国,アップロード済,SUNNYSH (https://app.notion.com/p/08d06c9684c3467ba3373ef7768d2323?pvs=21),日韓問題　日本辞退し　韓国錯乱大慌て,韓国 - 2025-03-08 - 2nd,NO,YouTubeチェンネル運営ビジネス (https://app.notion.com/p/86f2d2e9f4074174a2e1898ace238df6?pvs=21),2nd,2025/03/08,2025年2月25日 12:22
韓国 - 2025-03-09 - 1st,韓国,アップロード済,SUNNYSH (https://app.notion.com/p/08d06c9684c3467ba3373ef7768d2323?pvs=21),遂に外貨準備2％　韓国大後悔　まさか日本へ,韓国 - 2025-03-09 - 1st,NO,YouTubeチェンネル運営ビジネス (https://app.notion.com/p/86f2d2e9f4074174a2e1898ace238df6?pvs=21),1st,2025/03/09,2025年2月25日 12:22
韓国 - 2025-03-09 - 2nd,韓国,アップロード済,SUNNYSH (https://app.notion.com/p/08d06c9684c3467ba3373ef7768d2323?pvs=21),韓国既に手遅れ　米英国が公式批判　遂に日本が明確に,韓国 - 2025-03-09 - 2nd,NO,YouTubeチェンネル運営ビジネス (https://app.notion.com/p/86f2d2e9f4074174a2e1898ace238df6?pvs=21),2nd,2025/03/09,2025年2月25日 12:23
韓国 - 2025-03-10 - 1st,韓国,アップロード済,SUNNYSH (https://app.notion.com/p/08d06c9684c3467ba3373ef7768d2323?pvs=21),韓国民激怒の中　上級国民逮捕？　資産完全凍結へ,韓国 - 2025-03-10 - 1st,NO,YouTubeチェンネル運営ビジネス (https://app.notion.com/p/86f2d2e9f4074174a2e1898ace238df6?pvs=21),1st,2025/03/10,2025年2月25日 12:23
韓国 - 2025-03-10 - 2nd,韓国,アップロード済,SUNNYSH (https://app.notion.com/p/08d06c9684c3467ba3373ef7768d2323?pvs=21),いいぞ日本　強気の反撃姿勢に　韓国慌ててSOS,韓国 - 2025-03-10 - 2nd,NO,YouTubeチェンネル運営ビジネス (https://app.notion.com/p/86f2d2e9f4074174a2e1898ace238df6?pvs=21),2nd,2025/03/10,2025年2月26日 12:38
韓国 - 2025-03-11 - 1st,韓国,アップロード済,SUNNYSH (https://app.notion.com/p/08d06c9684c3467ba3373ef7768d2323?pvs=21),韓国半導体が限界　どうにもならず　日本に土下座,韓国 - 2025-03-11 - 1st,NO,YouTubeチェンネル運営ビジネス (https://app.notion.com/p/86f2d2e9f4074174a2e1898ace238df6?pvs=21),1st,2025/03/11,2025年2月26日 12:39
韓国 - 2025-03-11 - 2nd,韓国,アップロード済,SUNNYSH (https://app.notion.com/p/08d06c9684c3467ba3373ef7768d2323?pvs=21),韓は不要だ！追放へ　韓国すでに　なす術無し,韓国 - 2025-03-11 - 2nd,NO,YouTubeチェンネル運営ビジネス (https://app.notion.com/p/86f2d2e9f4074174a2e1898ace238df6?pvs=21),2nd,2025/03/11,2025年2月26日 12:39
韓国 - 2025-03-12 - 1st,韓国,アップロード済,SUNNYSH (https://app.notion.com/p/08d06c9684c3467ba3373ef7768d2323?pvs=21),インド節発動！　あっさり処刑し　韓国もう一文無し,韓国 - 2025-03-12 - 1st,NO,YouTubeチェンネル運営ビジネス (https://app.notion.com/p/86f2d2e9f4074174a2e1898ace238df6?pvs=21),1st,2025/03/12,2025年2月26日 12:39
韓国 - 2025-03-12 - 2nd,韓国,アップロード済,SUNNYSH (https://app.notion.com/p/08d06c9684c3467ba3373ef7768d2323?pvs=21),韓国死傷者続出　首都壊滅瓦礫へ　完全地獄絵図,韓国 - 2025-03-12 - 2nd,NO,YouTubeチェンネル運営ビジネス (https://app.notion.com/p/86f2d2e9f4074174a2e1898ace238df6?pvs=21),2nd,2025/03/12,2025年2月28日 13:40
韓国 - 2025-03-13 - 1st,韓国,アップロード済,SUNNYSH (https://app.notion.com/p/08d06c9684c3467ba3373ef7768d2323?pvs=21),まさかUAEが　原発直撃復旧不能　韓国もう耐えれん,韓国 - 2025-03-13 - 1st,NO,YouTubeチェンネル運営ビジネス (https://app.notion.com/p/86f2d2e9f4074174a2e1898ace238df6?pvs=21),1st,2025/03/13,2025年2月28日 13:41
韓国 - 2025-03-13 - 2nd,韓国,アップロード済,SUNNYSH (https://app.notion.com/p/08d06c9684c3467ba3373ef7768d2323?pvs=21),実は報道通りです　韓国民突如大混乱　米外資世界に発表,韓国 - 2025-03-13 - 2nd,NO,YouTubeチェンネル運営ビジネス (https://app.notion.com/p/86f2d2e9f4074174a2e1898ace238df6?pvs=21),2nd,2025/03/13,2025年2月28日 13:41
韓国 - 2025-03-13 - 2nd,韓国,アップロード済,SUNNYSH (https://app.notion.com/p/08d06c9684c3467ba3373ef7768d2323?pvs=21),泣きつく！　韓国苦戦恥晒し　日本世界称賛独占,韓国 - 2025-03-14 - 1st,NO,YouTubeチェンネル運営ビジネス (https://app.notion.com/p/86f2d2e9f4074174a2e1898ace238df6?pvs=21),1st,2025/03/14,2025年2月28日 13:42
引き寄せの法則の罠,Mc茶会,,SUNNYSH (https://app.notion.com/p/08d06c9684c3467ba3373ef7768d2323?pvs=21),,Mc茶会 - 2025-02-24 -,,YouTubeチェンネル運営ビジネス (https://app.notion.com/p/86f2d2e9f4074174a2e1898ace238df6?pvs=21),,2025/02/24,2025年2月28日 17:52
韓国 - 2025-03-14 - 2nd,韓国,アップロード済,SUNNYSH (https://app.notion.com/p/08d06c9684c3467ba3373ef7768d2323?pvs=21),李在明代表　緊急SOS　突如！？,韓国 - 2025-03-14 - 2nd,NO,YouTubeチェンネル運営ビジネス (https://app.notion.com/p/86f2d2e9f4074174a2e1898ace238df6?pvs=21),2nd,2025/03/14,2025年3月1日 11:38
韓国 - 2025-03-15 - 1st,韓国,アップロード済,SUNNYSH (https://app.notion.com/p/08d06c9684c3467ba3373ef7768d2323?pvs=21),韓国極貧重大発表　日本報道できない　リアルな経済崩壊,韓国 - 2025-03-15 - 1st,NO,YouTubeチェンネル運営ビジネス (https://app.notion.com/p/86f2d2e9f4074174a2e1898ace238df6?pvs=21),1st,2025/03/15,2025年3月1日 11:50
韓国 - 2025-03-15 - 2nd,韓国,アップロード済,SUNNYSH (https://app.notion.com/p/08d06c9684c3467ba3373ef7768d2323?pvs=21),日本支払い拒否　韓国非常事態　自ら自滅発表,韓国 - 2025-03-15 - 2nd,NO,YouTubeチェンネル運営ビジネス (https://app.notion.com/p/86f2d2e9f4074174a2e1898ace238df6?pvs=21),2nd,2025/03/15,2025年3月1日 11:51
韓国 - 2025-03-16 - 1st,韓国,アップロード済,SUNNYSH (https://app.notion.com/p/08d06c9684c3467ba3373ef7768d2323?pvs=21),愚かな韓国　数々屈辱突如後悔　日本の圧倒的勝利,韓国 - 2025-03-16 - 1st,NO,YouTubeチェンネル運営ビジネス (https://app.notion.com/p/86f2d2e9f4074174a2e1898ace238df6?pvs=21),1st,2025/03/16,2025年3月1日 11:51
韓国 - 2025-03-16 - 2nd,韓国,アップロード済,SUNNYSH (https://app.notion.com/p/08d06c9684c3467ba3373ef7768d2323?pvs=21),韓国へNo！　世界が嫌悪感　衝撃事実で日本へ,韓国 - 2025-03-16 - 2nd,NO,YouTubeチェンネル運営ビジネス (https://app.notion.com/p/86f2d2e9f4074174a2e1898ace238df6?pvs=21),2nd,2025/03/16,2025年3月2日 16:07
韓国 - 2025-03-17 - 1st,韓国,アップロード済,SUNNYSH (https://app.notion.com/p/08d06c9684c3467ba3373ef7768d2323?pvs=21),韓国お金がない　だから財閥売却　事実知り国民絶句,韓国 - 2025-03-17 - 1st,NO,YouTubeチェンネル運営ビジネス (https://app.notion.com/p/86f2d2e9f4074174a2e1898ace238df6?pvs=21),1st,2025/03/17,2025年3月2日 16:07
瞑想を理解し開運、健康、5次元に近付く,Mc茶会,,SUNNYSH (https://app.notion.com/p/08d06c9684c3467ba3373ef7768d2323?pvs=21),,Mc茶会 - 2025-03-03 -,,YouTubeチェンネル運営ビジネス (https://app.notion.com/p/86f2d2e9f4074174a2e1898ace238df6?pvs=21),,2025/03/03,2025年3月3日 15:53
韓国 - 2025-03-17 - 2nd,韓国,アップロード済,SUNNYSH (https://app.notion.com/p/08d06c9684c3467ba3373ef7768d2323?pvs=21),韓国既に手遅れ　国際機関批判の嵐　遂に日本が明確に,韓国 - 2025-03-17 - 2nd,NO,YouTubeチェンネル運営ビジネス (https://app.notion.com/p/86f2d2e9f4074174a2e1898ace238df6?pvs=21),2nd,2025/03/17,2025年3月4日 13:23
韓国 - 2025-03-18 - 1st,韓国,アップロード済,SUNNYSH (https://app.notion.com/p/08d06c9684c3467ba3373ef7768d2323?pvs=21),韓国遂に調査判明　同盟国見捨てられ　証拠を突きつける,韓国 - 2025-03-18 - 1st,NO,YouTubeチェンネル運営ビジネス (https://app.notion.com/p/86f2d2e9f4074174a2e1898ace238df6?pvs=21),1st,2025/03/18,2025年3月4日 13:24
韓国 - 2025-03-18 - 2nd,韓国,アップロード済,SUNNYSH (https://app.notion.com/p/08d06c9684c3467ba3373ef7768d2323?pvs=21),韓国残念です　意地を張った結果　国際的問題勃発,韓国 - 2025-03-18 - 2nd,NO,YouTubeチェンネル運営ビジネス (https://app.notion.com/p/86f2d2e9f4074174a2e1898ace238df6?pvs=21),2nd,2025/03/18,2025年3月4日 13:24
韓国 - 2025-03-19 - 1st,韓国,アップロード済,SUNNYSH (https://app.notion.com/p/08d06c9684c3467ba3373ef7768d2323?pvs=21),韓国ウォン暴落　紙くず同然　突如日本へ,韓国 - 2025-03-19 - 1st,NO,YouTubeチェンネル運営ビジネス (https://app.notion.com/p/86f2d2e9f4074174a2e1898ace238df6?pvs=21),1st,2025/03/19,2025年3月5日 12:41
韓国 - 2025-03-19 - 2nd,韓国,アップロード済,SUNNYSH (https://app.notion.com/p/08d06c9684c3467ba3373ef7768d2323?pvs=21),竹島に新展開　遂に日本裁判官が　韓国怯え腰抜かす,韓国 - 2025-03-19 - 2nd,NO,YouTubeチェンネル運営ビジネス (https://app.notion.com/p/86f2d2e9f4074174a2e1898ace238df6?pvs=21),2nd,2025/03/19,2025年3月5日 13:09
韓国 - 2025-03-20 - 1st,韓国,アップロード済,SUNNYSH (https://app.notion.com/p/08d06c9684c3467ba3373ef7768d2323?pvs=21),韓国軍壊滅　フィリピン急変　世界が一斉に,韓国 - 2025-03-20 - 1st,NO,YouTubeチェンネル運営ビジネス (https://app.notion.com/p/86f2d2e9f4074174a2e1898ace238df6?pvs=21),1st,2025/03/20,2025年3月5日 13:10
韓国 - 2025-03-20 - 2nd,韓国,アップロード済,SUNNYSH (https://app.notion.com/p/08d06c9684c3467ba3373ef7768d2323?pvs=21),韓国全土激震　ドイツが世界に　国際緊急報道,韓国 - 2025-03-20 - 2nd,NO,YouTubeチェンネル運営ビジネス (https://app.notion.com/p/86f2d2e9f4074174a2e1898ace238df6?pvs=21),2nd,2025/03/20,2025年3月5日 13:10
韓国 - 2025-03-21 - 1st,韓国,アップロード済,SUNNYSH (https://app.notion.com/p/08d06c9684c3467ba3373ef7768d2323?pvs=21),うちには入れん！　各国続々拒絶に　韓国民緊急SOS,韓国 - 2025-03-21 - 1st,NO,YouTubeチェンネル運営ビジネス (https://app.notion.com/p/86f2d2e9f4074174a2e1898ace238df6?pvs=21),1st,2025/03/21,2025年3月7日 13:58
韓国 - 2025-03-21 - 2nd,韓国,アップロード済,SUNNYSH (https://app.notion.com/p/08d06c9684c3467ba3373ef7768d2323?pvs=21),韓国軍の空爆直撃　倒壊火災爆破　市街地が地獄へ,韓国 - 2025-03-21 - 2nd,NO,YouTubeチェンネル運営ビジネス (https://app.notion.com/p/86f2d2e9f4074174a2e1898ace238df6?pvs=21),2nd,2025/03/21,2025年3月7日 13:59
韓国 - 2025-03-22 - 1st,韓国,アップロード済,SUNNYSH (https://app.notion.com/p/08d06c9684c3467ba3373ef7768d2323?pvs=21),米急変支払い拒否　5百億円の大損害　韓国八方塞がり,韓国 - 2025-03-22 - 1st,NO,YouTubeチェンネル運営ビジネス (https://app.notion.com/p/86f2d2e9f4074174a2e1898ace238df6?pvs=21),1st,2025/03/22,2025年3月7日 13:59
韓国 - 2025-03-23 - 2nd,韓国,アップロード済,SUNNYSH (https://app.notion.com/p/08d06c9684c3467ba3373ef7768d2323?pvs=21),ただの阿呆？！　イジェミョン妄言　韓国民も絶句,韓国 - 2025-03-23 - 2nd,NO,YouTubeチェンネル運営ビジネス (https://app.notion.com/p/86f2d2e9f4074174a2e1898ace238df6?pvs=21),2nd,2025/03/23,2025年3月7日 13:59
韓国 - 2025-03-07 - 1st,韓国,アップロード済,SUNNYSH (https://app.notion.com/p/08d06c9684c3467ba3373ef7768d2323?pvs=21),【速報】たった今　世界激震韓国騒然　ユン大統領奇跡が,韓国 - 2025-03-07 - 1st,NO,YouTubeチェンネル運営ビジネス (https://app.notion.com/p/86f2d2e9f4074174a2e1898ace238df6?pvs=21),1st,2025/03/07,2025年3月7日 15:11
韓国 - 2025-03-24 - 1st,韓国,アップロード済,SUNNYSH (https://app.notion.com/p/08d06c9684c3467ba3373ef7768d2323?pvs=21),公文緊急通達　ついに世界へ　韓国号泣謝罪,韓国 - 2025-03-24 - 1st,NO,YouTubeチェンネル運営ビジネス (https://app.notion.com/p/86f2d2e9f4074174a2e1898ace238df6?pvs=21),1st,2025/03/24,2025年3月8日 12:26
韓国 - 2025-03-24 - 2nd,韓国,アップロード済,SUNNYSH (https://app.notion.com/p/08d06c9684c3467ba3373ef7768d2323?pvs=21),ついに認めた　裁判で日本製　韓国内怒号の嵐,韓国 - 2025-03-24 - 2nd,NO,YouTubeチェンネル運営ビジネス (https://app.notion.com/p/86f2d2e9f4074174a2e1898ace238df6?pvs=21),2nd,2025/03/24,2025年3月8日 12:26
韓国 - 2025-03-23 - 1st,韓国,アップロード済,SUNNYSH (https://app.notion.com/p/08d06c9684c3467ba3373ef7768d2323?pvs=21),比国旅客がゼロへ　酷い事態が告発　韓国民大混乱,韓国 - 2025-03-23 - 1st,NO,YouTubeチェンネル運営ビジネス (https://app.notion.com/p/86f2d2e9f4074174a2e1898ace238df6?pvs=21),1st,2025/03/23,2025年3月8日 12:27
韓国 - 2025-03-25 - 1st,韓国,アップロード済,SUNNYSH (https://app.notion.com/p/08d06c9684c3467ba3373ef7768d2323?pvs=21),韓国民大混乱　まさか慰安婦の嘘　世界に自滅発表,韓国 - 2025-03-25 - 1st,NO,YouTubeチェンネル運営ビジネス (https://app.notion.com/p/86f2d2e9f4074174a2e1898ace238df6?pvs=21),1st,2025/03/25,2025年3月9日 15:02
韓国 - 2025-04-08 - 2nd,韓国,アップロード済,SUNNYSH (https://app.notion.com/p/08d06c9684c3467ba3373ef7768d2323?pvs=21),デンマーク急変　9割復旧不能で　韓国完全に終了,韓国 - 2025-04-08 - 2nd,NO,YouTubeチェンネル運営ビジネス (https://app.notion.com/p/86f2d2e9f4074174a2e1898ace238df6?pvs=21),2nd,2025/04/08,2025年3月9日 15:03
韓国 - 2025-03-26 - 1st,韓国,アップロード済,SUNNYSH (https://app.notion.com/p/08d06c9684c3467ba3373ef7768d2323?pvs=21),韓国民屈辱　まさか米国有名人　遂に国際発信へ,韓国 - 2025-03-26 - 1st,NO,YouTubeチェンネル運営ビジネス (https://app.notion.com/p/86f2d2e9f4074174a2e1898ace238df6?pvs=21),1st,2025/03/26,2025年3月9日 15:03
アジア経済 07月16日,,アップロード済,SUNNYSH (https://app.notion.com/p/08d06c9684c3467ba3373ef7768d2323?pvs=21),,- 2023-07-16 -,,YouTubeチェンネル運営ビジネス (https://app.notion.com/p/86f2d2e9f4074174a2e1898ace238df6?pvs=21),,2023/07/16,2023年7月19日 18:23
アジア経済 07月31日,,アップロード済,SUNNYSH (https://app.notion.com/p/08d06c9684c3467ba3373ef7768d2323?pvs=21),,- 2023-07-31 -,,YouTubeチェンネル運営ビジネス (https://app.notion.com/p/86f2d2e9f4074174a2e1898ace238df6?pvs=21),,2023/07/31,2023年7月28日 13:32
アジア経済 08月15日,,アップロード済,SUNNYSH (https://app.notion.com/p/08d06c9684c3467ba3373ef7768d2323?pvs=21),,- 2023-08-15 -,,YouTubeチェンネル運営ビジネス (https://app.notion.com/p/86f2d2e9f4074174a2e1898ace238df6?pvs=21),,2023/08/15,2023年8月12日 13:09
アジア経済 08月20日,,アップロード済,SUNNYSH (https://app.notion.com/p/08d06c9684c3467ba3373ef7768d2323?pvs=21),,- 2023-08-20 -,,YouTubeチェンネル運営ビジネス (https://app.notion.com/p/86f2d2e9f4074174a2e1898ace238df6?pvs=21),,2023/08/20,2023年8月17日 13:00
中国 09月17日,中国,アップロード済,SUNNYSH (https://app.notion.com/p/08d06c9684c3467ba3373ef7768d2323?pvs=21),,中国 - 2023-09-17 -,,YouTubeチェンネル運営ビジネス (https://app.notion.com/p/86f2d2e9f4074174a2e1898ace238df6?pvs=21),,2023/09/17,2023年9月16日 17:21
韓国 09月20日,韓国,アップロード済,SUNNYSH (https://app.notion.com/p/08d06c9684c3467ba3373ef7768d2323?pvs=21),,韓国 - 2023-09-20 -,,YouTubeチェンネル運営ビジネス (https://app.notion.com/p/86f2d2e9f4074174a2e1898ace238df6?pvs=21),,2023/09/20,2023年9月17日 22:46
中国 09月23日,中国,アップロード済,SUNNYSH (https://app.notion.com/p/08d06c9684c3467ba3373ef7768d2323?pvs=21),,中国 - 2023-09-23 -,,YouTubeチェンネル運営ビジネス (https://app.notion.com/p/86f2d2e9f4074174a2e1898ace238df6?pvs=21),,2023/09/23,2023年9月19日 0:51
川本 09月28日,川本,アップロード済,SUNNYSH (https://app.notion.com/p/08d06c9684c3467ba3373ef7768d2323?pvs=21),心にのこる教え　起こることは　すべて良いこと,川本 - 2023-09-28 -,,YouTubeチェンネル運営ビジネス (https://app.notion.com/p/86f2d2e9f4074174a2e1898ace238df6?pvs=21),,2023/09/28,2023年9月25日 18:14
中国 10月05日,中国,アップロード済,SUNNYSH (https://app.notion.com/p/08d06c9684c3467ba3373ef7768d2323?pvs=21),中国許さん　日本への暴挙　高市宣戦布告,中国 - 2023-10-05 -,,YouTubeチェンネル運営ビジネス (https://app.notion.com/p/86f2d2e9f4074174a2e1898ace238df6?pvs=21),,2023/10/05,2023年10月2日 14:58
ユニ 10月 03日,ユニ,アップロード済,SUNNYSH (https://app.notion.com/p/08d06c9684c3467ba3373ef7768d2323?pvs=21),,ユニ - 2023-10-03 -,,YouTubeチェンネル運営ビジネス (https://app.notion.com/p/86f2d2e9f4074174a2e1898ace238df6?pvs=21),,2023/10/03,2023年10月4日 17:19
韓国 10月14日,韓国,アップロード済,SUNNYSH (https://app.notion.com/p/08d06c9684c3467ba3373ef7768d2323?pvs=21),日米本気？　恐怖の3波の罠　韓国腰抜かす,韓国 - 2023-10-14 -,,YouTubeチェンネル運営ビジネス (https://app.notion.com/p/86f2d2e9f4074174a2e1898ace238df6?pvs=21),,2023/10/14,2023年10月11日 15:05
中国 10月27日,中国,アップロード済,SUNNYSH (https://app.notion.com/p/08d06c9684c3467ba3373ef7768d2323?pvs=21),日本大復活し　世界のお金が　韓国避け大騒ぎ,中国 - 2023-10-27 -,,YouTubeチェンネル運営ビジネス (https://app.notion.com/p/86f2d2e9f4074174a2e1898ace238df6?pvs=21),,2023/10/27,2023年10月23日 14:13
川本 10月28日,川本,アップロード済,SUNNYSH (https://app.notion.com/p/08d06c9684c3467ba3373ef7768d2323?pvs=21),うつ病患者おご家族へ伝えたい3つのこと,川本 - 2023-10-28 -,,YouTubeチェンネル運営ビジネス (https://app.notion.com/p/86f2d2e9f4074174a2e1898ace238df6?pvs=21),,2023/10/28,2023年10月31日 15:00
韓国 11月28日,韓国,アップロード済,SUNNYSH (https://app.notion.com/p/08d06c9684c3467ba3373ef7768d2323?pvs=21),驚愕スラム急増　契約拒否され　もう韓国社会が,韓国 - 2023-11-28 -,要検証,YouTubeチェンネル運営ビジネス (https://app.notion.com/p/86f2d2e9f4074174a2e1898ace238df6?pvs=21),,2023/11/28,2023年11月24日 14:52
中国 12月03日,中国,アップロード済,SUNNYSH (https://app.notion.com/p/08d06c9684c3467ba3373ef7768d2323?pvs=21),中国商取引壊滅　連鎖撤退の恐怖　もう止まらん,中国 - 2023-12-03 -,NO,YouTubeチェンネル運営ビジネス (https://app.notion.com/p/86f2d2e9f4074174a2e1898ace238df6?pvs=21),,2023/12/03,2023年11月29日 13:47
中国 12月05日,中国,アップロード済,SUNNYSH (https://app.notion.com/p/08d06c9684c3467ba3373ef7768d2323?pvs=21),中国許さん　即資産差押だ　星国宣戦布告,中国 - 2023-12-05 -,要検証,YouTubeチェンネル運営ビジネス (https://app.notion.com/p/86f2d2e9f4074174a2e1898ace238df6?pvs=21),,2023/12/05,2023年12月1日 12:56
韓国 12月18日,韓国,アップロード済,SUNNYSH (https://app.notion.com/p/08d06c9684c3467ba3373ef7768d2323?pvs=21),ポーランド突如　新政権購入拒否　韓国もうお金が,韓国 - 2023-12-18 -,NO,YouTubeチェンネル運営ビジネス (https://app.notion.com/p/86f2d2e9f4074174a2e1898ace238df6?pvs=21),,2023/12/18,2023年12月15日 13:24
中国 12月18日,中国,アップロード済,SUNNYSH (https://app.notion.com/p/08d06c9684c3467ba3373ef7768d2323?pvs=21),米国公式発表　中国事実を認め　銀行連鎖倒産へ　,中国 - 2023-12-18 -,NO,YouTubeチェンネル運営ビジネス (https://app.notion.com/p/86f2d2e9f4074174a2e1898ace238df6?pvs=21),,2023/12/18,2023年12月15日 15:05
中国 12月24日,中国,アップロード済,SUNNYSH (https://app.notion.com/p/08d06c9684c3467ba3373ef7768d2323?pvs=21),中国急転　台湾軍のワナ　計画大崩壊,中国 - 2023-12-24 -,NO,YouTubeチェンネル運営ビジネス (https://app.notion.com/p/86f2d2e9f4074174a2e1898ace238df6?pvs=21),,2023/12/24,2023年12月21日 15:47
韓国 12月31日,韓国,アップロード済,SUNNYSH (https://app.notion.com/p/08d06c9684c3467ba3373ef7768d2323?pvs=21),ロシア急変　全財産没収　韓国腰抜かす,韓国 - 2023-12-31 -,NO,YouTubeチェンネル運営ビジネス (https://app.notion.com/p/86f2d2e9f4074174a2e1898ace238df6?pvs=21),,2023/12/31,2023年12月29日 16:42
韓国 01月15日,韓国,アップロード済,SUNNYSH (https://app.notion.com/p/08d06c9684c3467ba3373ef7768d2323?pvs=21),米識者が警告　停止できず　韓国地獄絵図,韓国 - 2024-01-15 -,NO,YouTubeチェンネル運営ビジネス (https://app.notion.com/p/86f2d2e9f4074174a2e1898ace238df6?pvs=21),,2024/01/15,2024年1月13日 14:40
韓国 01月19日,韓国,アップロード済,SUNNYSH (https://app.notion.com/p/08d06c9684c3467ba3373ef7768d2323?pvs=21),韓国へ警告　日本国民9割が　怒りの審判,韓国 - 2024-01-19 -,NO,YouTubeチェンネル運営ビジネス (https://app.notion.com/p/86f2d2e9f4074174a2e1898ace238df6?pvs=21),,2024/01/19,2024年1月17日 12:42
宇宙 01月30日,宇宙のルール,Not     　Started,SUNNYSH (https://app.notion.com/p/08d06c9684c3467ba3373ef7768d2323?pvs=21),ゲンさん出過ぎた時にどうしたらいいかのチャート,宇宙のルール - 2024-01-21 -,,YouTubeチェンネル運営ビジネス (https://app.notion.com/p/86f2d2e9f4074174a2e1898ace238df6?pvs=21),,2024/01/21,2024年1月28日 11:03
宇宙,宇宙のルール,Not     　Started,SUNNYSH (https://app.notion.com/p/08d06c9684c3467ba3373ef7768d2323?pvs=21),ブラックBOX,宇宙のルール - 2024-01-22 -,,YouTubeチェンネル運営ビジネス (https://app.notion.com/p/86f2d2e9f4074174a2e1898ace238df6?pvs=21),,2024/01/22,2024年1月29日 18:55
中国 02月15日,中国,アップロード済,SUNNYSH (https://app.notion.com/p/08d06c9684c3467ba3373ef7768d2323?pvs=21),緊急SOS　中国民大発狂　米大使館雪崩込,中国 - 2024-02-15 -,NO,YouTubeチェンネル運営ビジネス (https://app.notion.com/p/86f2d2e9f4074174a2e1898ace238df6?pvs=21),,2024/02/15,2024年2月10日 13:23
韓国 02月24日,韓国,アップロード済,SUNNYSH (https://app.notion.com/p/08d06c9684c3467ba3373ef7768d2323?pvs=21),韓国大混乱　なぜか入国拒否　まさか米国が,韓国 - 2024-02-24 -,NO,YouTubeチェンネル運営ビジネス (https://app.notion.com/p/86f2d2e9f4074174a2e1898ace238df6?pvs=21),,2024/02/24,2024年2月18日 13:59
中国 03月06日,中国,アップロード済,SUNNYSH (https://app.notion.com/p/08d06c9684c3467ba3373ef7768d2323?pvs=21),いいぞ米英　必死の中国へ　あっさり拒否,中国 - 2024-03-06 -,NO,YouTubeチェンネル運営ビジネス (https://app.notion.com/p/86f2d2e9f4074174a2e1898ace238df6?pvs=21),,2024/03/06,2024年3月1日 16:45
その他 03月16日,日本・その他のニュース,アップロード済,SUNNYSH (https://app.notion.com/p/08d06c9684c3467ba3373ef7768d2323?pvs=21),韓国、大失敗　世界が事実認め　日本にボロ負け,日本・その他のニュース - 2024-03-16 -,NO,YouTubeチェンネル運営ビジネス (https://app.notion.com/p/86f2d2e9f4074174a2e1898ace238df6?pvs=21),,2024/03/16,2024年3月10日 13:49
韓国 03月17日,韓国,アップロード済,SUNNYSH (https://app.notion.com/p/08d06c9684c3467ba3373ef7768d2323?pvs=21),オリンパス激怒　483億支払命令　韓国経済阿鼻地獄,韓国 - 2024-03-17 -,NO,YouTubeチェンネル運営ビジネス (https://app.notion.com/p/86f2d2e9f4074174a2e1898ace238df6?pvs=21),,2024/03/17,2024年3月12日 16:31
その他 03月27日,日本・その他のニュース,アップロード済,SUNNYSH (https://app.notion.com/p/08d06c9684c3467ba3373ef7768d2323?pvs=21),中国スパイ失敗　ベルギー高官激怒　完全排除か,日本・その他のニュース - 2024-03-27 -,NO,YouTubeチェンネル運営ビジネス (https://app.notion.com/p/86f2d2e9f4074174a2e1898ace238df6?pvs=21),,2024/03/27,2024年3月17日 13:21
韓国 04月07日,韓国,アップロード済,SUNNYSH (https://app.notion.com/p/08d06c9684c3467ba3373ef7768d2323?pvs=21),ついに協約破棄　日本独占開始　韓国打つ手なし,韓国 - 2024-04-07 -,NO,YouTubeチェンネル運営ビジネス (https://app.notion.com/p/86f2d2e9f4074174a2e1898ace238df6?pvs=21),,2024/04/07,2024年3月29日 15:35
中国 04月10日,中国,アップロード済,SUNNYSH (https://app.notion.com/p/08d06c9684c3467ba3373ef7768d2323?pvs=21),中国崩壊総撤退　100％大暴落　すべて日本が,中国 - 2024-04-10 -,NO,YouTubeチェンネル運営ビジネス (https://app.notion.com/p/86f2d2e9f4074174a2e1898ace238df6?pvs=21),,2024/04/10,2024年4月2日 14:40
韓国 04月11日,韓国,アップロード済,SUNNYSH (https://app.notion.com/p/08d06c9684c3467ba3373ef7768d2323?pvs=21),韓国民悲鳴の嵐　床抜け高速バス　衝撃破片散乱地獄,韓国 - 2024-04-11 -,NO,YouTubeチェンネル運営ビジネス (https://app.notion.com/p/86f2d2e9f4074174a2e1898ace238df6?pvs=21),,2024/04/11,2024年4月3日 14:06
中国 04月16日,中国,アップロード済,SUNNYSH (https://app.notion.com/p/08d06c9684c3467ba3373ef7768d2323?pvs=21),真実ついに漏洩　中国高速道路破産　2000兆円負債　,中国 - 2024-04-16 -,NO,YouTubeチェンネル運営ビジネス (https://app.notion.com/p/86f2d2e9f4074174a2e1898ace238df6?pvs=21),,2024/04/16,2024年4月5日 17:14
韓国 04月18日,韓国,アップロード済,SUNNYSH (https://app.notion.com/p/08d06c9684c3467ba3373ef7768d2323?pvs=21),失敗!大赤字　米国警察激怒報道　韓国緊急対応へ,韓国 - 2024-04-18 -,NO,YouTubeチェンネル運営ビジネス (https://app.notion.com/p/86f2d2e9f4074174a2e1898ace238df6?pvs=21),,2024/04/18,2024年4月11日 15:01
韓国 04月20日,韓国,アップロード済,SUNNYSH (https://app.notion.com/p/08d06c9684c3467ba3373ef7768d2323?pvs=21),韓国手遅れ　フランス国際報道　国家崩壊の恐怖,韓国 - 2024-04-20 -,NO,YouTubeチェンネル運営ビジネス (https://app.notion.com/p/86f2d2e9f4074174a2e1898ace238df6?pvs=21),,2024/04/20,2024年4月12日 18:03
韓国 05月08日,韓国,アップロード済,SUNNYSH (https://app.notion.com/p/08d06c9684c3467ba3373ef7768d2323?pvs=21),日本に謝れ　反韓芸能人激怒　韓国民驚嘆,韓国 - 2024-05-08 -,NO,YouTubeチェンネル運営ビジネス (https://app.notion.com/p/86f2d2e9f4074174a2e1898ace238df6?pvs=21),,2024/05/08,2024年4月28日 15:19
韓国 05月22日,韓国,アップロード済,SUNNYSH (https://app.notion.com/p/08d06c9684c3467ba3373ef7768d2323?pvs=21),発電所が廃棄物に　停電値上り大惨事　韓国民もうお金が,韓国 - 2024-05-22 -,NO,YouTubeチェンネル運営ビジネス (https://app.notion.com/p/86f2d2e9f4074174a2e1898ace238df6?pvs=21),,2024/05/22,2024年5月13日 14:03
中国 05月26日,中国,アップロード済,SUNNYSH (https://app.notion.com/p/08d06c9684c3467ba3373ef7768d2323?pvs=21),仏国で拉致失敗　国際問題にまで　中国大慌て,中国 - 2024-05-26 -,NO,YouTubeチェンネル運営ビジネス (https://app.notion.com/p/86f2d2e9f4074174a2e1898ace238df6?pvs=21),,2024/05/26,2024年5月18日 13:59
中国 06月15日,中国,アップロード済,SUNNYSH (https://app.notion.com/p/08d06c9684c3467ba3373ef7768d2323?pvs=21),もう復旧不可能　豪国が渡航禁止へ　中国腰抜かす,中国 - 2024-06-15 -,NO,YouTubeチェンネル運営ビジネス (https://app.notion.com/p/86f2d2e9f4074174a2e1898ace238df6?pvs=21),,2024/06/15,2024年6月4日 17:18
最高の将来にするために,Mc茶会,,SUNNYSH (https://app.notion.com/p/08d06c9684c3467ba3373ef7768d2323?pvs=21),,Mc茶会 - 2024-07-02 -,,YouTubeチェンネル運営ビジネス (https://app.notion.com/p/86f2d2e9f4074174a2e1898ace238df6?pvs=21),,2024/07/02,2024年7月15日 22:57
韓国 08月05日,韓国,アップロード済,SUNNYSH (https://app.notion.com/p/08d06c9684c3467ba3373ef7768d2323?pvs=21),韓国がひた隠す　竹島新証言世界へ　ついに明かされる,韓国 - 2024-08-05 -,NO,YouTubeチェンネル運営ビジネス (https://app.notion.com/p/86f2d2e9f4074174a2e1898ace238df6?pvs=21),,2024/08/05,2024年7月27日 14:59
中国 08月17日,中国,アップロード済,SUNNYSH (https://app.notion.com/p/08d06c9684c3467ba3373ef7768d2323?pvs=21),どうしてだ・・・　中国失敗空中分解　世界がゴミ扱い,中国 - 2024-08-17 -,NO,YouTubeチェンネル運営ビジネス (https://app.notion.com/p/86f2d2e9f4074174a2e1898ace238df6?pvs=21),,2024/08/17,2024年8月11日 13:01
中国 08月20日,中国,アップロード済,SUNNYSH (https://app.notion.com/p/08d06c9684c3467ba3373ef7768d2323?pvs=21),バングラデシュ　突如政変契約破棄　中国大慌て,中国 - 2024-08-20 -,NO,YouTubeチェンネル運営ビジネス (https://app.notion.com/p/86f2d2e9f4074174a2e1898ace238df6?pvs=21),,2024/08/20,2024年8月13日 15:20
韓国 08月26日,韓国,アップロード済,SUNNYSH (https://app.notion.com/p/08d06c9684c3467ba3373ef7768d2323?pvs=21),日本を裏切った　インドネシア急変　次は韓国,韓国 - 2024-08-26 -,NO,YouTubeチェンネル運営ビジネス (https://app.notion.com/p/86f2d2e9f4074174a2e1898ace238df6?pvs=21),,2024/08/26,2024年8月18日 17:27
韓国 09月03日,韓国,アップロード済,SUNNYSH (https://app.notion.com/p/08d06c9684c3467ba3373ef7768d2323?pvs=21),世界から批判殺到　韓国反日教授追放　日本が怒りの審判,韓国 - 2024-09-03 -,NO,YouTubeチェンネル運営ビジネス (https://app.notion.com/p/86f2d2e9f4074174a2e1898ace238df6?pvs=21),,2024/09/03,2024年8月27日 14:24
韓国 09月04日,韓国,アップロード済,SUNNYSH (https://app.notion.com/p/08d06c9684c3467ba3373ef7768d2323?pvs=21),実は報道通りです　韓国知らず大慌て　既に日本が制圧済　,韓国 - 2024-09-04 -,NO,YouTubeチェンネル運営ビジネス (https://app.notion.com/p/86f2d2e9f4074174a2e1898ace238df6?pvs=21),,2024/09/04,2024年8月28日 12:14
中国 09月07日速報,中国,アップロード済,SUNNYSH (https://app.notion.com/p/08d06c9684c3467ba3373ef7768d2323?pvs=21),高市節発動！　国際報道公開処刑　中国腰抜かす,中国 - 2024-09-07 -,NO,YouTubeチェンネル運営ビジネス (https://app.notion.com/p/86f2d2e9f4074174a2e1898ace238df6?pvs=21),,2024/09/07,2024年9月5日 14:30
中国 09月17日,中国,アップロード済,SUNNYSH (https://app.notion.com/p/08d06c9684c3467ba3373ef7768d2323?pvs=21),スーパー台風地獄　中国の省飲み込み　民混乱街が消えた,中国 - 2024-09-17 -,NO,YouTubeチェンネル運営ビジネス (https://app.notion.com/p/86f2d2e9f4074174a2e1898ace238df6?pvs=21),,2024/09/17,2024年9月11日 14:29
韓国 09月22日,韓国,アップロード済,SUNNYSH (https://app.notion.com/p/08d06c9684c3467ba3373ef7768d2323?pvs=21),韓国嘘バレ詰んだ　日本が洗脳暴露　世界続々拒絶,韓国 - 2024-09-22 -,NO,YouTubeチェンネル運営ビジネス (https://app.notion.com/p/86f2d2e9f4074174a2e1898ace238df6?pvs=21),,2024/09/22,2024年9月14日 13:34
韓国 - 2025-03-26 - 2nd,韓国,アップロード済,SUNNYSH (https://app.notion.com/p/08d06c9684c3467ba3373ef7768d2323?pvs=21),韓国ついに不渡り　遂に食料流通停止　国民犠牲へ大混乱,韓国 - 2025-03-26 - 2nd,NO,YouTubeチェンネル運営ビジネス (https://app.notion.com/p/86f2d2e9f4074174a2e1898ace238df6?pvs=21),2nd,2025/03/26,2025年3月12日 17:07
韓国 - 2025-03-27 - 1st,韓国,アップロード済,SUNNYSH (https://app.notion.com/p/08d06c9684c3467ba3373ef7768d2323?pvs=21),アメリカ処分決定　愚かな韓国標的に　国際社会が一斉に,韓国 - 2025-03-27 - 1st,NO,YouTubeチェンネル運営ビジネス (https://app.notion.com/p/86f2d2e9f4074174a2e1898ace238df6?pvs=21),1st,2025/03/27,2025年3月13日 12:36
韓国 - 2025-03-27 - 2nd,韓国,アップロード済,SUNNYSH (https://app.notion.com/p/08d06c9684c3467ba3373ef7768d2323?pvs=21),ついに認めた　実は日本製　怯える韓国民発狂,韓国 - 2025-03-27 - 2nd,NO,YouTubeチェンネル運営ビジネス (https://app.notion.com/p/86f2d2e9f4074174a2e1898ace238df6?pvs=21),2nd,2025/03/27,2025年3月13日 12:36
韓国 - 2025-03-28 - 1st,韓国,アップロード済,SUNNYSH (https://app.notion.com/p/08d06c9684c3467ba3373ef7768d2323?pvs=21),NHK党鋭い正論　韓国反日行動追放　日本政府ついに,韓国 - 2025-03-28 - 1st,NO,YouTubeチェンネル運営ビジネス (https://app.notion.com/p/86f2d2e9f4074174a2e1898ace238df6?pvs=21),1st,2025/03/28,2025年3月13日 12:37
韓国 - 2025-03-29 - 1st,韓国,アップロード済,SUNNYSH (https://app.notion.com/p/08d06c9684c3467ba3373ef7768d2323?pvs=21),大使館まさか　竹島は日本領　韓国騒然世界発表,韓国 - 2025-03-29 - 1st,NO,YouTubeチェンネル運営ビジネス (https://app.notion.com/p/86f2d2e9f4074174a2e1898ace238df6?pvs=21),1st,2025/03/29,2025年3月15日 12:20
韓国 - 2025-03-29 - 2nd,韓国,アップロード済,SUNNYSH (https://app.notion.com/p/08d06c9684c3467ba3373ef7768d2323?pvs=21),韓国不渡り多発　国内倒産多発　もう滅びる,韓国 - 2025-03-29 - 2nd,NO,YouTubeチェンネル運営ビジネス (https://app.notion.com/p/86f2d2e9f4074174a2e1898ace238df6?pvs=21),2nd,2025/03/29,2025年3月15日 12:20
韓国 - 2025-03-30 - 1st,韓国,アップロード済,SUNNYSH (https://app.notion.com/p/08d06c9684c3467ba3373ef7768d2323?pvs=21),韓国ウォン暴落　紙くず同然　突如日本へ,韓国 - 2025-03-30 - 1st,NO,YouTubeチェンネル運営ビジネス (https://app.notion.com/p/86f2d2e9f4074174a2e1898ace238df6?pvs=21),1st,2025/03/30,2025年3月15日 12:21
韓国 - 2025-03-30 - 2nd,韓国,アップロード済,SUNNYSH (https://app.notion.com/p/08d06c9684c3467ba3373ef7768d2323?pvs=21),韓国お金がない　滞納続出続々閉鎖　お金が日本へ,韓国 - 2025-03-30 - 2nd,NO,YouTubeチェンネル運営ビジネス (https://app.notion.com/p/86f2d2e9f4074174a2e1898ace238df6?pvs=21),2nd,2025/03/30,2025年3月15日 12:21
韓国 - 2025-03-31 - 1st,韓国,アップロード済,SUNNYSH (https://app.notion.com/p/08d06c9684c3467ba3373ef7768d2323?pvs=21),韓国大慌て　NHKが世界に　緊急発表,韓国 - 2025-03-31 - 1st,NO,YouTubeチェンネル運営ビジネス (https://app.notion.com/p/86f2d2e9f4074174a2e1898ace238df6?pvs=21),1st,2025/03/31,2025年3月16日 13:53
韓国 - 2025-03-31 - 2nd,韓国,アップロード済,SUNNYSH (https://app.notion.com/p/08d06c9684c3467ba3373ef7768d2323?pvs=21),韓国急変お通夜へ　100％暴落決定　まさか日米が,韓国 - 2025-03-31 - 2nd,NO,YouTubeチェンネル運営ビジネス (https://app.notion.com/p/86f2d2e9f4074174a2e1898ace238df6?pvs=21),2nd,2025/03/31,2025年3月16日 13:53
韓国 - 2025-04-01 - 1st,韓国,アップロード済,SUNNYSH (https://app.notion.com/p/08d06c9684c3467ba3373ef7768d2323?pvs=21),韓国既に手遅れ　世界で批判の嵐　遂に日本が明確に,韓国 - 2025-04-01 - 1st,NO,YouTubeチェンネル運営ビジネス (https://app.notion.com/p/86f2d2e9f4074174a2e1898ace238df6?pvs=21),1st,2025/04/01,2025年3月16日 13:53
韓国 - 2025-04-19 - 2nd,韓国,アップロード済,SUNNYSH (https://app.notion.com/p/08d06c9684c3467ba3373ef7768d2323?pvs=21),ついに始まった　日本の逆襲　韓国製鉄業大発狂,韓国 - 2025-04-19 - 2nd,NO,YouTubeチェンネル運営ビジネス (https://app.notion.com/p/86f2d2e9f4074174a2e1898ace238df6?pvs=21),2nd,2025/04/19,2025年3月16日 13:54
韓国 - 2025-04-01 - 2nd,韓国,アップロード済,SUNNYSH (https://app.notion.com/p/08d06c9684c3467ba3373ef7768d2323?pvs=21),韓国軍新鋭機壊滅　インドネシア強行　世界が一斉に,韓国 - 2025-04-01 - 2nd,NO,YouTubeチェンネル運営ビジネス (https://app.notion.com/p/86f2d2e9f4074174a2e1898ace238df6?pvs=21),2nd,2025/04/01,2025年3月17日 13:37
韓国 - 2025-04-02 - 1st,韓国,アップロード済,SUNNYSH (https://app.notion.com/p/08d06c9684c3467ba3373ef7768d2323?pvs=21),韓国の計画大失敗　米国が完全拒否　事実知り韓民騒然,韓国 - 2025-04-02 - 1st,NO,YouTubeチェンネル運営ビジネス (https://app.notion.com/p/86f2d2e9f4074174a2e1898ace238df6?pvs=21),1st,2025/04/02,2025年3月17日 13:43
韓国 - 2025-04-02 - 2nd,韓国,アップロード済,SUNNYSH (https://app.notion.com/p/08d06c9684c3467ba3373ef7768d2323?pvs=21),なぜなんだ　世界の相次ぐ無視　韓国限界パニック,韓国 - 2025-04-02 - 2nd,NO,YouTubeチェンネル運営ビジネス (https://app.notion.com/p/86f2d2e9f4074174a2e1898ace238df6?pvs=21),2nd,2025/04/02,2025年3月17日 13:43
韓国 - 2025-04-03 - 1st,韓国,アップロード済,SUNNYSH (https://app.notion.com/p/08d06c9684c3467ba3373ef7768d2323?pvs=21),哀れ韓国計画失敗　国際報道批判殺到　日本助けず無視,韓国 - 2025-04-03 - 1st,NO,YouTubeチェンネル運営ビジネス (https://app.notion.com/p/86f2d2e9f4074174a2e1898ace238df6?pvs=21),1st,2025/04/03,2025年3月17日 13:44
韓国 - 2025-04-03 - 2nd,韓国,アップロード済,SUNNYSH (https://app.notion.com/p/08d06c9684c3467ba3373ef7768d2323?pvs=21),韓国民パニック　リアルイカゲーム　世界に滅亡発表,韓国 - 2025-04-03 - 2nd,NO,YouTubeチェンネル運営ビジネス (https://app.notion.com/p/86f2d2e9f4074174a2e1898ace238df6?pvs=21),2nd,2025/04/03,2025年3月17日 13:44
韓国 - 2025-04-04 - 1st,韓国,アップロード済,SUNNYSH (https://app.notion.com/p/08d06c9684c3467ba3373ef7768d2323?pvs=21),韓国経済打撃　ひど過ぎ事態告発　人金も全て日本へ,韓国 - 2025-04-04 - 1st,NO,YouTubeチェンネル運営ビジネス (https://app.notion.com/p/86f2d2e9f4074174a2e1898ace238df6?pvs=21),1st,2025/04/04,2025年3月19日 13:21
宝くじを使い宇宙の法則を学ぶ,Mc茶会,,SUNNYSH (https://app.notion.com/p/08d06c9684c3467ba3373ef7768d2323?pvs=21),,Mc茶会 - 2025-03-14 -,,YouTubeチェンネル運営ビジネス (https://app.notion.com/p/86f2d2e9f4074174a2e1898ace238df6?pvs=21),,2025/03/14,2025年3月19日 22:43
韓国 - 2025-04-04 - 2nd,韓国,アップロード済,SUNNYSH (https://app.notion.com/p/08d06c9684c3467ba3373ef7768d2323?pvs=21),韓国極貧重大発表　2000億消滅へ　日本は完全無視,韓国 - 2025-04-04 - 2nd,NO,YouTubeチェンネル運営ビジネス (https://app.notion.com/p/86f2d2e9f4074174a2e1898ace238df6?pvs=21),2nd,2025/04/04,2025年3月20日 12:18
韓国 - 2025-04-04 - 2nd,韓国,アップロード済,SUNNYSH (https://app.notion.com/p/08d06c9684c3467ba3373ef7768d2323?pvs=21),泣きつく韓国　英国発表世界退場　日本は最大評価,韓国 - 2025-04-05 - 1st,NO,YouTubeチェンネル運営ビジネス (https://app.notion.com/p/86f2d2e9f4074174a2e1898ace238df6?pvs=21),1st,2025/04/05,2025年3月20日 12:18
韓国 - 2025-04-05 - 2nd,韓国,アップロード済,SUNNYSH (https://app.notion.com/p/08d06c9684c3467ba3373ef7768d2323?pvs=21),反日知事追放へ　韓国で愚かさ公開　日本民激怒の審判,韓国 - 2025-04-05 - 2nd,NO,YouTubeチェンネル運営ビジネス (https://app.notion.com/p/86f2d2e9f4074174a2e1898ace238df6?pvs=21),2nd,2025/04/05,2025年3月20日 12:18
韓国 - 2025-04-06 - 1st,韓国,アップロード済,SUNNYSH (https://app.notion.com/p/08d06c9684c3467ba3373ef7768d2323?pvs=21),【速報】たった今　ユンまさかの逆転　世界激震韓国騒然,韓国 - 2025-04-06 - 1st,NO,YouTubeチェンネル運営ビジネス (https://app.notion.com/p/86f2d2e9f4074174a2e1898ace238df6?pvs=21),1st,2025/04/06,2025年3月22日 12:36
韓国 - 2025-04-06 - 2nd,韓国,アップロード済,SUNNYSH (https://app.notion.com/p/08d06c9684c3467ba3373ef7768d2323?pvs=21),地獄生きる韓国民　あまりのヤバさに　町ごと消えそう,韓国 - 2025-04-06 - 2nd,NO,YouTubeチェンネル運営ビジネス (https://app.notion.com/p/86f2d2e9f4074174a2e1898ace238df6?pvs=21),2nd,2025/04/06,2025年3月22日 12:37
韓国 - 2025-04-07 - 1st,韓国,アップロード済,SUNNYSH (https://app.notion.com/p/08d06c9684c3467ba3373ef7768d2323?pvs=21),韓国民失望へ　竹島は日本領　まさかフランスが,韓国 - 2025-04-07 - 1st,NO,YouTubeチェンネル運営ビジネス (https://app.notion.com/p/86f2d2e9f4074174a2e1898ace238df6?pvs=21),1st,2025/04/07,2025年3月22日 12:37
韓国 - 2025-04-23 - 1st,韓国,アップロード済,SUNNYSH (https://app.notion.com/p/08d06c9684c3467ba3373ef7768d2323?pvs=21),哀れな韓国　国際報道批判殺到　事実知り韓民騒然,韓国 - 2025-04-23 - 1st,NO,YouTubeチェンネル運営ビジネス (https://app.notion.com/p/86f2d2e9f4074174a2e1898ace238df6?pvs=21),1st,2025/04/23,2025年3月22日 12:37
韓国 - 2025-04-09 - 2nd,韓国,アップロード済,SUNNYSH (https://app.notion.com/p/08d06c9684c3467ba3373ef7768d2323?pvs=21),世論調査機関激白　イジェミョン血涙　韓国国家壊滅状態,韓国 - 2025-04-09 - 2nd,NO,YouTubeチェンネル運営ビジネス (https://app.notion.com/p/86f2d2e9f4074174a2e1898ace238df6?pvs=21),2nd,2025/04/09,2025年3月23日 12:29
韓国 - 2025-03-25 - 2nd,韓国,,SUNNYSH (https://app.notion.com/p/08d06c9684c3467ba3373ef7768d2323?pvs=21),韓国全土激震　遂に反日狂い議員　まさか警察が,韓国 - 2025-03-25 - 2nd,NO,YouTubeチェンネル運営ビジネス (https://app.notion.com/p/86f2d2e9f4074174a2e1898ace238df6?pvs=21),2nd,2025/03/25,2025年3月23日 12:29
韓国 - 2025-04-09 - 1st,韓国,アップロード済,SUNNYSH (https://app.notion.com/p/08d06c9684c3467ba3373ef7768d2323?pvs=21),松重豊鋭い正論　韓国反日芸人追放　世界から批判殺到,韓国 - 2025-04-09 - 1st,NO,YouTubeチェンネル運営ビジネス (https://app.notion.com/p/86f2d2e9f4074174a2e1898ace238df6?pvs=21),1st,2025/04/09,2025年3月23日 12:30
韓国 - 2025-04-08 - 1st,韓国,アップロード済,SUNNYSH (https://app.notion.com/p/08d06c9684c3467ba3373ef7768d2323?pvs=21),頭、大丈夫？　イジェミョン妄想　韓国民犠牲大混乱,韓国 - 2025-04-08 - 1st,NO,YouTubeチェンネル運営ビジネス (https://app.notion.com/p/86f2d2e9f4074174a2e1898ace238df6?pvs=21),1st,2025/04/08,2025年3月23日 12:30
韓国 - 2025-04-11 - 2nd,韓国,アップロード済,SUNNYSH (https://app.notion.com/p/08d06c9684c3467ba3373ef7768d2323?pvs=21),韓国民絶句　やばい証拠を押収　李在明大ピンチ,韓国 - 2025-04-11 - 2nd,NO,YouTubeチェンネル運営ビジネス (https://app.notion.com/p/86f2d2e9f4074174a2e1898ace238df6?pvs=21),2nd,2025/04/11,2025年3月26日 9:27
韓国 - 2025-04-10 - 2nd,韓国,アップロード済,SUNNYSH (https://app.notion.com/p/08d06c9684c3467ba3373ef7768d2323?pvs=21),韓国緊急事態　世界が一斉拒否　残念です復帰不能,韓国 - 2025-04-10 - 2nd,NO,YouTubeチェンネル運営ビジネス (https://app.notion.com/p/86f2d2e9f4074174a2e1898ace238df6?pvs=21),2nd,2025/04/10,2025年3月26日 9:27
韓国 - 2025-04-11 - 1st,韓国,アップロード済,SUNNYSH (https://app.notion.com/p/08d06c9684c3467ba3373ef7768d2323?pvs=21),韓国民騒然　借金まさか1京へ　日本は完全無視,韓国 - 2025-04-11 - 1st,NO,YouTubeチェンネル運営ビジネス (https://app.notion.com/p/86f2d2e9f4074174a2e1898ace238df6?pvs=21),1st,2025/04/11,2025年3月26日 9:28
韓国 - 2025-04-10 - 1st,韓国,アップロード済,SUNNYSH (https://app.notion.com/p/08d06c9684c3467ba3373ef7768d2323?pvs=21),韓国混乱危機警報　1日16件山火事　この世の地獄,韓国 - 2025-04-10 - 1st,NO,YouTubeチェンネル運営ビジネス (https://app.notion.com/p/86f2d2e9f4074174a2e1898ace238df6?pvs=21),1st,2025/04/10,2025年3月26日 9:28
韓国 - 2025-04-30 - 1st,韓国,アップロード済,SUNNYSH (https://app.notion.com/p/08d06c9684c3467ba3373ef7768d2323?pvs=21),韓国政府大慌て　入国拒否続出　完全に日本へ,韓国 - 2025-04-12 - 1st,NO,YouTubeチェンネル運営ビジネス (https://app.notion.com/p/86f2d2e9f4074174a2e1898ace238df6?pvs=21),1st,2025/04/12,2025年3月27日 12:33
韓国 - 2025-04-12 - 2nd,韓国,アップロード済,SUNNYSH (https://app.notion.com/p/08d06c9684c3467ba3373ef7768d2323?pvs=21),韓国既に手遅れ　国際医学批判の嵐　遂に日本が明確に,韓国 - 2025-04-12 - 2nd,NO,YouTubeチェンネル運営ビジネス (https://app.notion.com/p/86f2d2e9f4074174a2e1898ace238df6?pvs=21),2nd,2025/04/12,2025年3月27日 12:34
韓国 - 2025-04-13 - 1st,韓国,アップロード済,SUNNYSH (https://app.notion.com/p/08d06c9684c3467ba3373ef7768d2323?pvs=21),公文緊急通達　まさか世界へ　韓国号泣謝罪,韓国 - 2025-04-13 - 1st,NO,YouTubeチェンネル運営ビジネス (https://app.notion.com/p/86f2d2e9f4074174a2e1898ace238df6?pvs=21),1st,2025/04/13,2025年3月27日 12:34
韓国 - 2025-04-13 - 2nd,韓国,アップロード済,SUNNYSH (https://app.notion.com/p/08d06c9684c3467ba3373ef7768d2323?pvs=21),次は逮捕だ！　韓国民立入禁止　日本人怒りの審判,韓国 - 2025-04-13 - 2nd,NO,YouTubeチェンネル運営ビジネス (https://app.notion.com/p/86f2d2e9f4074174a2e1898ace238df6?pvs=21),2nd,2025/04/13,2025年3月29日 13:22
韓国 - 2025-04-14 - 1st,韓国,アップロード済,SUNNYSH (https://app.notion.com/p/08d06c9684c3467ba3373ef7768d2323?pvs=21),文在寅置き土産　韓国民が犠牲に　米国が世界に発表,韓国 - 2025-04-14 - 1st,NO,YouTubeチェンネル運営ビジネス (https://app.notion.com/p/86f2d2e9f4074174a2e1898ace238df6?pvs=21),1st,2025/04/14,2025年3月29日 13:23
韓国 - 2025-04-14 - 2nd,韓国,アップロード済,SUNNYSH (https://app.notion.com/p/08d06c9684c3467ba3373ef7768d2323?pvs=21),まさかイギリスが　あっさり処刑　韓国民号泣謝罪,韓国 - 2025-04-14 - 2nd,NO,YouTubeチェンネル運営ビジネス (https://app.notion.com/p/86f2d2e9f4074174a2e1898ace238df6?pvs=21),2nd,2025/04/14,2025年3月29日 13:24
韓国 - 2025-04-15 - 1st,韓国,アップロード済,SUNNYSH (https://app.notion.com/p/08d06c9684c3467ba3373ef7768d2323?pvs=21),韓国腰抜かす　国際技術重大発表　日本の圧倒的強さ,韓国 - 2025-04-15 - 1st,NO,YouTubeチェンネル運営ビジネス (https://app.notion.com/p/86f2d2e9f4074174a2e1898ace238df6?pvs=21),1st,2025/04/15,2025年3月31日 14:09
韓国 - 2025-04-15 - 2nd,韓国,アップロード済,SUNNYSH (https://app.notion.com/p/08d06c9684c3467ba3373ef7768d2323?pvs=21),欧州商工会急変　まさかの辞退に　韓国大慌て,韓国 - 2025-04-15 - 2nd,NO,YouTubeチェンネル運営ビジネス (https://app.notion.com/p/86f2d2e9f4074174a2e1898ace238df6?pvs=21),2nd,2025/04/15,2025年3月31日 14:10
韓国 - 2025-04-16 - 1st,韓国,アップロード済,SUNNYSH (https://app.notion.com/p/08d06c9684c3467ba3373ef7768d2323?pvs=21),韓国死傷者続出　同時多発火災で　完全地獄絵図,韓国 - 2025-04-16 - 1st,NO,YouTubeチェンネル運営ビジネス (https://app.notion.com/p/86f2d2e9f4074174a2e1898ace238df6?pvs=21),1st,2025/04/16,2025年3月31日 14:10
韓国 - 2025-04-16 - 2nd,韓国,アップロード済,SUNNYSH (https://app.notion.com/p/08d06c9684c3467ba3373ef7768d2323?pvs=21),実は報道通りです　韓国世界で恥晒す　日本民大笑い,韓国 - 2025-04-16 - 2nd,NO,YouTubeチェンネル運営ビジネス (https://app.notion.com/p/86f2d2e9f4074174a2e1898ace238df6?pvs=21),2nd,2025/04/16,2025年4月1日 12:27
韓国 - 2025-04-17 - 1st,韓国,アップロード済,SUNNYSH (https://app.notion.com/p/08d06c9684c3467ba3373ef7768d2323?pvs=21),文在寅へ検察遂に　韓国全土騒然　さらに国際報道へ,韓国 - 2025-04-17 - 1st,NO,YouTubeチェンネル運営ビジネス (https://app.notion.com/p/86f2d2e9f4074174a2e1898ace238df6?pvs=21),1st,2025/04/17,2025年4月1日 12:28
韓国 - 2025-04-17 - 2nd,韓国,アップロード済,SUNNYSH (https://app.notion.com/p/08d06c9684c3467ba3373ef7768d2323?pvs=21),腐った韓国へ　英国が調査発表　事実知り韓民涙目,韓国 - 2025-04-17 - 2nd,NO,YouTubeチェンネル運営ビジネス (https://app.notion.com/p/86f2d2e9f4074174a2e1898ace238df6?pvs=21),2nd,2025/04/17,2025年4月1日 12:28
頑張らないことで宇宙の力をかりる,Mc茶会,,SUNNYSH (https://app.notion.com/p/08d06c9684c3467ba3373ef7768d2323?pvs=21),,Mc茶会 - 2025-03-21 -,,YouTubeチェンネル運営ビジネス (https://app.notion.com/p/86f2d2e9f4074174a2e1898ace238df6?pvs=21),,2025/03/21,2025年4月2日 8:59
韓国 - 2025-04-18 - 1st,韓国,アップロード済,SUNNYSH (https://app.notion.com/p/08d06c9684c3467ba3373ef7768d2323?pvs=21),日韓問題　日本民激怒しデモ　韓国大慌て,韓国 - 2025-04-18 - 1st,NO,YouTubeチェンネル運営ビジネス (https://app.notion.com/p/86f2d2e9f4074174a2e1898ace238df6?pvs=21),1st,2025/04/18,2025年4月3日 13:24
韓国 - 2025-04-18 - 2nd,韓国,アップロード済,SUNNYSH (https://app.notion.com/p/08d06c9684c3467ba3373ef7768d2323?pvs=21),報道は事実です　韓国証拠を押収へ　遂に事実認める,韓国 - 2025-04-18 - 2nd,NO,YouTubeチェンネル運営ビジネス (https://app.notion.com/p/86f2d2e9f4074174a2e1898ace238df6?pvs=21),2nd,2025/04/18,2025年4月3日 13:24
韓国 - 2025-04-19 - 1st,韓国,アップロード済,SUNNYSH (https://app.notion.com/p/08d06c9684c3467ba3373ef7768d2323?pvs=21),韓民事実知り急変　李在明を排除　韓国電撃発表,韓国 - 2025-04-19 - 1st,NO,YouTubeチェンネル運営ビジネス (https://app.notion.com/p/86f2d2e9f4074174a2e1898ace238df6?pvs=21),1st,2025/04/19,2025年4月3日 13:24
韓国 - 2025-04-26 - 2nd,韓国,アップロード済,SUNNYSH (https://app.notion.com/p/08d06c9684c3467ba3373ef7768d2323?pvs=21),韓国が完全衰退　急激にお金が　全部日本へ,韓国 - 2025-04-26 - 2nd,NO,YouTubeチェンネル運営ビジネス (https://app.notion.com/p/86f2d2e9f4074174a2e1898ace238df6?pvs=21),2nd,2025/04/26,2025年4月4日 12:33
韓国 - 2025-04-20 - 1st,韓国,アップロード済,SUNNYSH (https://app.notion.com/p/08d06c9684c3467ba3373ef7768d2323?pvs=21),嘘を認めた自国産　実は日本製　韓国民大騒ぎ,韓国 - 2025-04-20 - 1st,NO,YouTubeチェンネル運営ビジネス (https://app.notion.com/p/86f2d2e9f4074174a2e1898ace238df6?pvs=21),1st,2025/04/20,2025年4月4日 12:34
韓国 - 2025-04-20 - 2nd,韓国,アップロード済,SUNNYSH (https://app.notion.com/p/08d06c9684c3467ba3373ef7768d2323?pvs=21),韓国衝撃の大暴落　紙クズ同然　日本どうか助けて,韓国 - 2025-04-20 - 2nd,NO,YouTubeチェンネル運営ビジネス (https://app.notion.com/p/86f2d2e9f4074174a2e1898ace238df6?pvs=21),2nd,2025/04/20,2025年4月4日 12:37
韓国 - 2025-04-04 - 3rd,韓国,アップロード済,SUNNYSH (https://app.notion.com/p/08d06c9684c3467ba3373ef7768d2323?pvs=21),【速報】たった今　遂に大統領が失職　韓国急転ウォン安,韓国 - 2025-04-04 - 3rd,NO,YouTubeチェンネル運営ビジネス (https://app.notion.com/p/86f2d2e9f4074174a2e1898ace238df6?pvs=21),3rd,2025/04/04,2025年4月4日 12:37
韓国 - 2025-04-21 - 1st,韓国,アップロード済,SUNNYSH (https://app.notion.com/p/08d06c9684c3467ba3373ef7768d2323?pvs=21),日本つぶし失敗　必死の韓国大損害　日本の重大発表,韓国 - 2025-04-21 - 1st,NO,YouTubeチェンネル運営ビジネス (https://app.notion.com/p/86f2d2e9f4074174a2e1898ace238df6?pvs=21),1st,2025/04/21,2025年4月6日 12:56
韓国 - 2025-04-21 - 2nd,韓国,アップロード済,SUNNYSH (https://app.notion.com/p/08d06c9684c3467ba3373ef7768d2323?pvs=21),韓国最悪問題発覚　日本報道されない　若者の生々しい声,韓国 - 2025-04-21 - 2nd,NO,YouTubeチェンネル運営ビジネス (https://app.notion.com/p/86f2d2e9f4074174a2e1898ace238df6?pvs=21),2nd,2025/04/21,2025年4月6日 12:56
韓国 - 2025-04-07 - 3rd,韓国,投稿日保留,SUNNYSH (https://app.notion.com/p/08d06c9684c3467ba3373ef7768d2323?pvs=21),【速報】日本完全無視　世界激震韓国騒然　まさか国際報道で,韓国 - 2025-04-07 - 3rd,NO,YouTubeチェンネル運営ビジネス (https://app.notion.com/p/86f2d2e9f4074174a2e1898ace238df6?pvs=21),3rd,2025/04/07,2025年4月6日 15:19
韓国 - 2025-04-22 - 1st,韓国,アップロード済,SUNNYSH (https://app.notion.com/p/08d06c9684c3467ba3373ef7768d2323?pvs=21),反日許さない　NHK世界に発表　韓国民大混乱,韓国 - 2025-04-22 - 1st,NO,YouTubeチェンネル運営ビジネス (https://app.notion.com/p/86f2d2e9f4074174a2e1898ace238df6?pvs=21),1st,2025/04/22,2025年4月7日 13:37
韓国 - 2025-04-22 - 2nd,韓国,アップロード済,SUNNYSH (https://app.notion.com/p/08d06c9684c3467ba3373ef7768d2323?pvs=21),韓国人が日本へ　何百万人が大号泣　壊滅的な終わり,韓国 - 2025-04-22 - 2nd,NO,YouTubeチェンネル運営ビジネス (https://app.notion.com/p/86f2d2e9f4074174a2e1898ace238df6?pvs=21),2nd,2025/04/22,2025年4月7日 13:38
韓国 - 2025-04-23 - 2nd,韓国,アップロード済,SUNNYSH (https://app.notion.com/p/08d06c9684c3467ba3373ef7768d2323?pvs=21),日韓問題　日本一方的勝利　韓国錯乱大慌て,韓国 - 2025-04-23 - 2nd,NO,YouTubeチェンネル運営ビジネス (https://app.notion.com/p/86f2d2e9f4074174a2e1898ace238df6?pvs=21),2nd,2025/04/23,2025年4月7日 15:23
韓国 - 2025-04-24 - 1st,韓国,アップロード済,SUNNYSH (https://app.notion.com/p/08d06c9684c3467ba3373ef7768d2323?pvs=21),読売日経産経が　世界に緊急発表　韓国民腰抜かす,韓国 - 2025-04-24 - 1st,NO,YouTubeチェンネル運営ビジネス (https://app.notion.com/p/86f2d2e9f4074174a2e1898ace238df6?pvs=21),1st,2025/04/24,2025年4月9日 15:01
韓国 - 2025-04-24 - 2nd,韓国,アップロード済,SUNNYSH (https://app.notion.com/p/08d06c9684c3467ba3373ef7768d2323?pvs=21),フランス急変　まさかの辞退に　韓国打つ手なし,韓国 - 2025-04-24 - 2nd,NO,YouTubeチェンネル運営ビジネス (https://app.notion.com/p/86f2d2e9f4074174a2e1898ace238df6?pvs=21),2nd,2025/04/24,2025年4月9日 15:01
韓国 - 2025-04-30 - 1st,韓国,アップロード済,SUNNYSH (https://app.notion.com/p/08d06c9684c3467ba3373ef7768d2323?pvs=21),韓国失態諦める　日本国民9割が　怒りの審判,韓国 - 2025-04-30 - 1st,NO,YouTubeチェンネル運営ビジネス (https://app.notion.com/p/86f2d2e9f4074174a2e1898ace238df6?pvs=21),1st,2025/04/30,2025年4月10日 13:25
韓国 - 2025-04-25 - 1st,韓国,アップロード済,SUNNYSH (https://app.notion.com/p/08d06c9684c3467ba3373ef7768d2323?pvs=21),どうか和解を　日本の支払拒否に　韓国国際問題へ,韓国 - 2025-04-25 - 1st,NO,YouTubeチェンネル運営ビジネス (https://app.notion.com/p/86f2d2e9f4074174a2e1898ace238df6?pvs=21),1st,2025/04/25,2025年4月10日 13:25
韓国 - 2025-05-08 - 2nd,韓国,アップロード済,SUNNYSH (https://app.notion.com/p/08d06c9684c3467ba3373ef7768d2323?pvs=21),急遽契約辞退され　韓国内大騒ぎ　完全に日本が,韓国 - 2025-05-08 - 2nd,NO,YouTubeチェンネル運営ビジネス (https://app.notion.com/p/86f2d2e9f4074174a2e1898ace238df6?pvs=21),2nd,2025/05/08,2025年4月10日 13:25
韓国 - 2025-04-26 - 1st,韓国,アップロード済,SUNNYSH (https://app.notion.com/p/08d06c9684c3467ba3373ef7768d2323?pvs=21),反日思想が招いた　同時永久追放！　韓国涙の殴り合い,韓国 - 2025-04-26 - 1st,NO,YouTubeチェンネル運営ビジネス (https://app.notion.com/p/86f2d2e9f4074174a2e1898ace238df6?pvs=21),1st,2025/04/26,2025年4月10日 13:25
韓国 - 2025-04-27 - 1st,韓国,アップロード済,SUNNYSH (https://app.notion.com/p/08d06c9684c3467ba3373ef7768d2323?pvs=21),韓国全土に激震　やばい事実が揃い　李在明ご乱心,韓国 - 2025-04-27 - 1st,NO,YouTubeチェンネル運営ビジネス (https://app.notion.com/p/86f2d2e9f4074174a2e1898ace238df6?pvs=21),1st,2025/04/27,2025年4月12日 13:51
韓国 - 2025-04-27 - 2nd,韓国,アップロード済,SUNNYSH (https://app.notion.com/p/08d06c9684c3467ba3373ef7768d2323?pvs=21),韓国民が犠牲に　破綻宣告　まさか日本全回収,韓国 - 2025-04-27 - 2nd,NO,YouTubeチェンネル運営ビジネス (https://app.notion.com/p/86f2d2e9f4074174a2e1898ace238df6?pvs=21),2nd,2025/04/27,2025年4月12日 13:51
韓国 - 2025-04-29 - 1st,韓国,アップロード済,SUNNYSH (https://app.notion.com/p/08d06c9684c3467ba3373ef7768d2323?pvs=21),韓国民大混乱　英発表一夜で消滅　完全に日本が,韓国 - 2025-04-29 - 1st,NO,YouTubeチェンネル運営ビジネス (https://app.notion.com/p/86f2d2e9f4074174a2e1898ace238df6?pvs=21),1st,2025/04/29,2025年4月13日 12:46
韓国 - 2025-04-28 - 2nd,韓国,アップロード済,SUNNYSH (https://app.notion.com/p/08d06c9684c3467ba3373ef7768d2323?pvs=21),世界が電撃発表　ついに全面戦争　韓国大崩壊始まる,韓国 - 2025-04-28 - 2nd,NO,YouTubeチェンネル運営ビジネス (https://app.notion.com/p/86f2d2e9f4074174a2e1898ace238df6?pvs=21),2nd,2025/04/28,2025年4月13日 12:47
韓国 - 2025-04-28 - 1st,韓国,アップロード済,SUNNYSH (https://app.notion.com/p/08d06c9684c3467ba3373ef7768d2323?pvs=21),李在明の完全自滅　選挙違反起訴へ　韓国民も絶句,韓国 - 2025-04-28 - 1st,NO,YouTubeチェンネル運営ビジネス (https://app.notion.com/p/86f2d2e9f4074174a2e1898ace238df6?pvs=21),1st,2025/04/28,2025年4月13日 12:47
韓国 - 2025-04-29 - 2nd,韓国,アップロード済,SUNNYSH (https://app.notion.com/p/08d06c9684c3467ba3373ef7768d2323?pvs=21),世界急遽契約辞退　韓国内大慌て　トドメ倒産決定か,韓国 - 2025-04-29 - 2nd,NO,YouTubeチェンネル運営ビジネス (https://app.notion.com/p/86f2d2e9f4074174a2e1898ace238df6?pvs=21),2nd,2025/04/29,2025年4月14日 12:04
韓国 - 2025-04-30 - 1st,韓国,アップロード済,SUNNYSH (https://app.notion.com/p/08d06c9684c3467ba3373ef7768d2323?pvs=21),日本が決別宣言　韓国号泣懇願　日本完全無視,韓国 - 2025-04-30 - 2nd,NO,YouTubeチェンネル運営ビジネス (https://app.notion.com/p/86f2d2e9f4074174a2e1898ace238df6?pvs=21),2nd,2025/04/30,2025年4月14日 12:04
韓国 - 2025-05-12 - 2nd,韓国,アップロード済,SUNNYSH (https://app.notion.com/p/08d06c9684c3467ba3373ef7768d2323?pvs=21),韓国民腰抜かす　まず米が輸出辞退　世界徹底制限開始,韓国 - 2025-05-12 - 2nd,NO,YouTubeチェンネル運営ビジネス (https://app.notion.com/p/86f2d2e9f4074174a2e1898ace238df6?pvs=21),2nd,2025/05/12,2025年4月14日 12:04
韓国 - 2025-05-01 - 1st,韓国,アップロード済,SUNNYSH (https://app.notion.com/p/08d06c9684c3467ba3373ef7768d2323?pvs=21),韓国天変地異直撃　暴風雹停電民混乱　この世の地獄,韓国 - 2025-05-01 - 1st,NO,YouTubeチェンネル運営ビジネス (https://app.notion.com/p/86f2d2e9f4074174a2e1898ace238df6?pvs=21),1st,2025/05/01,2025年4月19日 11:59
韓国 - 2025-05-01 - 2nd,韓国,アップロード済,SUNNYSH (https://app.notion.com/p/08d06c9684c3467ba3373ef7768d2323?pvs=21),韓国騒然お通夜へ　100％暴落決定　日米態度急変,韓国 - 2025-05-01 - 2nd,NO,YouTubeチェンネル運営ビジネス (https://app.notion.com/p/86f2d2e9f4074174a2e1898ace238df6?pvs=21),2nd,2025/05/01,2025年4月19日 11:59
韓国 - 2025-05-02 - 1st,韓国,アップロード済,SUNNYSH (https://app.notion.com/p/08d06c9684c3467ba3373ef7768d2323?pvs=21),泣きつく韓国終了　日本断固拒否　世界完全に日本へ,韓国 - 2025-05-02 - 1st,NO,YouTubeチェンネル運営ビジネス (https://app.notion.com/p/86f2d2e9f4074174a2e1898ace238df6?pvs=21),1st,2025/05/02,2025年4月19日 11:59
韓国 - 2025-05-02 - 2nd,韓国,アップロード済,SUNNYSH (https://app.notion.com/p/08d06c9684c3467ba3373ef7768d2323?pvs=21),世界仰天　スペインが発信　韓国は日本領,韓国 - 2025-05-02 - 2nd,NO,YouTubeチェンネル運営ビジネス (https://app.notion.com/p/86f2d2e9f4074174a2e1898ace238df6?pvs=21),2nd,2025/05/02,2025年4月20日 12:12
韓国 - 2025-05-03 - 1st,韓国,アップロード済,SUNNYSH (https://app.notion.com/p/08d06c9684c3467ba3373ef7768d2323?pvs=21),アメリカ急変　日本の覇権拡大　韓国号泣土下座,韓国 - 2025-05-03 - 1st,NO,YouTubeチェンネル運営ビジネス (https://app.notion.com/p/86f2d2e9f4074174a2e1898ace238df6?pvs=21),1st,2025/05/03,2025年4月20日 12:12
韓国 - 2025-05-03 - 2nd,韓国,アップロード済,SUNNYSH (https://app.notion.com/p/08d06c9684c3467ba3373ef7768d2323?pvs=21),韓国民ドン引き　第二のセウォル号　完全地獄絵図,韓国 - 2025-05-03 - 2nd,NO,YouTubeチェンネル運営ビジネス (https://app.notion.com/p/86f2d2e9f4074174a2e1898ace238df6?pvs=21),2nd,2025/05/03,2025年4月20日 12:12
2025-05-01 - 山林キャンプ,Mc茶会,,SUNNYSH (https://app.notion.com/p/08d06c9684c3467ba3373ef7768d2323?pvs=21),,Mc茶会 - 2025-04-21 -,,YouTubeチェンネル運営ビジネス (https://app.notion.com/p/86f2d2e9f4074174a2e1898ace238df6?pvs=21),,2025/04/21,2025年4月20日 14:08
韓国 - 2025-05-04 - 1st,韓国,アップロード済,SUNNYSH (https://app.notion.com/p/08d06c9684c3467ba3373ef7768d2323?pvs=21),哀れな韓国へ　国際報道批判殺到　事実知り韓民絶望,韓国 - 2025-05-04 - 1st,NO,YouTubeチェンネル運営ビジネス (https://app.notion.com/p/86f2d2e9f4074174a2e1898ace238df6?pvs=21),1st,2025/05/04,2025年4月22日 13:36
韓国 - 2025-05-04 - 2nd,韓国,アップロード済,SUNNYSH (https://app.notion.com/p/08d06c9684c3467ba3373ef7768d2323?pvs=21),確実くる国家崩壊　やっと気づいた　韓国自業自得だ,韓国 - 2025-05-04 - 2nd,NO,YouTubeチェンネル運営ビジネス (https://app.notion.com/p/86f2d2e9f4074174a2e1898ace238df6?pvs=21),2nd,2025/05/04,2025年4月22日 13:37
韓国 - 2025-05-05 - 1st,韓国,アップロード済,SUNNYSH (https://app.notion.com/p/08d06c9684c3467ba3373ef7768d2323?pvs=21),ついに始まった　韓国民大発狂　反日主導者逮捕へ,韓国 - 2025-05-05 - 1st,NO,YouTubeチェンネル運営ビジネス (https://app.notion.com/p/86f2d2e9f4074174a2e1898ace238df6?pvs=21),1st,2025/05/05,2025年4月22日 13:37
韓国 - 2025-05-05 - 2nd,韓国,アップロード済,SUNNYSH (https://app.notion.com/p/08d06c9684c3467ba3373ef7768d2323?pvs=21),英国著名人まさか　世界へ真実発表　韓国民大パニック,韓国 - 2025-05-05 - 2nd,NO,YouTubeチェンネル運営ビジネス (https://app.notion.com/p/86f2d2e9f4074174a2e1898ace238df6?pvs=21),2nd,2025/05/05,2025年4月23日 12:05
韓国 - 2025-05-06 - 1st,韓国,アップロード済,SUNNYSH (https://app.notion.com/p/08d06c9684c3467ba3373ef7768d2323?pvs=21),国際法違反許さん　日本で怒号の嵐　韓国これから地獄,韓国 - 2025-05-06 - 1st,NO,YouTubeチェンネル運営ビジネス (https://app.notion.com/p/86f2d2e9f4074174a2e1898ace238df6?pvs=21),1st,2025/05/06,2025年4月23日 12:06
韓国 - 2025-05-06 - 2nd,韓国,アップロード済,SUNNYSH (https://app.notion.com/p/08d06c9684c3467ba3373ef7768d2323?pvs=21),アジア銀行が暴露　韓国極貧もう限界　日本銀行大笑い,韓国 - 2025-05-06 - 2nd,NO,YouTubeチェンネル運営ビジネス (https://app.notion.com/p/86f2d2e9f4074174a2e1898ace238df6?pvs=21),2nd,2025/05/06,2025年4月23日 12:06
韓国 - 2025-05-07 - 1st,韓国,アップロード済,SUNNYSH (https://app.notion.com/p/08d06c9684c3467ba3373ef7768d2323?pvs=21),世界が追放発表　韓国トドメ決定か　ついに日本全回収,韓国 - 2025-05-07 - 1st,NO,YouTubeチェンネル運営ビジネス (https://app.notion.com/p/86f2d2e9f4074174a2e1898ace238df6?pvs=21),1st,2025/05/07,2025年4月25日 12:45
韓国 - 2025-05-07 - 2nd,韓国,アップロード済,SUNNYSH (https://app.notion.com/p/08d06c9684c3467ba3373ef7768d2323?pvs=21),KPOP消えた？　韓国民電撃発表　まさか日本が,韓国 - 2025-05-07 - 2nd,NO,YouTubeチェンネル運営ビジネス (https://app.notion.com/p/86f2d2e9f4074174a2e1898ace238df6?pvs=21),2nd,2025/05/07,2025年4月25日 12:45
韓国 - 2025-05-08 - 1st,韓国,アップロード済,SUNNYSH (https://app.notion.com/p/08d06c9684c3467ba3373ef7768d2323?pvs=21),激動予告？　日本の反撃姿勢に　韓国突如パニック,韓国 - 2025-05-08 - 1st,NO,YouTubeチェンネル運営ビジネス (https://app.notion.com/p/86f2d2e9f4074174a2e1898ace238df6?pvs=21),1st,2025/05/08,2025年4月25日 12:46
韓国 - 2025-04-25 - 2nd,韓国,投稿日保留,SUNNYSH (https://app.notion.com/p/08d06c9684c3467ba3373ef7768d2323?pvs=21),文在寅大暴走　狂気の事実発表　韓国民大混乱,韓国 - 2025-04-25 - 3rd,NO,YouTubeチェンネル運営ビジネス (https://app.notion.com/p/86f2d2e9f4074174a2e1898ace238df6?pvs=21),3rd,2025/04/25,2025年4月25日 13:16
韓国 - 2025-05-09 - 1st,韓国,アップロード済,SUNNYSH (https://app.notion.com/p/08d06c9684c3467ba3373ef7768d2323?pvs=21),韓国民騒然　一夜で財産消滅　日本助けず無視,韓国 - 2025-05-09 - 1st,NO,YouTubeチェンネル運営ビジネス (https://app.notion.com/p/86f2d2e9f4074174a2e1898ace238df6?pvs=21),1st,2025/05/09,2025年4月26日 12:14
韓国 - 2025-05-09 - 2nd,韓国,アップロード済,SUNNYSH (https://app.notion.com/p/08d06c9684c3467ba3373ef7768d2323?pvs=21),ついに日本大復活　世界のお金が　韓国から日本へ,韓国 - 2025-05-09 - 2nd,NO,YouTubeチェンネル運営ビジネス (https://app.notion.com/p/86f2d2e9f4074174a2e1898ace238df6?pvs=21),2nd,2025/05/09,2025年4月26日 12:14
韓国 - 2025-05-10 - 1st,韓国,アップロード済,SUNNYSH (https://app.notion.com/p/08d06c9684c3467ba3373ef7768d2323?pvs=21),まさかドイツ急変　韓国資産が消滅へ　世界に重大発表,韓国 - 2025-05-10 - 1st,NO,YouTubeチェンネル運営ビジネス (https://app.notion.com/p/86f2d2e9f4074174a2e1898ace238df6?pvs=21),1st,2025/05/10,2025年4月27日 13:29
韓国 - 2025-05-10 - 2nd,韓国,アップロード済,SUNNYSH (https://app.notion.com/p/08d06c9684c3467ba3373ef7768d2323?pvs=21),韓国極貧餓死続出　日本報道されない　若者の生々しい声,韓国 - 2025-05-10 - 2nd,NO,YouTubeチェンネル運営ビジネス (https://app.notion.com/p/86f2d2e9f4074174a2e1898ace238df6?pvs=21),2nd,2025/05/10,2025年4月27日 13:29
韓国 - 2025-05-11 - 1st,韓国,アップロード済,SUNNYSH (https://app.notion.com/p/08d06c9684c3467ba3373ef7768d2323?pvs=21),泣きつく韓国　世界から退場　日本は完全無視,韓国 - 2025-05-11 - 1st,NO,YouTubeチェンネル運営ビジネス (https://app.notion.com/p/86f2d2e9f4074174a2e1898ace238df6?pvs=21),1st,2025/05/11,2025年4月27日 15:07
韓国 - 2025-05-11 - 2nd,韓国,アップロード済,SUNNYSH (https://app.notion.com/p/08d06c9684c3467ba3373ef7768d2323?pvs=21),外国人慌てて脱出　大暴落まで2ヶ月　韓国民回避不能,韓国 - 2025-05-11 - 2nd,NO,YouTubeチェンネル運営ビジネス (https://app.notion.com/p/86f2d2e9f4074174a2e1898ace238df6?pvs=21),2nd,2025/05/11,2025年4月28日 12:56
韓国 - 2025-05-12 - 1st,韓国,アップロード済,SUNNYSH (https://app.notion.com/p/08d06c9684c3467ba3373ef7768d2323?pvs=21),日本に謝れ　来日韓国人激怒　本国大騒ぎ,韓国 - 2025-05-12 - 1st,NO,YouTubeチェンネル運営ビジネス (https://app.notion.com/p/86f2d2e9f4074174a2e1898ace238df6?pvs=21),1st,2025/05/12,2025年4月28日 12:57
韓国 - 2025-05-24 - 2nd,韓国,アップロード済,SUNNYSH (https://app.notion.com/p/08d06c9684c3467ba3373ef7768d2323?pvs=21),やめてくれ　日本が没収　韓国民大狂乱,韓国 - 2025-05-24 - 2nd,NO,YouTubeチェンネル運営ビジネス (https://app.notion.com/p/86f2d2e9f4074174a2e1898ace238df6?pvs=21),2nd,2025/05/24,2025年5月1日 13:14
韓国 - 2025-05-13 - 1st,韓国,アップロード済,SUNNYSH (https://app.notion.com/p/08d06c9684c3467ba3373ef7768d2323?pvs=21),なぜ世界へ　相次ぐ没収に　韓国大号泣,韓国 - 2025-05-13 - 1st,NO,YouTubeチェンネル運営ビジネス (https://app.notion.com/p/86f2d2e9f4074174a2e1898ace238df6?pvs=21),1st,2025/05/13,2025年5月1日 13:14
韓国 - 2025-05-13 - 2nd,韓国,アップロード済,SUNNYSH (https://app.notion.com/p/08d06c9684c3467ba3373ef7768d2323?pvs=21),お金が無い　焦る韓国　インドから,韓国 - 2025-05-13 - 2nd,NO,YouTubeチェンネル運営ビジネス (https://app.notion.com/p/86f2d2e9f4074174a2e1898ace238df6?pvs=21),2nd,2025/05/13,2025年5月1日 13:14
韓国 - 2025-05-15 - 1st,韓国,アップロード済,SUNNYSH (https://app.notion.com/p/08d06c9684c3467ba3373ef7768d2323?pvs=21),どうか和解を　契約拒否怖い韓国　ペルーへ必死懇願,韓国 - 2025-05-15 - 1st,NO,YouTubeチェンネル運営ビジネス (https://app.notion.com/p/86f2d2e9f4074174a2e1898ace238df6?pvs=21),1st,2025/05/15,2025年5月2日 13:21
韓国 - 2025-05-14 - 2nd,韓国,アップロード済,SUNNYSH (https://app.notion.com/p/08d06c9684c3467ba3373ef7768d2323?pvs=21),ついに天罰下す　愚かな韓国標的に　日本が大暴れ,韓国 - 2025-05-14 - 2nd,NO,YouTubeチェンネル運営ビジネス (https://app.notion.com/p/86f2d2e9f4074174a2e1898ace238df6?pvs=21),2nd,2025/05/14,2025年5月2日 13:21
韓国 - 2025-05-14 - 1st,韓国,アップロード済,SUNNYSH (https://app.notion.com/p/08d06c9684c3467ba3373ef7768d2323?pvs=21),韓国！もう許さん　世界各地で　続々拒絶へ,韓国 - 2025-05-14 - 1st,NO,YouTubeチェンネル運営ビジネス (https://app.notion.com/p/86f2d2e9f4074174a2e1898ace238df6?pvs=21),1st,2025/05/14,2025年5月2日 13:22
韓国 - 2025-05-15 - 2nd,韓国,アップロード済,SUNNYSH (https://app.notion.com/p/08d06c9684c3467ba3373ef7768d2323?pvs=21),日本に泣きつく！　韓国ド苦戦恥晒し　日本世界称賛独占,韓国 - 2025-05-15 - 2nd,NO,YouTubeチェンネル運営ビジネス (https://app.notion.com/p/86f2d2e9f4074174a2e1898ace238df6?pvs=21),2nd,2025/05/15,2025年5月3日 13:18
韓国 - 2025-05-16 - 1st,韓国,アップロード済,SUNNYSH (https://app.notion.com/p/08d06c9684c3467ba3373ef7768d2323?pvs=21),韓国重大発表　KPOPより日本へ　自ら電撃発表,韓国 - 2025-05-16 - 1st,NO,YouTubeチェンネル運営ビジネス (https://app.notion.com/p/86f2d2e9f4074174a2e1898ace238df6?pvs=21),1st,2025/05/16,2025年5月3日 13:19
韓国 - 2025-05-16 - 2nd,韓国,アップロード済,SUNNYSH (https://app.notion.com/p/08d06c9684c3467ba3373ef7768d2323?pvs=21),日本完全無視　哀れよ韓国　必死の抵抗,韓国 - 2025-05-16 - 2nd,NO,YouTubeチェンネル運営ビジネス (https://app.notion.com/p/86f2d2e9f4074174a2e1898ace238df6?pvs=21),2nd,2025/05/16,2025年5月3日 13:19
韓国 - 2025-05-17 - 1st,韓国,アップロード済,SUNNYSH (https://app.notion.com/p/08d06c9684c3467ba3373ef7768d2323?pvs=21),韓国反日壊滅大騒　国際報道発表　完全に日本が,韓国 - 2025-05-17 - 1st,NO,YouTubeチェンネル運営ビジネス (https://app.notion.com/p/86f2d2e9f4074174a2e1898ace238df6?pvs=21),1st,2025/05/17,2025年5月4日 13:15
韓国 - 2025-05-17 - 1st,韓国,アップロード済,SUNNYSH (https://app.notion.com/p/08d06c9684c3467ba3373ef7768d2323?pvs=21),韓国に衝撃報道　信じられない理由　全く空港使えない,韓国 - 2025-05-17 - 2nd,NO,YouTubeチェンネル運営ビジネス (https://app.notion.com/p/86f2d2e9f4074174a2e1898ace238df6?pvs=21),2nd,2025/05/17,2025年5月4日 13:15
韓国 - 2025-05-17 - 1st,韓国,アップロード済,SUNNYSH (https://app.notion.com/p/08d06c9684c3467ba3373ef7768d2323?pvs=21),韓国民騒然　最高裁逆転劇　李在明へ追放圧力,韓国 - 2025-05-18 - 1st,NO,YouTubeチェンネル運営ビジネス (https://app.notion.com/p/86f2d2e9f4074174a2e1898ace238df6?pvs=21),1st,2025/05/18,2025年5月4日 13:15
韓国 - 2025-05-18 - 2nd,韓国,アップロード済,SUNNYSH (https://app.notion.com/p/08d06c9684c3467ba3373ef7768d2323?pvs=21),断韓寸前　韓国大慌て　まさか日米英が,韓国 - 2025-05-18 - 2nd,NO,YouTubeチェンネル運営ビジネス (https://app.notion.com/p/86f2d2e9f4074174a2e1898ace238df6?pvs=21),2nd,2025/05/18,2025年5月6日 12:41
韓国 - 2025-05-19 - 1st,韓国,アップロード済,SUNNYSH (https://app.notion.com/p/08d06c9684c3467ba3373ef7768d2323?pvs=21),反日報道追放へ　韓国愚かさ公開　日本民激怒の審判,韓国 - 2025-05-19 - 1st,NO,YouTubeチェンネル運営ビジネス (https://app.notion.com/p/86f2d2e9f4074174a2e1898ace238df6?pvs=21),1st,2025/05/19,2025年5月6日 12:41
韓国 - 2025-05-19 - 2nd,韓国,アップロード済,SUNNYSH (https://app.notion.com/p/08d06c9684c3467ba3373ef7768d2323?pvs=21),腐った韓国へ　国際機関一斉警告　事実知り韓民悲鳴,韓国 - 2025-05-19 - 2nd,NO,YouTubeチェンネル運営ビジネス (https://app.notion.com/p/86f2d2e9f4074174a2e1898ace238df6?pvs=21),2nd,2025/05/19,2025年5月6日 12:41
韓国 - 2025-05-20 - 1st,韓国,アップロード済,SUNNYSH (https://app.notion.com/p/08d06c9684c3467ba3373ef7768d2323?pvs=21),どうしてだ・・・　韓国枠が消滅し　日本が高笑い,韓国 - 2025-05-20 - 1st,NO,YouTubeチェンネル運営ビジネス (https://app.notion.com/p/86f2d2e9f4074174a2e1898ace238df6?pvs=21),1st,2025/05/20,2025年5月6日 17:51
韓国 - 2025-05-20 - 2nd,韓国,アップロード済,SUNNYSH (https://app.notion.com/p/08d06c9684c3467ba3373ef7768d2323?pvs=21),ベトナムから追放　韓国後進国病多発　世界に屈辱発表,韓国 - 2025-05-20 - 2nd,NO,YouTubeチェンネル運営ビジネス (https://app.notion.com/p/86f2d2e9f4074174a2e1898ace238df6?pvs=21),2nd,2025/05/20,2025年5月6日 17:51
韓国 - 2025-05-21 - 1st,韓国,アップロード済,SUNNYSH (https://app.notion.com/p/08d06c9684c3467ba3373ef7768d2323?pvs=21),泣きつく韓国　世界から退場　日本は完全無視,韓国 - 2025-05-21 - 1st,NO,YouTubeチェンネル運営ビジネス (https://app.notion.com/p/86f2d2e9f4074174a2e1898ace238df6?pvs=21),1st,2025/05/21,2025年5月6日 17:51
韓国 - 2025-05-21 - 2nd　1399字,韓国,アップロード済,SUNNYSH (https://app.notion.com/p/08d06c9684c3467ba3373ef7768d2323?pvs=21),チェコ急変　9割復旧不可能で　韓国完全に終了,韓国 - 2025-05-21 - 2nd,NO,YouTubeチェンネル運営ビジネス (https://app.notion.com/p/86f2d2e9f4074174a2e1898ace238df6?pvs=21),2nd,2025/05/21,2025年5月9日 13:27
韓国 - 2025-05-22 - 1st　1552字,韓国,アップロード済,SUNNYSH (https://app.notion.com/p/08d06c9684c3467ba3373ef7768d2323?pvs=21),韓国未払い多発　契約破棄計画破綻　もう滅びる,韓国 - 2025-05-22 - 1st,NO,YouTubeチェンネル運営ビジネス (https://app.notion.com/p/86f2d2e9f4074174a2e1898ace238df6?pvs=21),1st,2025/05/22,2025年5月9日 13:27
韓国 - 2025-05-22 - 2nd,韓国,アップロード済,SUNNYSH (https://app.notion.com/p/08d06c9684c3467ba3373ef7768d2323?pvs=21),公文緊急通達　ついに世界へ　韓国限界号泣謝罪,韓国 - 2025-05-22 - 2nd,NO,YouTubeチェンネル運営ビジネス (https://app.notion.com/p/86f2d2e9f4074174a2e1898ace238df6?pvs=21),2nd,2025/05/22,2025年5月9日 13:27
韓国 - 2025-05-23 - 1st,韓国,アップロード済,SUNNYSH (https://app.notion.com/p/08d06c9684c3467ba3373ef7768d2323?pvs=21),韓国電撃発表　7割強に病魔蔓延　完全地獄絵図,韓国 - 2025-05-23 - 1st,NO,YouTubeチェンネル運営ビジネス (https://app.notion.com/p/86f2d2e9f4074174a2e1898ace238df6?pvs=21),1st,2025/05/23,2025年5月10日 12:27
韓国 - 2025-05-23 - 1st,韓国,アップロード済,SUNNYSH (https://app.notion.com/p/08d06c9684c3467ba3373ef7768d2323?pvs=21),韓国すでに手遅れ　国連で批判の嵐　遂に日本が明確に,韓国 - 2025-05-23 - 2nd,NO,YouTubeチェンネル運営ビジネス (https://app.notion.com/p/86f2d2e9f4074174a2e1898ace238df6?pvs=21),2nd,2025/05/23,2025年5月10日 12:28
韓国 - 2025-05-24 - 1st,韓国,アップロード済,SUNNYSH (https://app.notion.com/p/08d06c9684c3467ba3373ef7768d2323?pvs=21),韓国経済火の車　外貨準備高壊滅で　まさか日本へ,韓国 - 2025-05-24 - 1st,NO,YouTubeチェンネル運営ビジネス (https://app.notion.com/p/86f2d2e9f4074174a2e1898ace238df6?pvs=21),1st,2025/05/24,2025年5月10日 12:28
韓国 - 2025-05-29 - 1st,韓国,アップロード済,SUNNYSH (https://app.notion.com/p/08d06c9684c3467ba3373ef7768d2323?pvs=21),腐った韓国へ　英国識者一斉批判　やはり日本へ,韓国 - 2025-05-29 - 1st,NO,YouTubeチェンネル運営ビジネス (https://app.notion.com/p/86f2d2e9f4074174a2e1898ace238df6?pvs=21),1st,2025/05/29,2025年5月11日 13:17
韓国 - 2025-05-25 - 1st,韓国,アップロード済,SUNNYSH (https://app.notion.com/p/08d06c9684c3467ba3373ef7768d2323?pvs=21),遂に契約破棄続出　韓国企業連鎖倒産　日本へ緊急SOS,韓国 - 2025-05-25 - 1st,NO,YouTubeチェンネル運営ビジネス (https://app.notion.com/p/86f2d2e9f4074174a2e1898ace238df6?pvs=21),1st,2025/05/25,2025年5月11日 13:18
韓国 - 2025-05-25 - 2nd,韓国,アップロード済,SUNNYSH (https://app.notion.com/p/08d06c9684c3467ba3373ef7768d2323?pvs=21),韓国滞納続出　国際会断固拒否　屈辱発表消滅確定,韓国 - 2025-05-25 - 2nd,NO,YouTubeチェンネル運営ビジネス (https://app.notion.com/p/86f2d2e9f4074174a2e1898ace238df6?pvs=21),2nd,2025/05/25,2025年5月11日 13:19
韓国 - 2025-05-26 - 1st,韓国,アップロード済,SUNNYSH (https://app.notion.com/p/08d06c9684c3467ba3373ef7768d2323?pvs=21),韓国民不渡り多発　世界にカモられ　自ら自滅発表,韓国 - 2025-05-26 - 1st,NO,YouTubeチェンネル運営ビジネス (https://app.notion.com/p/86f2d2e9f4074174a2e1898ace238df6?pvs=21),1st,2025/05/26,2025年5月13日 13:39
韓国 - 2025-05-26 - 2nd,韓国,アップロード済,SUNNYSH (https://app.notion.com/p/08d06c9684c3467ba3373ef7768d2323?pvs=21),韓国民腰抜かす　一夜で完全消滅　まさかUAEが,韓国 - 2025-05-26 - 2nd,NO,YouTubeチェンネル運営ビジネス (https://app.notion.com/p/86f2d2e9f4074174a2e1898ace238df6?pvs=21),2nd,2025/05/26,2025年5月13日 13:40
韓国 - 2025-05-27 - 1st,韓国,アップロード済,SUNNYSH (https://app.notion.com/p/08d06c9684c3467ba3373ef7768d2323?pvs=21),哀れな韓国へ　国際報道批判殺到　日本民激怒の審判　,韓国 - 2025-05-27 - 1st,NO,YouTubeチェンネル運営ビジネス (https://app.notion.com/p/86f2d2e9f4074174a2e1898ace238df6?pvs=21),1st,2025/05/27,2025年5月13日 13:40
韓国 - 2025-05-27 - 2nd,韓国,アップロード済,SUNNYSH (https://app.notion.com/p/08d06c9684c3467ba3373ef7768d2323?pvs=21),韓国民大パニック　9割ピンチ気付き　借金限界悲惨末路,韓国 - 2025-05-27 - 2nd,NO,YouTubeチェンネル運営ビジネス (https://app.notion.com/p/86f2d2e9f4074174a2e1898ace238df6?pvs=21),2nd,2025/05/27,2025年5月14日 13:03
韓国 - 2025-05-28 - 1st,韓国,アップロード済,SUNNYSH (https://app.notion.com/p/08d06c9684c3467ba3373ef7768d2323?pvs=21),韓国が完全衰退　人もお金も　全て日本へ,韓国 - 2025-05-28 - 1st,NO,YouTubeチェンネル運営ビジネス (https://app.notion.com/p/86f2d2e9f4074174a2e1898ace238df6?pvs=21),1st,2025/05/28,2025年5月14日 13:03
韓国 - 2025-05-28 - 2nd,韓国,アップロード済,SUNNYSH (https://app.notion.com/p/08d06c9684c3467ba3373ef7768d2323?pvs=21),UAE急変　原発直撃復旧不能　韓国もう限界,韓国 - 2025-05-28 - 2nd,NO,YouTubeチェンネル運営ビジネス (https://app.notion.com/p/86f2d2e9f4074174a2e1898ace238df6?pvs=21),2nd,2025/05/28,2025年5月14日 13:03
韓国 - 2025-06-21 - 1st,韓国,アップロード済,SUNNYSH (https://app.notion.com/p/08d06c9684c3467ba3373ef7768d2323?pvs=21),どうしてだ！？　韓国枠が消滅し　日本完全トップへ,韓国 - 2025-06-21 - 1st,NO,YouTubeチェンネル運営ビジネス (https://app.notion.com/p/86f2d2e9f4074174a2e1898ace238df6?pvs=21),1st,2025/06/21,2025年5月16日 13:43
韓国 - 2025-05-29 - 1st,韓国,アップロード済,SUNNYSH (https://app.notion.com/p/08d06c9684c3467ba3373ef7768d2323?pvs=21),韓国打つ手なし　契約破棄続出へ　すでに日本独占,韓国 - 2025-05-29 - 2nd,NO,YouTubeチェンネル運営ビジネス (https://app.notion.com/p/86f2d2e9f4074174a2e1898ace238df6?pvs=21),2nd,2025/05/29,2025年5月16日 13:45
韓国 - 2025-05-30 - 1st,韓国,アップロード済,SUNNYSH (https://app.notion.com/p/08d06c9684c3467ba3373ef7768d2323?pvs=21),日本から電撃発表　遂に韓国観光停止　国民犠牲大混乱,韓国 - 2025-05-30 - 1st,NO,YouTubeチェンネル運営ビジネス (https://app.notion.com/p/86f2d2e9f4074174a2e1898ace238df6?pvs=21),1st,2025/05/30,2025年5月16日 13:45
韓国 - 2025-05-30 - 2nd,韓国,アップロード済,SUNNYSH (https://app.notion.com/p/08d06c9684c3467ba3373ef7768d2323?pvs=21),韓国地震で地獄絵　被害50万人拡大　明確に支援拒否,韓国 - 2025-05-30 - 2nd,NO,YouTubeチェンネル運営ビジネス (https://app.notion.com/p/86f2d2e9f4074174a2e1898ace238df6?pvs=21),2nd,2025/05/30,2025年5月17日 12:38
韓国 - 2025-05-31 - 1st,韓国,アップロード済,SUNNYSH (https://app.notion.com/p/08d06c9684c3467ba3373ef7768d2323?pvs=21),ついに台湾も　韓国との民度差に　世界中が驚愕,韓国 - 2025-05-31 - 1st,NO,YouTubeチェンネル運営ビジネス (https://app.notion.com/p/86f2d2e9f4074174a2e1898ace238df6?pvs=21),1st,2025/05/31,2025年5月17日 12:39
韓国 - 2025-05-31 - 2nd,韓国,アップロード済,SUNNYSH (https://app.notion.com/p/08d06c9684c3467ba3373ef7768d2323?pvs=21),遂に切れた日本人　ボコボコにして　韓国民号泣謝罪,韓国 - 2025-05-31 - 2nd,NO,YouTubeチェンネル運営ビジネス (https://app.notion.com/p/86f2d2e9f4074174a2e1898ace238df6?pvs=21),2nd,2025/05/31,2025年5月17日 12:39
韓国 - 2025-06-30 - 1st,韓国,アップロード済,SUNNYSH (https://app.notion.com/p/08d06c9684c3467ba3373ef7768d2323?pvs=21),まさか日本急激に　韓国直撃復旧不能　トドメ倒産決定か,韓国 - 2025-06-01 - 1st,NO,YouTubeチェンネル運営ビジネス (https://app.notion.com/p/86f2d2e9f4074174a2e1898ace238df6?pvs=21),1st,2025/06/01,2025年5月18日 13:25
韓国 - 2025-06-30 - 1st,韓国,アップロード済,SUNNYSH (https://app.notion.com/p/08d06c9684c3467ba3373ef7768d2323?pvs=21),ただの阿呆？　イジェミョン妄言　韓国全土が絶句,韓国 - 2025-06-01 - 2nd,NO,YouTubeチェンネル運営ビジネス (https://app.notion.com/p/86f2d2e9f4074174a2e1898ace238df6?pvs=21),2nd,2025/06/01,2025年5月18日 13:25
韓国 - 2025-06-30 - 1st,韓国,アップロード済,SUNNYSH (https://app.notion.com/p/08d06c9684c3467ba3373ef7768d2323?pvs=21),韓国極貧記録更新　日本報道できない　リアルな市場崩壊,韓国 - 2025-06-02 - 1st,NO,YouTubeチェンネル運営ビジネス (https://app.notion.com/p/86f2d2e9f4074174a2e1898ace238df6?pvs=21),1st,2025/06/02,2025年5月18日 13:25
韓国 - 2025-06-02 - 2nd,韓国,アップロード済,SUNNYSH (https://app.notion.com/p/08d06c9684c3467ba3373ef7768d2323?pvs=21),大阪万博世界拡散　日本が辞退し　韓国大慌て,韓国 - 2025-06-02 - 2nd,NO,YouTubeチェンネル運営ビジネス (https://app.notion.com/p/86f2d2e9f4074174a2e1898ace238df6?pvs=21),2nd,2025/06/02,2025年5月20日 12:50
韓国 - 2025-06-03 - 1st,韓国,アップロード済,SUNNYSH (https://app.notion.com/p/08d06c9684c3467ba3373ef7768d2323?pvs=21),韓国泣きつく　世界から退場　日本は完全無視へ,韓国 - 2025-06-03 - 1st,NO,YouTubeチェンネル運営ビジネス (https://app.notion.com/p/86f2d2e9f4074174a2e1898ace238df6?pvs=21),1st,2025/06/03,2025年5月20日 12:51
韓国 - 2025-06-03 - 2nd,韓国,アップロード済,SUNNYSH (https://app.notion.com/p/08d06c9684c3467ba3373ef7768d2323?pvs=21),チェコ急変　100%契約破棄　韓国経済終了へ,韓国 - 2025-06-03 - 2nd,NO,YouTubeチェンネル運営ビジネス (https://app.notion.com/p/86f2d2e9f4074174a2e1898ace238df6?pvs=21),2nd,2025/06/03,2025年5月20日 12:52
韓国 - 2025-06-04 - 1st,韓国,アップロード済,SUNNYSH (https://app.notion.com/p/08d06c9684c3467ba3373ef7768d2323?pvs=21),韓国火災経済壊滅　工場炎上地獄絵図　日本企業見捨てる,韓国 - 2025-06-04 - 1st,NO,YouTubeチェンネル運営ビジネス (https://app.notion.com/p/86f2d2e9f4074174a2e1898ace238df6?pvs=21),1st,2025/06/04,2025年5月21日 13:07
韓国 - 2025-06-04 - 2nd,韓国,アップロード済,SUNNYSH (https://app.notion.com/p/08d06c9684c3467ba3373ef7768d2323?pvs=21),国際市場態度急変　まさかの辞退に　韓国焦り大慌て,韓国 - 2025-06-04 - 2nd,NO,YouTubeチェンネル運営ビジネス (https://app.notion.com/p/86f2d2e9f4074174a2e1898ace238df6?pvs=21),2nd,2025/06/04,2025年5月21日 13:08
韓国 - 2025-06-05 - 1st,韓国,アップロード済,SUNNYSH (https://app.notion.com/p/08d06c9684c3467ba3373ef7768d2323?pvs=21),国連機関正式発表　態度急変　韓国機関追放へ,韓国 - 2025-06-05 - 1st,NO,YouTubeチェンネル運営ビジネス (https://app.notion.com/p/86f2d2e9f4074174a2e1898ace238df6?pvs=21),1st,2025/06/05,2025年5月21日 13:08
韓国 - 2025-06-05 - 2nd,韓国,アップロード済,SUNNYSH (https://app.notion.com/p/08d06c9684c3467ba3373ef7768d2323?pvs=21),韓国全土に激震　90％が食糧危機　まさかブラジルが,韓国 - 2025-06-05 - 2nd,NO,YouTubeチェンネル運営ビジネス (https://app.notion.com/p/86f2d2e9f4074174a2e1898ace238df6?pvs=21),2nd,2025/06/05,2025年5月22日 13:32
韓国 - 2025-06-06 - 1st,韓国,アップロード済,SUNNYSH (https://app.notion.com/p/08d06c9684c3467ba3373ef7768d2323?pvs=21),世界中で契約破棄　これから日本独占　韓国もう限界,韓国 - 2025-06-06 - 1st,NO,YouTubeチェンネル運営ビジネス (https://app.notion.com/p/86f2d2e9f4074174a2e1898ace238df6?pvs=21),1st,2025/06/06,2025年5月22日 13:32
韓国 - 2025-06-06 - 2nd,韓国,アップロード済,SUNNYSH (https://app.notion.com/p/08d06c9684c3467ba3373ef7768d2323?pvs=21),韓国の計画大失敗　日本が完全拒否　事実知り韓民屈辱,韓国 - 2025-06-06 - 2nd,NO,YouTubeチェンネル運営ビジネス (https://app.notion.com/p/86f2d2e9f4074174a2e1898ace238df6?pvs=21),2nd,2025/06/06,2025年5月22日 13:32
韓国 - 2025-06-07 - 1st,韓国,アップロード済,SUNNYSH (https://app.notion.com/p/08d06c9684c3467ba3373ef7768d2323?pvs=21),世界に重大発表　韓国領土が消滅へ　日本に懇願土下座,韓国 - 2025-06-07 - 1st,NO,YouTubeチェンネル運営ビジネス (https://app.notion.com/p/86f2d2e9f4074174a2e1898ace238df6?pvs=21),1st,2025/06/07,2025年5月24日 12:56
韓国 - 2025-06-07 - 1st,韓国,アップロード済,SUNNYSH (https://app.notion.com/p/08d06c9684c3467ba3373ef7768d2323?pvs=21),日本専門家調査へ　9割復旧不可能　韓国衝撃突如後悔,韓国 - 2025-06-07 - 2nd,NO,YouTubeチェンネル運営ビジネス (https://app.notion.com/p/86f2d2e9f4074174a2e1898ace238df6?pvs=21),2nd,2025/06/07,2025年5月24日 12:56
韓国 - 2025-06-07 - 1st,韓国,アップロード済,SUNNYSH (https://app.notion.com/p/08d06c9684c3467ba3373ef7768d2323?pvs=21),ムンジェイン声明　韓国仰天事実発覚　日本高笑い,韓国 - 2025-06-08 - 1st,NO,YouTubeチェンネル運営ビジネス (https://app.notion.com/p/86f2d2e9f4074174a2e1898ace238df6?pvs=21),1st,2025/06/08,2025年5月24日 12:56
韓国 - 2025-06-08 - 2nd,韓国,アップロード済,SUNNYSH (https://app.notion.com/p/08d06c9684c3467ba3373ef7768d2323?pvs=21),日韓問題　日本辞退し　腐った韓国大混乱,韓国 - 2025-06-08 - 2nd,NO,YouTubeチェンネル運営ビジネス (https://app.notion.com/p/86f2d2e9f4074174a2e1898ace238df6?pvs=21),2nd,2025/06/08,2025年5月25日 13:00
韓国 - 2025-06-09 - 1st,韓国,アップロード済,SUNNYSH (https://app.notion.com/p/08d06c9684c3467ba3373ef7768d2323?pvs=21),米大企業電撃発表　韓国完全に終了　まさか日本が,韓国 - 2025-06-09 - 1st,NO,YouTubeチェンネル運営ビジネス (https://app.notion.com/p/86f2d2e9f4074174a2e1898ace238df6?pvs=21),1st,2025/06/09,2025年5月25日 13:01
韓国 - 2025-06-09 - 2nd,韓国,アップロード済,SUNNYSH (https://app.notion.com/p/08d06c9684c3467ba3373ef7768d2323?pvs=21),文在寅の置き土産　韓国全土騒然　さらに国際報道へ,韓国 - 2025-06-09 - 2nd,NO,YouTubeチェンネル運営ビジネス (https://app.notion.com/p/86f2d2e9f4074174a2e1898ace238df6?pvs=21),2nd,2025/06/09,2025年5月25日 13:01
韓国 - 2025-06-10 - 1st,韓国,アップロード済,SUNNYSH (https://app.notion.com/p/08d06c9684c3467ba3373ef7768d2323?pvs=21),日本の買収成功で　韓国大慌て　世界退場逃場なし,韓国 - 2025-06-10 - 1st,NO,YouTubeチェンネル運営ビジネス (https://app.notion.com/p/86f2d2e9f4074174a2e1898ace238df6?pvs=21),1st,2025/06/10,2025年5月27日 13:25
韓国 - 2025-06-10 - 2nd,韓国,アップロード済,SUNNYSH (https://app.notion.com/p/08d06c9684c3467ba3373ef7768d2323?pvs=21),韓国突如パニック　反日不買やめるも　日本完全無視,韓国 - 2025-06-10 - 2nd,NO,YouTubeチェンネル運営ビジネス (https://app.notion.com/p/86f2d2e9f4074174a2e1898ace238df6?pvs=21),2nd,2025/06/10,2025年5月27日 13:25
韓国 - 2025-06-11 - 1st,韓国,アップロード済,SUNNYSH (https://app.notion.com/p/08d06c9684c3467ba3373ef7768d2323?pvs=21),韓国航空業界騒然　排便決定大損害　まさか日本が,韓国 - 2025-06-11 - 1st,NO,YouTubeチェンネル運営ビジネス (https://app.notion.com/p/86f2d2e9f4074174a2e1898ace238df6?pvs=21),1st,2025/06/11,2025年5月27日 13:25
韓国 - 2025-06-11 - 2nd,韓国,アップロード済,SUNNYSH (https://app.notion.com/p/08d06c9684c3467ba3373ef7768d2323?pvs=21),世界中で契約破棄　韓国経済火の車　人もお金も日本へ,韓国 - 2025-06-11 - 2nd,NO,YouTubeチェンネル運営ビジネス (https://app.notion.com/p/86f2d2e9f4074174a2e1898ace238df6?pvs=21),2nd,2025/06/11,2025年5月28日 13:52
韓国 - 2025-06-12 - 1st,韓国,アップロード済,SUNNYSH (https://app.notion.com/p/08d06c9684c3467ba3373ef7768d2323?pvs=21),緊急韓国非常事態　不安的中　経済崩壊へ,韓国 - 2025-06-12 - 1st,NO,YouTubeチェンネル運営ビジネス (https://app.notion.com/p/86f2d2e9f4074174a2e1898ace238df6?pvs=21),1st,2025/06/12,2025年5月28日 13:52
韓国 - 2025-06-12 - 2nd,韓国,アップロード済,SUNNYSH (https://app.notion.com/p/08d06c9684c3467ba3373ef7768d2323?pvs=21),韓国民腰抜かす　国際期間電撃発表　日本の圧倒的強さ,韓国 - 2025-06-12 - 2nd,NO,YouTubeチェンネル運営ビジネス (https://app.notion.com/p/86f2d2e9f4074174a2e1898ace238df6?pvs=21),2nd,2025/06/12,2025年5月28日 13:52
韓国 - 2025-06-13 - 1st,韓国,アップロード済,SUNNYSH (https://app.notion.com/p/08d06c9684c3467ba3373ef7768d2323?pvs=21),日本唖然　必至韓国もう限界　態度激変？,韓国 - 2025-06-13 - 1st,NO,YouTubeチェンネル運営ビジネス (https://app.notion.com/p/86f2d2e9f4074174a2e1898ace238df6?pvs=21),1st,2025/06/13,2025年5月29日 13:41
韓国 - 2025-06-13 - 2nd,韓国,アップロード済,SUNNYSH (https://app.notion.com/p/08d06c9684c3467ba3373ef7768d2323?pvs=21),国際的批判殺到で　韓国反日教授追放　日本民鋭い正論,韓国 - 2025-06-13 - 2nd,NO,YouTubeチェンネル運営ビジネス (https://app.notion.com/p/86f2d2e9f4074174a2e1898ace238df6?pvs=21),2nd,2025/06/13,2025年5月29日 13:41
韓国 - 2025-06-13 - 2nd,韓国,アップロード済,SUNNYSH (https://app.notion.com/p/08d06c9684c3467ba3373ef7768d2323?pvs=21),未払い韓国許さん　世界各地追放決定　もう手遅れ,韓国 - 2025-06-14 - 1st,NO,YouTubeチェンネル運営ビジネス (https://app.notion.com/p/86f2d2e9f4074174a2e1898ace238df6?pvs=21),1st,2025/06/14,2025年5月29日 13:41
韓国 - 2025-06-14 - 2nd,韓国,アップロード済,SUNNYSH (https://app.notion.com/p/08d06c9684c3467ba3373ef7768d2323?pvs=21),どうしてだ　韓国枠が消滅し　人金が全て日本へ,韓国 - 2025-06-14 - 2nd,NO,YouTubeチェンネル運営ビジネス (https://app.notion.com/p/86f2d2e9f4074174a2e1898ace238df6?pvs=21),2nd,2025/06/14,2025年5月31日 11:59
韓国 - 2025-06-15 - 1st,韓国,アップロード済,SUNNYSH (https://app.notion.com/p/08d06c9684c3467ba3373ef7768d2323?pvs=21),泣きつく　韓国大損害　日本儲り腰抜かす,韓国 - 2025-06-15 - 1st,NO,YouTubeチェンネル運営ビジネス (https://app.notion.com/p/86f2d2e9f4074174a2e1898ace238df6?pvs=21),1st,2025/06/15,2025年5月31日 12:00
韓国 - 2025-06-15 - 2nd,韓国,アップロード済,SUNNYSH (https://app.notion.com/p/08d06c9684c3467ba3373ef7768d2323?pvs=21),韓国電撃発表　KPOP消滅へ　日本から追放か,韓国 - 2025-06-15 - 2nd,NO,YouTubeチェンネル運営ビジネス (https://app.notion.com/p/86f2d2e9f4074174a2e1898ace238df6?pvs=21),2nd,2025/06/15,2025年5月31日 12:00
韓国 - 2025-06-16 - 1st,韓国,アップロード済,SUNNYSH (https://app.notion.com/p/08d06c9684c3467ba3373ef7768d2323?pvs=21),日本唖然　必至の韓国　態度激変？,韓国 - 2025-06-16 - 1st,NO,YouTubeチェンネル運営ビジネス (https://app.notion.com/p/86f2d2e9f4074174a2e1898ace238df6?pvs=21),1st,2025/06/16,2025年6月1日 13:14
韓国 - 2025-06-16 - 2nd,韓国,アップロード済,SUNNYSH (https://app.notion.com/p/08d06c9684c3467ba3373ef7768d2323?pvs=21),日本正気か？　財産没収の決断に　韓国民腰抜かす,韓国 - 2025-06-16 - 2nd,NO,YouTubeチェンネル運営ビジネス (https://app.notion.com/p/86f2d2e9f4074174a2e1898ace238df6?pvs=21),2nd,2025/06/16,2025年6月1日 13:15
韓国 - 2025-06-17 - 1st,韓国,アップロード済,SUNNYSH (https://app.notion.com/p/08d06c9684c3467ba3373ef7768d2323?pvs=21),韓民に増税だ！　麻生節炸裂　韓国大騒ぎ,韓国 - 2025-06-17 - 1st,NO,YouTubeチェンネル運営ビジネス (https://app.notion.com/p/86f2d2e9f4074174a2e1898ace238df6?pvs=21),1st,2025/06/17,2025年6月1日 13:16
韓国 - 2025-06-17 - 2nd,韓国,アップロード済,SUNNYSH (https://app.notion.com/p/08d06c9684c3467ba3373ef7768d2323?pvs=21),韓国急転撤退決定　世界退場大損害　計画崩壊,韓国 - 2025-06-17 - 2nd,NO,YouTubeチェンネル運営ビジネス (https://app.notion.com/p/86f2d2e9f4074174a2e1898ace238df6?pvs=21),2nd,2025/06/17,2025年6月10日 10:49
韓国 - 2025-06-18 - 1st,韓国,アップロード済,SUNNYSH (https://app.notion.com/p/08d06c9684c3467ba3373ef7768d2323?pvs=21),激動予告！　韓国遂に　日本台湾和蘭から,韓国 - 2025-06-18 - 1st,NO,YouTubeチェンネル運営ビジネス (https://app.notion.com/p/86f2d2e9f4074174a2e1898ace238df6?pvs=21),1st,2025/06/18,2025年6月10日 10:49
韓国 - 2025-06-18 - 2nd,韓国,アップロード済,SUNNYSH (https://app.notion.com/p/08d06c9684c3467ba3373ef7768d2323?pvs=21),韓国号泣　日本断固拒否　受け入れ先無し,韓国 - 2025-06-18 - 2nd,NO,YouTubeチェンネル運営ビジネス (https://app.notion.com/p/86f2d2e9f4074174a2e1898ace238df6?pvs=21),2nd,2025/06/18,2025年6月10日 10:49
韓国 - 2025-06-19 - 1st,韓国,アップロード済,SUNNYSH (https://app.notion.com/p/08d06c9684c3467ba3373ef7768d2323?pvs=21),韓国民騒然　借金まさか7千兆　日本は完全無視,韓国 - 2025-06-19 - 1st,NO,YouTubeチェンネル運営ビジネス (https://app.notion.com/p/86f2d2e9f4074174a2e1898ace238df6?pvs=21),1st,2025/06/19,2025年6月17日 15:27
韓国 - 2025-06-19 - 2nd,韓国,アップロード済,SUNNYSH (https://app.notion.com/p/08d06c9684c3467ba3373ef7768d2323?pvs=21),アホなのか？！　イジェミョン妄言　日本も韓国も絶句,韓国 - 2025-06-19 - 2nd,NO,YouTubeチェンネル運営ビジネス (https://app.notion.com/p/86f2d2e9f4074174a2e1898ace238df6?pvs=21),2nd,2025/06/19,2025年6月17日 15:28
韓国 - 2025-06-20 - 1st,韓国,アップロード済,SUNNYSH (https://app.notion.com/p/08d06c9684c3467ba3373ef7768d2323?pvs=21),日韓問題　日本辞退し　韓国擦り寄る,韓国 - 2025-06-20 - 1st,NO,YouTubeチェンネル運営ビジネス (https://app.notion.com/p/86f2d2e9f4074174a2e1898ace238df6?pvs=21),1st,2025/06/20,2025年6月17日 16:11
韓国 - 2025-06-20 - 2nd,韓国,アップロード済,SUNNYSH (https://app.notion.com/p/08d06c9684c3467ba3373ef7768d2323?pvs=21),リアル韓国まさか　調査で明らかに　驚愕の貧困実態,韓国 - 2025-06-20 - 2nd,NO,YouTubeチェンネル運営ビジネス (https://app.notion.com/p/86f2d2e9f4074174a2e1898ace238df6?pvs=21),2nd,2025/06/20,2025年6月17日 16:11
韓国 - 2025-06-29 - 2nd,韓国,アップロード済,SUNNYSH (https://app.notion.com/p/08d06c9684c3467ba3373ef7768d2323?pvs=21),韓国もう限界　米が協定辞退　国家破産か,韓国 - 2025-06-29 - 2nd,NO,YouTubeチェンネル運営ビジネス (https://app.notion.com/p/86f2d2e9f4074174a2e1898ace238df6?pvs=21),2nd,2025/06/29,2025年6月18日 15:47
韓国 - 2025-06-21 - 2nd,韓国,アップロード済,SUNNYSH (https://app.notion.com/p/08d06c9684c3467ba3373ef7768d2323?pvs=21),韓国ついに不渡り　国民が犠牲に 日本は助けず無視,韓国 - 2025-06-21 - 2nd,NO,YouTubeチェンネル運営ビジネス (https://app.notion.com/p/86f2d2e9f4074174a2e1898ace238df6?pvs=21),2nd,2025/06/21,2025年6月18日 16:02
韓国 - 2025-06-22 - 1st,韓国,アップロード済,SUNNYSH (https://app.notion.com/p/08d06c9684c3467ba3373ef7768d2323?pvs=21),韓国が完全終了か　G7で日本の英断　国家消滅の危機に,韓国 - 2025-06-22 - 1st,NO,YouTubeチェンネル運営ビジネス (https://app.notion.com/p/86f2d2e9f4074174a2e1898ace238df6?pvs=21),1st,2025/06/22,2025年6月18日 16:37
韓国 - 2025-06-22 - 2nd,韓国,アップロード済,SUNNYSH (https://app.notion.com/p/08d06c9684c3467ba3373ef7768d2323?pvs=21),日本から電撃発表　遂に韓国契約停止　大損害もう滅びる,韓国 - 2025-06-22 - 2nd,NO,YouTubeチェンネル運営ビジネス (https://app.notion.com/p/86f2d2e9f4074174a2e1898ace238df6?pvs=21),2nd,2025/06/22,2025年6月18日 16:38
韓国 - 2025-06-23 - 2nd,韓国,アップロード済,SUNNYSH (https://app.notion.com/p/08d06c9684c3467ba3373ef7768d2323?pvs=21),韓国民突如後悔　一夜で資産消滅　世界が驚愕大笑い,韓国 - 2025-06-23 - 2nd,NO,YouTubeチェンネル運営ビジネス (https://app.notion.com/p/86f2d2e9f4074174a2e1898ace238df6?pvs=21),2nd,2025/06/23,2025年6月19日 15:35
韓国 - 2025-06-23 - 1st,韓国,アップロード済,SUNNYSH (https://app.notion.com/p/08d06c9684c3467ba3373ef7768d2323?pvs=21),韓国非常事態　不安的中　緊急！経済崩壊へ,韓国 - 2025-06-23 - 1st,NO,YouTubeチェンネル運営ビジネス (https://app.notion.com/p/86f2d2e9f4074174a2e1898ace238df6?pvs=21),1st,2025/06/23,2025年6月19日 15:36
韓国 - 2025-06-24 - 1st,韓国,アップロード済,SUNNYSH (https://app.notion.com/p/08d06c9684c3467ba3373ef7768d2323?pvs=21),許さん！韓国　世界各地続々拒絶　国内倒産続出へ,韓国 - 2025-06-24 - 1st,NO,YouTubeチェンネル運営ビジネス (https://app.notion.com/p/86f2d2e9f4074174a2e1898ace238df6?pvs=21),1st,2025/06/24,2025年6月21日 14:14
韓国 - 2025-06-24 - 2nd,韓国,アップロード済,SUNNYSH (https://app.notion.com/p/08d06c9684c3467ba3373ef7768d2323?pvs=21),韓国大慌て　国際報道発表　完全に日本が,韓国 - 2025-06-24 - 2nd,NO,YouTubeチェンネル運営ビジネス (https://app.notion.com/p/86f2d2e9f4074174a2e1898ace238df6?pvs=21),2nd,2025/06/24,2025年6月21日 14:17
韓国 - 2025-06-25 - 1st,韓国,アップロード済,SUNNYSH (https://app.notion.com/p/08d06c9684c3467ba3373ef7768d2323?pvs=21),日本に謝れ　世界急変断韓へ　韓国突然後悔,韓国 - 2025-06-25 - 1st,NO,YouTubeチェンネル運営ビジネス (https://app.notion.com/p/86f2d2e9f4074174a2e1898ace238df6?pvs=21),1st,2025/06/25,2025年6月21日 14:18
韓国 - 2025-06-25 - 2nd,韓国,アップロード済,SUNNYSH (https://app.notion.com/p/08d06c9684c3467ba3373ef7768d2323?pvs=21),愚か韓国は不要だ　口車に便乗し　資産が消滅,韓国 - 2025-06-25 - 2nd,NO,YouTubeチェンネル運営ビジネス (https://app.notion.com/p/86f2d2e9f4074174a2e1898ace238df6?pvs=21),2nd,2025/06/25,2025年6月21日 14:18
韓国 - 2025-06-26 - 1st,韓国,アップロード済,SUNNYSH (https://app.notion.com/p/08d06c9684c3467ba3373ef7768d2323?pvs=21),EU急変　9割復旧不可能で　韓国完全に終了,韓国 - 2025-06-26 - 1st,NO,YouTubeチェンネル運営ビジネス (https://app.notion.com/p/86f2d2e9f4074174a2e1898ace238df6?pvs=21),1st,2025/06/26,2025年6月23日 10:43
韓国 - 2025-06-26 - 2nd,韓国,アップロード済,SUNNYSH (https://app.notion.com/p/08d06c9684c3467ba3373ef7768d2323?pvs=21),世界銀国電撃発表　遂に韓国事実認め　間違いありません,韓国 - 2025-06-26 - 2nd,NO,YouTubeチェンネル運営ビジネス (https://app.notion.com/p/86f2d2e9f4074174a2e1898ace238df6?pvs=21),2nd,2025/06/26,2025年6月23日 10:48
韓国 - 2025-06-27 - 1st,韓国,アップロード済,SUNNYSH (https://app.notion.com/p/08d06c9684c3467ba3373ef7768d2323?pvs=21),トランプ電撃発表　韓国完全に終了　まさか台湾が,韓国 - 2025-06-27 - 1st,NO,YouTubeチェンネル運営ビジネス (https://app.notion.com/p/86f2d2e9f4074174a2e1898ace238df6?pvs=21),1st,2025/06/27,2025年6月24日 15:28
韓国 - 2025-06-27 - 2nd,韓国,アップロード済,SUNNYSH (https://app.notion.com/p/08d06c9684c3467ba3373ef7768d2323?pvs=21),露正気か　全財産没収？　韓国腰抜かす,韓国 - 2025-06-27 - 2nd,NO,YouTubeチェンネル運営ビジネス (https://app.notion.com/p/86f2d2e9f4074174a2e1898ace238df6?pvs=21),2nd,2025/06/27,2025年6月24日 15:28
韓国 - 2025-06-28 - 1st,韓国,アップロード済,SUNNYSH (https://app.notion.com/p/08d06c9684c3467ba3373ef7768d2323?pvs=21),韓国反日崩壊大騒　国際報道発表へ　まさか日本が,韓国 - 2025-06-28 - 1st,NO,YouTubeチェンネル運営ビジネス (https://app.notion.com/p/86f2d2e9f4074174a2e1898ace238df6?pvs=21),1st,2025/06/28,2025年6月24日 15:29
韓国 - 2025-06-28 - 2nd,韓国,アップロード済,SUNNYSH (https://app.notion.com/p/08d06c9684c3467ba3373ef7768d2323?pvs=21),どうか和解を　日本の経済界激怒　韓国国際問題へ,韓国 - 2025-06-30 - 1st,NO,YouTubeチェンネル運営ビジネス (https://app.notion.com/p/86f2d2e9f4074174a2e1898ace238df6?pvs=21),1st,2025/06/30,2025年6月24日 15:29
韓国 - 2025-06-29 - 1st,韓国,アップロード済,SUNNYSH (https://app.notion.com/p/08d06c9684c3467ba3373ef7768d2323?pvs=21),日本完全離脱へ　韓国大後悔　100％暴落,韓国 - 2025-06-29 - 1st,NO,YouTubeチェンネル運営ビジネス (https://app.notion.com/p/86f2d2e9f4074174a2e1898ace238df6?pvs=21),1st,2025/06/29,2025年6月25日 15:04
韓国 - 2025-06-28 - 2nd,韓国,アップロード済,SUNNYSH (https://app.notion.com/p/08d06c9684c3467ba3373ef7768d2323?pvs=21),韓国全土騒然　新外相が　世界に自滅発表,韓国 - 2025-06-28 - 2nd,NO,YouTubeチェンネル運営ビジネス (https://app.notion.com/p/86f2d2e9f4074174a2e1898ace238df6?pvs=21),2nd,2025/06/28,2025年6月25日 15:05
韓国 - 2025-07-01 - 2nd,韓国,アップロード済,SUNNYSH (https://app.notion.com/p/08d06c9684c3467ba3373ef7768d2323?pvs=21),韓国の闇末期症状　まさかのSOS　日本は知らん,韓国 - 2025-07-01 - 2nd,NO,YouTubeチェンネル運営ビジネス (https://app.notion.com/p/86f2d2e9f4074174a2e1898ace238df6?pvs=21),2nd,2025/07/01,2025年6月28日 9:14
韓国 - 2025-06-30 - 2nd,韓国,アップロード済,SUNNYSH (https://app.notion.com/p/08d06c9684c3467ba3373ef7768d2323?pvs=21),ま、待ってくれ　韓国直面次々消滅　懸命の延命,韓国 - 2025-06-30 - 2nd,NO,YouTubeチェンネル運営ビジネス (https://app.notion.com/p/86f2d2e9f4074174a2e1898ace238df6?pvs=21),2nd,2025/06/30,2025年6月28日 9:42
韓国 - 2025-07-05 - 2nd,韓国,アップロード済,SUNNYSH (https://app.notion.com/p/08d06c9684c3467ba3373ef7768d2323?pvs=21),なぜ！？韓国　自ら破滅選ぶ　国際社会永久追放,韓国 - 2025-07-05 - 2nd,NO,YouTubeチェンネル運営ビジネス (https://app.notion.com/p/86f2d2e9f4074174a2e1898ace238df6?pvs=21),2nd,2025/07/05,2025年6月28日 10:08
韓国 - 2025-07-01 - 1st (1),韓国,アップロード済,SUNNYSH (https://app.notion.com/p/08d06c9684c3467ba3373ef7768d2323?pvs=21),韓国反日追放祭り　国際報道発表へ　ついに日本が,韓国 - 2025-07-01 - 1st,NO,YouTubeチェンネル運営ビジネス (https://app.notion.com/p/86f2d2e9f4074174a2e1898ace238df6?pvs=21),1st,2025/07/01,2025年6月28日 10:10
韓国 - 2025-07-02 - 1st,韓国,アップロード済,SUNNYSH (https://app.notion.com/p/08d06c9684c3467ba3373ef7768d2323?pvs=21),韓国危険な選択　裏切り悲惨な末路　世界で大恥,韓国 - 2025-07-02 - 1st,NO,YouTubeチェンネル運営ビジネス (https://app.notion.com/p/86f2d2e9f4074174a2e1898ace238df6?pvs=21),1st,2025/07/02,2025年6月30日 0:10
韓国 - 2025-07-02 - 2nd,韓国,アップロード済,SUNNYSH (https://app.notion.com/p/08d06c9684c3467ba3373ef7768d2323?pvs=21),韓国ヤバい悪行　国際社会が仰天　ついに行動へ,韓国 - 2025-07-02 - 2nd,NO,YouTubeチェンネル運営ビジネス (https://app.notion.com/p/86f2d2e9f4074174a2e1898ace238df6?pvs=21),2nd,2025/07/02,2025年6月30日 0:10
韓国 - 2025-07-03 - 1st,韓国,アップロード済,SUNNYSH (https://app.notion.com/p/08d06c9684c3467ba3373ef7768d2323?pvs=21),韓国計画が大失敗　日本が完全拒否　事実知り韓民悲鳴,韓国 - 2025-07-03 - 1st,NO,YouTubeチェンネル運営ビジネス (https://app.notion.com/p/86f2d2e9f4074174a2e1898ace238df6?pvs=21),1st,2025/07/03,2025年6月30日 12:55
韓国 - 2025-07-03 - 2nd,韓国,アップロード済,SUNNYSH (https://app.notion.com/p/08d06c9684c3467ba3373ef7768d2323?pvs=21),スワップの罠　日本の冷酷策略　韓国自滅国民絶句,韓国 - 2025-07-03 - 2nd,NO,YouTubeチェンネル運営ビジネス (https://app.notion.com/p/86f2d2e9f4074174a2e1898ace238df6?pvs=21),2nd,2025/07/03,2025年6月30日 12:56
韓国 - 2025-07-04 - 1st,韓国,アップロード済,SUNNYSH (https://app.notion.com/p/08d06c9684c3467ba3373ef7768d2323?pvs=21),韓国民大狂乱　韓商品不買続出　まさか日本が,韓国 - 2025-07-04 - 1st,NO,YouTubeチェンネル運営ビジネス (https://app.notion.com/p/86f2d2e9f4074174a2e1898ace238df6?pvs=21),1st,2025/07/04,2025年6月30日 20:55
韓国 - 2025-07-04 - 2nd,韓国,アップロード済,SUNNYSH (https://app.notion.com/p/08d06c9684c3467ba3373ef7768d2323?pvs=21),泣きつく　韓国打つ手なし　日本の完全勝利へ,韓国 - 2025-07-04 - 2nd,NO,YouTubeチェンネル運営ビジネス (https://app.notion.com/p/86f2d2e9f4074174a2e1898ace238df6?pvs=21),2nd,2025/07/04,2025年6月30日 20:55
韓国 - 2025-07-08 - 1st,韓国,アップロード済,SUNNYSH (https://app.notion.com/p/08d06c9684c3467ba3373ef7768d2323?pvs=21),怒りの鉄槌　中南米が韓国裁く　誰も知らない真実,韓国 - 2025-07-08 - 1st,NO,YouTubeチェンネル運営ビジネス (https://app.notion.com/p/86f2d2e9f4074174a2e1898ace238df6?pvs=21),1st,2025/07/08,2025年6月30日 20:56
韓国 - 2025-07-05 - 1st,韓国,アップロード済,SUNNYSH (https://app.notion.com/p/08d06c9684c3467ba3373ef7768d2323?pvs=21),韓国経済心臓停止　理解不能な原因で　もう手遅れ,韓国 - 2025-07-05 - 1st,NO,YouTubeチェンネル運営ビジネス (https://app.notion.com/p/86f2d2e9f4074174a2e1898ace238df6?pvs=21),1st,2025/07/05,2025年7月1日 14:43
韓国 - 2025-07-06 - 1st,韓国,アップロード済,SUNNYSH (https://app.notion.com/p/08d06c9684c3467ba3373ef7768d2323?pvs=21),韓国！もう許さん　世界各地で　続々拒絶へ,韓国 - 2025-07-06 - 1st,NO,YouTubeチェンネル運営ビジネス (https://app.notion.com/p/86f2d2e9f4074174a2e1898ace238df6?pvs=21),1st,2025/07/06,2025年7月1日 17:49
韓国 - 2025-07-06 - 2nd,韓国,アップロード済,SUNNYSH (https://app.notion.com/p/08d06c9684c3467ba3373ef7768d2323?pvs=21),腐った韓国へ　国際機関一斉警告　事実知り韓民悲鳴,韓国 - 2025-07-06 - 2nd,NO,YouTubeチェンネル運営ビジネス (https://app.notion.com/p/86f2d2e9f4074174a2e1898ace238df6?pvs=21),2nd,2025/07/06,2025年7月1日 17:56
韓国 - 2025-07-07 - 1st,韓国,アップロード済,SUNNYSH (https://app.notion.com/p/08d06c9684c3467ba3373ef7768d2323?pvs=21),遂にベトナムも　韓国のやばい民度　世界中が驚愕,韓国 - 2025-07-07 - 1st,NO,YouTubeチェンネル運営ビジネス (https://app.notion.com/p/86f2d2e9f4074174a2e1898ace238df6?pvs=21),1st,2025/07/07,2025年7月1日 22:09
韓国 - 2025-07-07 - 2nd,韓国,アップロード済,SUNNYSH (https://app.notion.com/p/08d06c9684c3467ba3373ef7768d2323?pvs=21),頭、大丈夫！？　イジェミョン妄言　韓国国民も絶句,韓国 - 2025-07-07 - 2nd,NO,YouTubeチェンネル運営ビジネス (https://app.notion.com/p/86f2d2e9f4074174a2e1898ace238df6?pvs=21),2nd,2025/07/07,2025年7月1日 22:09
韓国 - 2025-07-08 - 2nd,韓国,アップロード済,SUNNYSH (https://app.notion.com/p/08d06c9684c3467ba3373ef7768d2323?pvs=21),欧州で計画大失敗　韓国、ついに破門　市場失い大損害,韓国 - 2025-07-08 - 2nd,NO,YouTubeチェンネル運営ビジネス (https://app.notion.com/p/86f2d2e9f4074174a2e1898ace238df6?pvs=21),2nd,2025/07/08,2025年7月2日 20:06
,韓国,,SUNNYSH (https://app.notion.com/p/08d06c9684c3467ba3373ef7768d2323?pvs=21),,韓国 - 2025-06-25 -,,YouTubeチェンネル運営ビジネス (https://app.notion.com/p/86f2d2e9f4074174a2e1898ace238df6?pvs=21),,2025/06/25,2025年7月2日 20:06
韓国 - 2025-07-09 - 1st,韓国,アップロード済,SUNNYSH (https://app.notion.com/p/08d06c9684c3467ba3373ef7768d2323?pvs=21),地球の嫌われ者に　韓国、自ら立候補　世界驚愕！排除へ,韓国 - 2025-07-09 - 1st,NO,YouTubeチェンネル運営ビジネス (https://app.notion.com/p/86f2d2e9f4074174a2e1898ace238df6?pvs=21),1st,2025/07/09,2025年7月2日 20:07
韓国 - 2025-07-09 - 2nd,韓国,アップロード済,SUNNYSH (https://app.notion.com/p/08d06c9684c3467ba3373ef7768d2323?pvs=21),韓国が完全衰退　人もお金も　全て日本へ,韓国 - 2025-07-09 - 2nd,NO,YouTubeチェンネル運営ビジネス (https://app.notion.com/p/86f2d2e9f4074174a2e1898ace238df6?pvs=21),2nd,2025/07/09,2025年7月2日 20:07
韓国 - 2025-07-10 - 1st,韓国,アップロード済,SUNNYSH (https://app.notion.com/p/08d06c9684c3467ba3373ef7768d2323?pvs=21),首都が瓦礫の山に　韓国この世の地獄　専門家最悪を警告,韓国 - 2025-07-10 - 1st,NO,YouTubeチェンネル運営ビジネス (https://app.notion.com/p/86f2d2e9f4074174a2e1898ace238df6?pvs=21),1st,2025/07/10,2025年7月2日 20:07
韓国 - 2025-07-10 - 2nd,韓国,アップロード済,SUNNYSH (https://app.notion.com/p/08d06c9684c3467ba3373ef7768d2323?pvs=21),韓国は腐ってる　比国軍が正式発表　国際法廷へ！？,韓国 - 2025-07-10 - 2nd,NO,YouTubeチェンネル運営ビジネス (https://app.notion.com/p/86f2d2e9f4074174a2e1898ace238df6?pvs=21),2nd,2025/07/10,2025年7月2日 20:08
韓国 - 2025-07-11 - 1st,韓国,アップロード済,SUNNYSH (https://app.notion.com/p/08d06c9684c3467ba3373ef7768d2323?pvs=21),イスラエルで急変　完全約束破棄され　韓国経済終了へ,韓国 - 2025-07-11 - 1st,NO,YouTubeチェンネル運営ビジネス (https://app.notion.com/p/86f2d2e9f4074174a2e1898ace238df6?pvs=21),1st,2025/07/11,2025年7月4日 12:54
韓国 - 2025-07-11 - 2nd,韓国,アップロード済,SUNNYSH (https://app.notion.com/p/08d06c9684c3467ba3373ef7768d2323?pvs=21),狂気の契約不履行　韓国、自ら破滅へ　大損害に腰抜かす,韓国 - 2025-07-11 - 2nd,NO,YouTubeチェンネル運営ビジネス (https://app.notion.com/p/86f2d2e9f4074174a2e1898ace238df6?pvs=21),2nd,2025/07/11,2025年7月4日 12:54
韓国 - 2025-07-12 - 1st,韓国,アップロード済,SUNNYSH (https://app.notion.com/p/08d06c9684c3467ba3373ef7768d2323?pvs=21),KPOP消滅か　韓国電撃発表　経済損失確定,韓国 - 2025-07-12 - 1st,NO,YouTubeチェンネル運営ビジネス (https://app.notion.com/p/86f2d2e9f4074174a2e1898ace238df6?pvs=21),1st,2025/07/12,2025年7月4日 12:54
韓国 - 2025-07-12 - 2nd,韓国,アップロード済,SUNNYSH (https://app.notion.com/p/08d06c9684c3467ba3373ef7768d2323?pvs=21),韓国未払い多発　国際機関出入禁止　事実知り韓民絶望,韓国 - 2025-07-12 - 2nd,NO,YouTubeチェンネル運営ビジネス (https://app.notion.com/p/86f2d2e9f4074174a2e1898ace238df6?pvs=21),2nd,2025/07/12,2025年7月4日 12:54
韓国 - 2025-07-13 - 1st,韓国,アップロード済,SUNNYSH (https://app.notion.com/p/08d06c9684c3467ba3373ef7768d2323?pvs=21),韓国は腐ってる　トランプ大統領　公式発表,韓国 - 2025-07-13 - 1st,NO,YouTubeチェンネル運営ビジネス (https://app.notion.com/p/86f2d2e9f4074174a2e1898ace238df6?pvs=21),1st,2025/07/13,2025年7月4日 12:55
韓国 - 2025-07-13 - 2nd,韓国,アップロード済,SUNNYSH (https://app.notion.com/p/08d06c9684c3467ba3373ef7768d2323?pvs=21),韓民激怒し後悔　韓国政府大慌て　日本が正しかった,韓国 - 2025-07-13 - 2nd,NO,YouTubeチェンネル運営ビジネス (https://app.notion.com/p/86f2d2e9f4074174a2e1898ace238df6?pvs=21),2nd,2025/07/13,2025年7月4日 12:55
韓国 - 2025-07-14 - 1st,韓国,アップロード済,SUNNYSH (https://app.notion.com/p/08d06c9684c3467ba3373ef7768d2323?pvs=21),アフリカ急変　100％契約破棄　韓国経済終了へ,韓国 - 2025-07-14 - 1st,NO,YouTubeチェンネル運営ビジネス (https://app.notion.com/p/86f2d2e9f4074174a2e1898ace238df6?pvs=21),1st,2025/07/14,2025年7月5日 12:20
韓国 - 2025-07-14 - 2nd,韓国,アップロード済,SUNNYSH (https://app.notion.com/p/08d06c9684c3467ba3373ef7768d2323?pvs=21),日本本気　韓国領土が消滅へ　世界に重大発表,韓国 - 2025-07-14 - 2nd,NO,YouTubeチェンネル運営ビジネス (https://app.notion.com/p/86f2d2e9f4074174a2e1898ace238df6?pvs=21),2nd,2025/07/14,2025年7月5日 12:20
韓国 - 2025-07-15 - 1st,韓国,アップロード済,SUNNYSH (https://app.notion.com/p/08d06c9684c3467ba3373ef7768d2323?pvs=21),ただの阿呆？！　イジェミョン発表　韓国全土が絶句,韓国 - 2025-07-15 - 1st,NO,YouTubeチェンネル運営ビジネス (https://app.notion.com/p/86f2d2e9f4074174a2e1898ace238df6?pvs=21),1st,2025/07/15,2025年7月5日 12:20
韓国 - 2025-07-15 - 2nd,韓国,アップロード済,SUNNYSH (https://app.notion.com/p/08d06c9684c3467ba3373ef7768d2323?pvs=21),韓国完全衰退　人もお金も　全て日本へ,韓国 - 2025-07-15 - 2nd,NO,YouTubeチェンネル運営ビジネス (https://app.notion.com/p/86f2d2e9f4074174a2e1898ace238df6?pvs=21),2nd,2025/07/15,2025年7月5日 12:20
韓国 - 2025-07-16 - 1st,韓国,アップロード済,SUNNYSH (https://app.notion.com/p/08d06c9684c3467ba3373ef7768d2323?pvs=21),国際専門機関発表　まさか韓国新事実　度肝抜かれ,韓国 - 2025-07-16 - 1st,NO,YouTubeチェンネル運営ビジネス (https://app.notion.com/p/86f2d2e9f4074174a2e1898ace238df6?pvs=21),1st,2025/07/16,2025年7月6日 12:09
韓国 - 2025-07-16 - 2nd,韓国,アップロード済,SUNNYSH (https://app.notion.com/p/08d06c9684c3467ba3373ef7768d2323?pvs=21),韓国今さら　涙ながら　日本へ懇願秒読み,韓国 - 2025-07-16 - 2nd,NO,YouTubeチェンネル運営ビジネス (https://app.notion.com/p/86f2d2e9f4074174a2e1898ace238df6?pvs=21),2nd,2025/07/16,2025年7月6日 12:10
韓国 - 2025-07-17 - 1st,韓国,アップロード済,SUNNYSH (https://app.notion.com/p/08d06c9684c3467ba3373ef7768d2323?pvs=21),韓国輸出業界騒然　世界禁止へ大損害　まさか日本が,韓国 - 2025-07-17 - 1st,NO,YouTubeチェンネル運営ビジネス (https://app.notion.com/p/86f2d2e9f4074174a2e1898ace238df6?pvs=21),1st,2025/07/17,2025年7月6日 12:10
韓国 - 2025-07-17 - 2nd,韓国,アップロード済,SUNNYSH (https://app.notion.com/p/08d06c9684c3467ba3373ef7768d2323?pvs=21),世界が電撃発表　韓国へ観光停止　国民犠牲大混乱,韓国 - 2025-07-17 - 2nd,NO,YouTubeチェンネル運営ビジネス (https://app.notion.com/p/86f2d2e9f4074174a2e1898ace238df6?pvs=21),2nd,2025/07/17,2025年7月6日 12:10
韓国 - 2025-07-18 - 1st,韓国,アップロード済,SUNNYSH (https://app.notion.com/p/08d06c9684c3467ba3373ef7768d2323?pvs=21),韓国真逆　腰抜かす　驚愕事実,韓国 - 2025-07-18 - 1st,検証済,YouTubeチェンネル運営ビジネス (https://app.notion.com/p/86f2d2e9f4074174a2e1898ace238df6?pvs=21),1st,2025/07/18,2025年7月7日 17:49
韓国 - 2025-07-18 - 2nd,韓国,アップロード済,SUNNYSH (https://app.notion.com/p/08d06c9684c3467ba3373ef7768d2323?pvs=21),日本怒り心頭　韓国手遅れ　遂に国際裁判！？,韓国 - 2025-07-18 - 2nd,検証済,YouTubeチェンネル運営ビジネス (https://app.notion.com/p/86f2d2e9f4074174a2e1898ace238df6?pvs=21),2nd,2025/07/18,2025年7月7日 17:49
韓国 - 2025-07-19 - 1st,韓国,アップロード済,SUNNYSH (https://app.notion.com/p/08d06c9684c3467ba3373ef7768d2323?pvs=21),韓国崩壊開始　余命1ヶ月　もう限界,韓国 - 2025-07-19 - 1st,NO,YouTubeチェンネル運営ビジネス (https://app.notion.com/p/86f2d2e9f4074174a2e1898ace238df6?pvs=21),1st,2025/07/19,2025年7月8日 15:33
韓国 - 2025-07-19 - 2nd,韓国,アップロード済,SUNNYSH (https://app.notion.com/p/08d06c9684c3467ba3373ef7768d2323?pvs=21),協約破棄続出　韓国完全に　空虚の国へ,韓国 - 2025-07-19 - 2nd,NO,YouTubeチェンネル運営ビジネス (https://app.notion.com/p/86f2d2e9f4074174a2e1898ace238df6?pvs=21),2nd,2025/07/19,2025年7月8日 15:34
韓国 - 2025-07-20 - 1st,韓国,アップロード済,SUNNYSH (https://app.notion.com/p/08d06c9684c3467ba3373ef7768d2323?pvs=21),韓国大慌て　驚愕発表　日本の逆襲,韓国 - 2025-07-20 - 1st,NO,YouTubeチェンネル運営ビジネス (https://app.notion.com/p/86f2d2e9f4074174a2e1898ace238df6?pvs=21),1st,2025/07/20,2025年7月11日 13:37
韓国 - 2025-07-20 - 2nd,韓国,アップロード済,SUNNYSH (https://app.notion.com/p/08d06c9684c3467ba3373ef7768d2323?pvs=21),韓国経済火の車　世界中で契約破棄　人もお金も日本へ,韓国 - 2025-07-20 - 2nd,NO,YouTubeチェンネル運営ビジネス (https://app.notion.com/p/86f2d2e9f4074174a2e1898ace238df6?pvs=21),2nd,2025/07/20,2025年7月11日 13:37
韓国 - 2025-07-21 - 1st,韓国,アップロード済,SUNNYSH (https://app.notion.com/p/08d06c9684c3467ba3373ef7768d2323?pvs=21),腐りきった韓国へ　国際機関一斉警告　事実知り韓民悲鳴,韓国 - 2025-07-21 - 1st,NO,YouTubeチェンネル運営ビジネス (https://app.notion.com/p/86f2d2e9f4074174a2e1898ace238df6?pvs=21),1st,2025/07/21,2025年7月11日 19:27
韓国 - 2025-07-21 - 2nd,韓国,アップロード済,SUNNYSH (https://app.notion.com/p/08d06c9684c3467ba3373ef7768d2323?pvs=21),もう復旧不能　日本完全無視　韓国お金が消滅,韓国 - 2025-07-21 - 2nd,NO,YouTubeチェンネル運営ビジネス (https://app.notion.com/p/86f2d2e9f4074174a2e1898ace238df6?pvs=21),2nd,2025/07/21,2025年7月11日 19:29
韓国 - 2025-07-22 - 1st,韓国,アップロード済,SUNNYSH (https://app.notion.com/p/08d06c9684c3467ba3373ef7768d2323?pvs=21),"韓国極貧国大転落　日本報道されない　韓民の生々しい声 ",韓国 - 2025-07-22 - 1st,NO,YouTubeチェンネル運営ビジネス (https://app.notion.com/p/86f2d2e9f4074174a2e1898ace238df6?pvs=21),1st,2025/07/22,2025年7月12日 11:53
韓国 - 2025-07-22 - 2nd,韓国,アップロード済,SUNNYSH (https://app.notion.com/p/08d06c9684c3467ba3373ef7768d2323?pvs=21),韓国民腰抜かす　33兆壊滅大損害　自ら電撃発表,韓国 - 2025-07-22 - 2nd,NO,YouTubeチェンネル運営ビジネス (https://app.notion.com/p/86f2d2e9f4074174a2e1898ace238df6?pvs=21),2nd,2025/07/22,2025年7月12日 11:53
韓国 - 2025-07-23 - 1st,韓国,アップロード済,SUNNYSH (https://app.notion.com/p/08d06c9684c3467ba3373ef7768d2323?pvs=21),韓国非常事態　経済壊滅停電続出　韓民地獄絵図,韓国 - 2025-07-23 - 1st,NO,YouTubeチェンネル運営ビジネス (https://app.notion.com/p/86f2d2e9f4074174a2e1898ace238df6?pvs=21),1st,2025/07/23,2025年7月13日 11:17
韓国 - 2025-07-23 - 2nd,韓国,アップロード済,SUNNYSH (https://app.notion.com/p/08d06c9684c3467ba3373ef7768d2323?pvs=21),韓国不渡り続出　国民が犠牲に　日本は助けず無視,韓国 - 2025-07-23 - 2nd,NO,YouTubeチェンネル運営ビジネス (https://app.notion.com/p/86f2d2e9f4074174a2e1898ace238df6?pvs=21),2nd,2025/07/23,2025年7月14日 13:15
韓国 - 2025-07-24 - 1st,韓国,アップロード済,SUNNYSH (https://app.notion.com/p/08d06c9684c3467ba3373ef7768d2323?pvs=21),ただの阿呆？　イジェミョン妄言　韓国全土が絶句,韓国 - 2025-07-24 - 1st,NO,YouTubeチェンネル運営ビジネス (https://app.notion.com/p/86f2d2e9f4074174a2e1898ace238df6?pvs=21),1st,2025/07/24,2025年7月14日 13:15
韓国 - 2025-07-24 - 2nd,韓国,アップロード済,SUNNYSH (https://app.notion.com/p/08d06c9684c3467ba3373ef7768d2323?pvs=21),韓国民腰抜かす　一夜で完全消滅　まさかOECDが,韓国 - 2025-07-24 - 2nd,NO,YouTubeチェンネル運営ビジネス (https://app.notion.com/p/86f2d2e9f4074174a2e1898ace238df6?pvs=21),2nd,2025/07/24,2025年7月15日 13:59
韓国 - 2025-07-25 - 1st,韓国,アップロード済,SUNNYSH (https://app.notion.com/p/08d06c9684c3467ba3373ef7768d2323?pvs=21),水不足飢餓で地獄　9割復旧不可能　韓国衝撃突如後悔,韓国 - 2025-07-25 - 1st,NO,YouTubeチェンネル運営ビジネス (https://app.notion.com/p/86f2d2e9f4074174a2e1898ace238df6?pvs=21),1st,2025/07/25,2025年7月15日 13:59
韓国 - 2025-07-25 - 1st,韓国,アップロード済,SUNNYSH (https://app.notion.com/p/08d06c9684c3467ba3373ef7768d2323?pvs=21),韓国電撃発表　全国病院壊滅危機　国民犠牲大混乱,韓国 - 2025-07-25 - 2nd,NO,YouTubeチェンネル運営ビジネス (https://app.notion.com/p/86f2d2e9f4074174a2e1898ace238df6?pvs=21),2nd,2025/07/25,2025年7月16日 14:49
韓国 - 2025-07-26 - 1st,韓国,アップロード済,SUNNYSH (https://app.notion.com/p/08d06c9684c3467ba3373ef7768d2323?pvs=21),韓国急変　嘘が限界　まさか前大統領が,韓国 - 2025-07-26 - 1st,NO,YouTubeチェンネル運営ビジネス (https://app.notion.com/p/86f2d2e9f4074174a2e1898ace238df6?pvs=21),1st,2025/07/26,2025年7月16日 14:50
韓国 - 2025-07-26 - 2nd,韓国,アップロード済,SUNNYSH (https://app.notion.com/p/08d06c9684c3467ba3373ef7768d2323?pvs=21),韓国崩壊開始　余命1ヶ月　もう限界,韓国 - 2025-07-26 - 2nd,NO,YouTubeチェンネル運営ビジネス (https://app.notion.com/p/86f2d2e9f4074174a2e1898ace238df6?pvs=21),2nd,2025/07/26,2025年7月17日 14:21
韓国 - 2025-07-27 - 1st,韓国,アップロード済,SUNNYSH (https://app.notion.com/p/08d06c9684c3467ba3373ef7768d2323?pvs=21),韓国大ピンチ　世界で炎上　参加辞退続出,韓国 - 2025-07-27 - 1st,NO,YouTubeチェンネル運営ビジネス (https://app.notion.com/p/86f2d2e9f4074174a2e1898ace238df6?pvs=21),1st,2025/07/27,2025年7月17日 14:22
韓国 - 2025-07-27 - 2nd,韓国,アップロード済,SUNNYSH (https://app.notion.com/p/08d06c9684c3467ba3373ef7768d2323?pvs=21),未払い韓国許さん　国際的批判殺到で　もう手遅れ,韓国 - 2025-07-27 - 2nd,NO,YouTubeチェンネル運営ビジネス (https://app.notion.com/p/86f2d2e9f4074174a2e1898ace238df6?pvs=21),2nd,2025/07/27,2025年7月17日 14:22
韓国 - 2025-07-28 - 1st,韓国,アップロード済,SUNNYSH (https://app.notion.com/p/08d06c9684c3467ba3373ef7768d2323?pvs=21),契約辞退続出　韓国経済火の車　人もお金も日本へ,韓国 - 2025-07-28 - 1st,NO,YouTubeチェンネル運営ビジネス (https://app.notion.com/p/86f2d2e9f4074174a2e1898ace238df6?pvs=21),1st,2025/07/28,2025年7月19日 13:46
韓国 - 2025-07-28 - 2nd,韓国,アップロード済,SUNNYSH (https://app.notion.com/p/08d06c9684c3467ba3373ef7768d2323?pvs=21),韓国80兆大損害　契約破棄計画破綻　もう滅びる,韓国 - 2025-07-28 - 2nd,NO,YouTubeチェンネル運営ビジネス (https://app.notion.com/p/86f2d2e9f4074174a2e1898ace238df6?pvs=21),2nd,2025/07/28,2025年7月19日 18:53
韓国 - 2025-07-29 - 1st,韓国,アップロード済,SUNNYSH (https://app.notion.com/p/08d06c9684c3467ba3373ef7768d2323?pvs=21),韓国もう限界　驚愕根拠公開　国家破産へ,韓国 - 2025-07-29 - 1st,NO,YouTubeチェンネル運営ビジネス (https://app.notion.com/p/86f2d2e9f4074174a2e1898ace238df6?pvs=21),1st,2025/07/29,2025年7月19日 18:54
韓国 - 2025-07-29 - 2nd,韓国,アップロード済,SUNNYSH (https://app.notion.com/p/08d06c9684c3467ba3373ef7768d2323?pvs=21),韓国民腰抜かす　一夜で完全消滅　まさかアフリカが,韓国 - 2025-07-29 - 2nd,NO,YouTubeチェンネル運営ビジネス (https://app.notion.com/p/86f2d2e9f4074174a2e1898ace238df6?pvs=21),2nd,2025/07/29,2025年7月19日 18:54
韓国 - 2025-07-30 - 1st,韓国,アップロード済,SUNNYSH (https://app.notion.com/p/08d06c9684c3467ba3373ef7768d2323?pvs=21),韓国反日壊滅涙目　国際報道発表　完全に日本が,韓国 - 2025-07-30 - 1st,NO,YouTubeチェンネル運営ビジネス (https://app.notion.com/p/86f2d2e9f4074174a2e1898ace238df6?pvs=21),1st,2025/07/30,2025年7月21日 21:01
韓国 - 2025-07-30 - 2nd,韓国,アップロード済,SUNNYSH (https://app.notion.com/p/08d06c9684c3467ba3373ef7768d2323?pvs=21),韓国ウォン暴落　紙クズ同然　まさか日本へ,韓国 - 2025-07-30 - 2nd,NO,YouTubeチェンネル運営ビジネス (https://app.notion.com/p/86f2d2e9f4074174a2e1898ace238df6?pvs=21),2nd,2025/07/30,2025年7月21日 21:01
韓国 - 2025-07-31 - 1st,韓国,アップロード済,SUNNYSH (https://app.notion.com/p/08d06c9684c3467ba3373ef7768d2323?pvs=21),韓国手遅れ　驚愕根拠公開　遂に財政破綻決定,韓国 - 2025-07-31 - 1st,NO,YouTubeチェンネル運営ビジネス (https://app.notion.com/p/86f2d2e9f4074174a2e1898ace238df6?pvs=21),1st,2025/07/31,2025年7月22日 12:45
韓国 - 2025-07-31 - 2nd,韓国,アップロード済,SUNNYSH (https://app.notion.com/p/08d06c9684c3467ba3373ef7768d2323?pvs=21),遂に病院崩壊　韓国事実を認め　世界入国拒否？,韓国 - 2025-07-31 - 2nd,NO,YouTubeチェンネル運営ビジネス (https://app.notion.com/p/86f2d2e9f4074174a2e1898ace238df6?pvs=21),2nd,2025/07/31,2025年7月22日 12:45
韓国 - 2025-08-01 - 1st,韓国,アップロード済,SUNNYSH (https://app.notion.com/p/08d06c9684c3467ba3373ef7768d2323?pvs=21),ポーランド急変　韓国の計画大失敗　事実知り韓民屈辱,韓国 - 2025-08-01 - 1st,NO,YouTubeチェンネル運営ビジネス (https://app.notion.com/p/86f2d2e9f4074174a2e1898ace238df6?pvs=21),1st,2025/08/01,2025年7月23日 20:05
韓国 - 2025-08-01 - 2nd,韓国,アップロード済,SUNNYSH (https://app.notion.com/p/08d06c9684c3467ba3373ef7768d2323?pvs=21),韓国民腰抜かす　米国EU電撃発表　日本の圧倒的強さ,韓国 - 2025-08-01 - 2nd,NO,YouTubeチェンネル運営ビジネス (https://app.notion.com/p/86f2d2e9f4074174a2e1898ace238df6?pvs=21),2nd,2025/08/01,2025年7月23日 20:05
韓国 - 2025-08-02 - 1st,韓国,アップロード済,SUNNYSH (https://app.notion.com/p/08d06c9684c3467ba3373ef7768d2323?pvs=21),韓国国家機能麻痺　驚愕の焦土化　韓軍内乱共犯　,韓国 - 2025-08-02 - 1st,要検証,YouTubeチェンネル運営ビジネス (https://app.notion.com/p/86f2d2e9f4074174a2e1898ace238df6?pvs=21),1st,2025/08/02,2025年7月24日 12:07
韓国 - 2025-08-02 - 2nd,韓国,アップロード済,SUNNYSH (https://app.notion.com/p/08d06c9684c3467ba3373ef7768d2323?pvs=21),韓国泣きつく　日韓経済連合構想　日本参加辞退,韓国 - 2025-08-02 - 2nd,NO,YouTubeチェンネル運営ビジネス (https://app.notion.com/p/86f2d2e9f4074174a2e1898ace238df6?pvs=21),2nd,2025/08/02,2025年7月24日 12:23
韓国 - 2025-08-08 - 1st,韓国,アップロード済,SUNNYSH (https://app.notion.com/p/08d06c9684c3467ba3373ef7768d2323?pvs=21),嘘が限界で　愚かな韓国急変　遂に旭日旗を,韓国 - 2025-08-08 - 1st,NO,YouTubeチェンネル運営ビジネス (https://app.notion.com/p/86f2d2e9f4074174a2e1898ace238df6?pvs=21),1st,2025/08/08,2025年7月25日 16:34
韓国 - 2025-08-08 - 2nd,韓国,アップロード済,SUNNYSH (https://app.notion.com/p/08d06c9684c3467ba3373ef7768d2323?pvs=21),日本輸出禁止で　9割復旧不可能　韓国衝撃突如後悔,韓国 - 2025-08-08 - 2nd,NO,YouTubeチェンネル運営ビジネス (https://app.notion.com/p/86f2d2e9f4074174a2e1898ace238df6?pvs=21),2nd,2025/08/08,2025年7月25日 16:35
韓国 - 2025-08-04 - 1st,韓国,アップロード済,SUNNYSH (https://app.notion.com/p/08d06c9684c3467ba3373ef7768d2323?pvs=21),韓国非常事態　不安的中　経済崩壊民混乱,韓国 - 2025-08-04 - 1st,NO,YouTubeチェンネル運営ビジネス (https://app.notion.com/p/86f2d2e9f4074174a2e1898ace238df6?pvs=21),1st,2025/08/04,2025年7月26日 14:54
韓国 - 2025-08-04 - 2nd,韓国,アップロード済,SUNNYSH (https://app.notion.com/p/08d06c9684c3467ba3373ef7768d2323?pvs=21),もう復旧不可能　韓国国家崩壊危機　人金すべて日本へ,韓国 - 2025-08-04 - 2nd,NO,YouTubeチェンネル運営ビジネス (https://app.notion.com/p/86f2d2e9f4074174a2e1898ace238df6?pvs=21),2nd,2025/08/04,2025年7月26日 15:04
韓国 - 2025-08-05 - 1st,韓国,アップロード済,SUNNYSH (https://app.notion.com/p/08d06c9684c3467ba3373ef7768d2323?pvs=21),ついに日本も　韓国との民度差に　世界中が騒然,韓国 - 2025-08-05 - 1st,NO,YouTubeチェンネル運営ビジネス (https://app.notion.com/p/86f2d2e9f4074174a2e1898ace238df6?pvs=21),1st,2025/08/05,2025年7月27日 10:49
韓国 - 2025-08-05 - 2nd,韓国,アップロード済,SUNNYSH (https://app.notion.com/p/08d06c9684c3467ba3373ef7768d2323?pvs=21),日本怒りの審判　ついに絶縁　韓国慌て号泣謝罪,韓国 - 2025-08-05 - 2nd,NO,YouTubeチェンネル運営ビジネス (https://app.notion.com/p/86f2d2e9f4074174a2e1898ace238df6?pvs=21),2nd,2025/08/05,2025年7月27日 10:49
韓国 - 2025-08-06 - 1st,韓国,アップロード済,SUNNYSH (https://app.notion.com/p/08d06c9684c3467ba3373ef7768d2323?pvs=21),韓国やばい不渡り　つにに国際問題へ　国民犠牲大混乱,韓国 - 2025-08-06 - 1st,NO,YouTubeチェンネル運営ビジネス (https://app.notion.com/p/86f2d2e9f4074174a2e1898ace238df6?pvs=21),1st,2025/08/06,2025年7月29日 12:16
韓国 - 2025-08-06 - 1st,韓国,アップロード済,SUNNYSH (https://app.notion.com/p/08d06c9684c3467ba3373ef7768d2323?pvs=21),韓国極貧餓死続出　日本報道されない　現地の生々しい声,韓国 - 2025-08-06 - 1st,NO,YouTubeチェンネル運営ビジネス (https://app.notion.com/p/86f2d2e9f4074174a2e1898ace238df6?pvs=21),1st,2025/08/06,2025年7月29日 12:45
韓国 - 2025-08-07 - 1st,韓国,アップロード済,SUNNYSH (https://app.notion.com/p/08d06c9684c3467ba3373ef7768d2323?pvs=21),各国続々協約破棄　韓国大慌て　国内倒産多発,韓国 - 2025-08-07 - 1st,NO,YouTubeチェンネル運営ビジネス (https://app.notion.com/p/86f2d2e9f4074174a2e1898ace238df6?pvs=21),1st,2025/08/07,2025年7月29日 12:45
韓国 - 2025-08-07 - 2nd,韓国,アップロード済,SUNNYSH (https://app.notion.com/p/08d06c9684c3467ba3373ef7768d2323?pvs=21),韓国政府騒然　国際報道発表　日米がまさか,韓国 - 2025-08-07 - 2nd,NO,YouTubeチェンネル運営ビジネス (https://app.notion.com/p/86f2d2e9f4074174a2e1898ace238df6?pvs=21),2nd,2025/08/07,2025年7月30日 15:16
韓国 - 2025-08-03 - 1st,韓国,アップロード済,SUNNYSH (https://app.notion.com/p/08d06c9684c3467ba3373ef7768d2323?pvs=21),韓国が日本統合　日本より下の事実　驚愕請求に平伏す,韓国 - 2025-08-03 - 1st,要検証,YouTubeチェンネル運営ビジネス (https://app.notion.com/p/86f2d2e9f4074174a2e1898ace238df6?pvs=21),1st,2025/08/03,2025年7月30日 15:36
韓国 - 2025-08-09 - 1st,韓国,アップロード済,SUNNYSH (https://app.notion.com/p/08d06c9684c3467ba3373ef7768d2323?pvs=21),生き延びるため　韓国、売国開始へ　壊滅続出パニック,韓国 - 2025-08-09 - 1st,要検証,YouTubeチェンネル運営ビジネス (https://app.notion.com/p/86f2d2e9f4074174a2e1898ace238df6?pvs=21),1st,2025/08/09,2025年7月30日 15:36
韓国 - 2025-08-09 - 2nd,韓国,アップロード済,SUNNYSH (https://app.notion.com/p/08d06c9684c3467ba3373ef7768d2323?pvs=21),我々が間違でした　韓国ついに認め　日米に懇願開始？,韓国 - 2025-08-09 - 2nd,NO,YouTubeチェンネル運営ビジネス (https://app.notion.com/p/86f2d2e9f4074174a2e1898ace238df6?pvs=21),2nd,2025/08/09,2025年7月30日 19:27
韓国 - 2025-08-03 - 2nd,韓国,アップロード済,SUNNYSH (https://app.notion.com/p/08d06c9684c3467ba3373ef7768d2323?pvs=21),ただの阿呆？　日本とまさか断交　韓国極秘シナリオ,韓国 - 2025-08-03 - 2nd,要検証,YouTubeチェンネル運営ビジネス (https://app.notion.com/p/86f2d2e9f4074174a2e1898ace238df6?pvs=21),2nd,2025/08/03,2025年8月1日 14:45
韓国 - 2025-08-10 - 1st,韓国,アップロード済,SUNNYSH (https://app.notion.com/p/08d06c9684c3467ba3373ef7768d2323?pvs=21),未払い韓国許さん　世界各地追放決定　財政火の車手遅れ,韓国 - 2025-08-10 - 1st,NO,YouTubeチェンネル運営ビジネス (https://app.notion.com/p/86f2d2e9f4074174a2e1898ace238df6?pvs=21),1st,2025/08/10,2025年8月2日 17:42
韓国 - 2025-08-10 - 2nd,韓国,アップロード済,SUNNYSH (https://app.notion.com/p/08d06c9684c3467ba3373ef7768d2323?pvs=21),日本最終通告済み　非公式に関係断絶　韓国大慌て,韓国 - 2025-08-10 - 2nd,要検証,YouTubeチェンネル運営ビジネス (https://app.notion.com/p/86f2d2e9f4074174a2e1898ace238df6?pvs=21),2nd,2025/08/10,2025年8月2日 17:42
韓国 - 2025-08-11 - 1st,韓国,アップロード済,SUNNYSH (https://app.notion.com/p/08d06c9684c3467ba3373ef7768d2323?pvs=21),韓国民大混乱　まさか入国拒否　ついに日本が,韓国 - 2025-08-11 - 1st,NO,YouTubeチェンネル運営ビジネス (https://app.notion.com/p/86f2d2e9f4074174a2e1898ace238df6?pvs=21),1st,2025/08/11,2025年8月3日 18:29
韓国 - 2025-08-12 - 1st,韓国,アップロード済,SUNNYSH (https://app.notion.com/p/08d06c9684c3467ba3373ef7768d2323?pvs=21),韓国民腰抜かす　国際報道発表　日本の圧倒的強さ,韓国 - 2025-08-12 - 1st,NO,YouTubeチェンネル運営ビジネス (https://app.notion.com/p/86f2d2e9f4074174a2e1898ace238df6?pvs=21),1st,2025/08/12,2025年8月4日 14:44
韓国 - 2025-08-11 - 2nd,韓国,アップロード済,SUNNYSH (https://app.notion.com/p/08d06c9684c3467ba3373ef7768d2323?pvs=21),韓国未払い多発　契約破棄計画破綻　もう滅びる,韓国 - 2025-08-11 - 2nd,NO,YouTubeチェンネル運営ビジネス (https://app.notion.com/p/86f2d2e9f4074174a2e1898ace238df6?pvs=21),2nd,2025/08/11,2025年8月4日 14:44
韓国 - 2025-08-12 - 2nd,韓国,アップロード済,SUNNYSH (https://app.notion.com/p/08d06c9684c3467ba3373ef7768d2323?pvs=21),日本と比べるな！　惨敗し惨め　韓国自壊を決意へ,韓国 - 2025-08-12 - 2nd,NO,YouTubeチェンネル運営ビジネス (https://app.notion.com/p/86f2d2e9f4074174a2e1898ace238df6?pvs=21),2nd,2025/08/12,2025年8月4日 22:43
韓国 - 2025-08-13 - 1st,韓国,アップロード済,SUNNYSH (https://app.notion.com/p/08d06c9684c3467ba3373ef7768d2323?pvs=21),マレーシア激怒　衝撃鉄槌地獄突入　韓国に天罰下る,韓国 - 2025-08-13 - 1st,NO,YouTubeチェンネル運営ビジネス (https://app.notion.com/p/86f2d2e9f4074174a2e1898ace238df6?pvs=21),1st,2025/08/13,2025年8月6日 9:12
韓国 - 2025-08-13 - 2nd,韓国,アップロード済,SUNNYSH (https://app.notion.com/p/08d06c9684c3467ba3373ef7768d2323?pvs=21),日本専門家調査へ　完全復旧不可能　韓国衝撃突如後悔,韓国 - 2025-08-13 - 2nd,NO,YouTubeチェンネル運営ビジネス (https://app.notion.com/p/86f2d2e9f4074174a2e1898ace238df6?pvs=21),2nd,2025/08/13,2025年8月6日 9:12
韓国 - 2025-08-14 - 1st,韓国,アップロード済,SUNNYSH (https://app.notion.com/p/08d06c9684c3467ba3373ef7768d2323?pvs=21),もう復旧不可能　国際貿易港閉鎖　韓国全てが消滅,韓国 - 2025-08-14 - 1st,NO,YouTubeチェンネル運営ビジネス (https://app.notion.com/p/86f2d2e9f4074174a2e1898ace238df6?pvs=21),1st,2025/08/14,2025年8月6日 18:24
韓国 - 2025-08-14 - 2nd,韓国,アップロード済,SUNNYSH (https://app.notion.com/p/08d06c9684c3467ba3373ef7768d2323?pvs=21),国際的批判殺到で　韓国に支払い命令　日本が怒りの審判,韓国 - 2025-08-14 - 2nd,NO,YouTubeチェンネル運営ビジネス (https://app.notion.com/p/86f2d2e9f4074174a2e1898ace238df6?pvs=21),2nd,2025/08/14,2025年8月6日 18:25
韓国 - 2025-08-15 - 1st,韓国,アップロード済,SUNNYSH (https://app.notion.com/p/08d06c9684c3467ba3373ef7768d2323?pvs=21),腐りきった韓国へ　国際機関一斉警告　100兆消え悲鳴,韓国 - 2025-08-15 - 1st,NO,YouTubeチェンネル運営ビジネス (https://app.notion.com/p/86f2d2e9f4074174a2e1898ace238df6?pvs=21),1st,2025/08/15,2025年8月8日 13:33
韓国 - 2025-08-15 - 2nd,韓国,アップロード済,SUNNYSH (https://app.notion.com/p/08d06c9684c3467ba3373ef7768d2323?pvs=21),韓国の計画大失敗　一夜で完全消滅　まさかアフリカが,韓国 - 2025-08-15 - 2nd,NO,YouTubeチェンネル運営ビジネス (https://app.notion.com/p/86f2d2e9f4074174a2e1898ace238df6?pvs=21),2nd,2025/08/15,2025年8月8日 13:33
韓国 - 2025-08-16 - 1st,韓国,アップロード済,SUNNYSH (https://app.notion.com/p/08d06c9684c3467ba3373ef7768d2323?pvs=21),韓国銀行絶句　世界金融機関警告　2千兆負債に悲鳴,韓国 - 2025-08-16 - 1st,NO,YouTubeチェンネル運営ビジネス (https://app.notion.com/p/86f2d2e9f4074174a2e1898ace238df6?pvs=21),1st,2025/08/16,2025年8月9日 14:07
韓国 - 2025-08-16 - 2nd,韓国,アップロード済,SUNNYSH (https://app.notion.com/p/08d06c9684c3467ba3373ef7768d2323?pvs=21),韓国の商品は不要　尼国で起きた裏切　事実知り韓民激怒,韓国 - 2025-08-16 - 2nd,NO,YouTubeチェンネル運営ビジネス (https://app.notion.com/p/86f2d2e9f4074174a2e1898ace238df6?pvs=21),2nd,2025/08/16,2025年8月9日 14:07
韓国 - 2025-08-17 - 1st,韓国,アップロード済,SUNNYSH (https://app.notion.com/p/08d06c9684c3467ba3373ef7768d2323?pvs=21),韓国ウォン紙くず　国際機関電撃発表　日本完全無視,韓国 - 2025-08-17 - 1st,NO,YouTubeチェンネル運営ビジネス (https://app.notion.com/p/86f2d2e9f4074174a2e1898ace238df6?pvs=21),1st,2025/08/17,2025年8月9日 14:07
韓国 - 2025-08-17 - 2nd,韓国,アップロード済,SUNNYSH (https://app.notion.com/p/08d06c9684c3467ba3373ef7768d2323?pvs=21),ただの阿呆？　イジェミョン妄言　韓国民が衝撃後悔,韓国 - 2025-08-17 - 2nd,NO,YouTubeチェンネル運営ビジネス (https://app.notion.com/p/86f2d2e9f4074174a2e1898ace238df6?pvs=21),2nd,2025/08/17,2025年8月9日 14:07
韓国 - 2025-08-18 - 1st,韓国,アップロード済,SUNNYSH (https://app.notion.com/p/08d06c9684c3467ba3373ef7768d2323?pvs=21),韓国ついに不渡り　物流輸出入停止　経済心臓停止状態,韓国 - 2025-08-18 - 1st,NO,YouTubeチェンネル運営ビジネス (https://app.notion.com/p/86f2d2e9f4074174a2e1898ace238df6?pvs=21),1st,2025/08/18,2025年8月11日 14:14
韓国 - 2025-08-18 - 2nd,韓国,アップロード済,SUNNYSH (https://app.notion.com/p/08d06c9684c3467ba3373ef7768d2323?pvs=21),巨大市場から夜逃　泣きつく韓国大損　まさか日本が　,韓国 - 2025-08-18 - 2nd,NO,YouTubeチェンネル運営ビジネス (https://app.notion.com/p/86f2d2e9f4074174a2e1898ace238df6?pvs=21),2nd,2025/08/18,2025年8月11日 14:15
韓国 - 2025-08-19 - 1st,韓国,アップロード済,SUNNYSH (https://app.notion.com/p/08d06c9684c3467ba3373ef7768d2323?pvs=21),韓国電撃発表　病院壊滅、病蔓延　完全地獄絵図,韓国 - 2025-08-19 - 1st,NO,YouTubeチェンネル運営ビジネス (https://app.notion.com/p/86f2d2e9f4074174a2e1898ace238df6?pvs=21),1st,2025/08/19,2025年8月12日 14:50
韓国 - 2025-08-19 - 2nd,韓国,アップロード済,SUNNYSH (https://app.notion.com/p/08d06c9684c3467ba3373ef7768d2323?pvs=21),国際的批判殺到で　韓国反日壊滅状態　日本の鋭い正論,韓国 - 2025-08-19 - 2nd,NO,YouTubeチェンネル運営ビジネス (https://app.notion.com/p/86f2d2e9f4074174a2e1898ace238df6?pvs=21),2nd,2025/08/19,2025年8月12日 14:51
韓国 - 2025-08-20 - 1st,韓国,アップロード済,SUNNYSH (https://app.notion.com/p/08d06c9684c3467ba3373ef7768d2323?pvs=21),日本に謝れ　在日韓国人激怒　本国驚愕大騒ぎ,韓国 - 2025-08-20 - 1st,NO,YouTubeチェンネル運営ビジネス (https://app.notion.com/p/86f2d2e9f4074174a2e1898ace238df6?pvs=21),1st,2025/08/20,2025年8月13日 14:54
韓国 - 2025-08-20 - 2nd,韓国,アップロード済,SUNNYSH (https://app.notion.com/p/08d06c9684c3467ba3373ef7768d2323?pvs=21),韓国計画大失敗　日本が完全拒否　事実知り韓民屈辱,韓国 - 2025-08-20 - 2nd,NO,YouTubeチェンネル運営ビジネス (https://app.notion.com/p/86f2d2e9f4074174a2e1898ace238df6?pvs=21),2nd,2025/08/20,2025年8月13日 14:59
韓国 - 2025-08-21 - 1st,韓国,アップロード済,SUNNYSH (https://app.notion.com/p/08d06c9684c3467ba3373ef7768d2323?pvs=21),韓国航空業界騒然　排便決定大損害　まさか日米欧が,韓国 - 2025-08-21 - 1st,NO,YouTubeチェンネル運営ビジネス (https://app.notion.com/p/86f2d2e9f4074174a2e1898ace238df6?pvs=21),1st,2025/08/21,2025年8月13日 15:15
韓国 - 2025-08-21 - 2nd,韓国,アップロード済,SUNNYSH (https://app.notion.com/p/08d06c9684c3467ba3373ef7768d2323?pvs=21),未払い韓国許さん　世界各地追放決定　日本が怒りの審判,韓国 - 2025-08-21 - 2nd,NO,YouTubeチェンネル運営ビジネス (https://app.notion.com/p/86f2d2e9f4074174a2e1898ace238df6?pvs=21),2nd,2025/08/21,2025年8月13日 15:15
韓国 - 2025-08-22 - 1st,韓国,アップロード済,SUNNYSH (https://app.notion.com/p/08d06c9684c3467ba3373ef7768d2323?pvs=21),韓国極貧国に転落　日本で報道されない　現地の生々しい声,韓国 - 2025-08-22 - 1st,NO,YouTubeチェンネル運営ビジネス (https://app.notion.com/p/86f2d2e9f4074174a2e1898ace238df6?pvs=21),1st,2025/08/22,2025年8月14日 23:29
韓国 - 2025-08-22 - 2nd,韓国,アップロード済,SUNNYSH (https://app.notion.com/p/08d06c9684c3467ba3373ef7768d2323?pvs=21),泣きつく　韓国大損害　日本儲り腰抜かす,韓国 - 2025-08-22 - 2nd,NO,YouTubeチェンネル運営ビジネス (https://app.notion.com/p/86f2d2e9f4074174a2e1898ace238df6?pvs=21),2nd,2025/08/22,2025年8月14日 23:29
韓国 - 2025-08-23 - 1st,韓国,アップロード済,SUNNYSH (https://app.notion.com/p/08d06c9684c3467ba3373ef7768d2323?pvs=21),ラオス正気か？　財産没収　韓国腰抜かす,韓国 - 2025-08-23 - 1st,NO,YouTubeチェンネル運営ビジネス (https://app.notion.com/p/86f2d2e9f4074174a2e1898ace238df6?pvs=21),1st,2025/08/23,2025年8月16日 13:22
韓国 - 2025-08-23 - 2nd,韓国,アップロード済,SUNNYSH (https://app.notion.com/p/08d06c9684c3467ba3373ef7768d2323?pvs=21),韓国急変　暴落で倒産多発　日本へ緊急SOS,韓国 - 2025-08-23 - 2nd,NO,YouTubeチェンネル運営ビジネス (https://app.notion.com/p/86f2d2e9f4074174a2e1898ace238df6?pvs=21),2nd,2025/08/23,2025年8月16日 13:22
韓国 - 2025-08-24 - 1st,韓国,アップロード済,SUNNYSH (https://app.notion.com/p/08d06c9684c3467ba3373ef7768d2323?pvs=21),日本完全独占　韓国失敗で大後悔　100％暴落,韓国 - 2025-08-24 - 1st,NO,YouTubeチェンネル運営ビジネス (https://app.notion.com/p/86f2d2e9f4074174a2e1898ace238df6?pvs=21),1st,2025/08/24,2025年8月18日 12:59
韓国 - 2025-08-24 - 2nd,韓国,アップロード済,SUNNYSH (https://app.notion.com/p/08d06c9684c3467ba3373ef7768d2323?pvs=21),韓国が完全衰退　資源もお金も　全て日本へ,韓国 - 2025-08-24 - 2nd,NO,YouTubeチェンネル運営ビジネス (https://app.notion.com/p/86f2d2e9f4074174a2e1898ace238df6?pvs=21),2nd,2025/08/24,2025年8月18日 12:59
韓国 - 2025-08-25 - 1st,韓国,アップロード済,SUNNYSH (https://app.notion.com/p/08d06c9684c3467ba3373ef7768d2323?pvs=21),韓国、観光客激減　首都不全酷い告発　誰も行かなくなる,韓国 - 2025-08-25 - 1st,NO,YouTubeチェンネル運営ビジネス (https://app.notion.com/p/86f2d2e9f4074174a2e1898ace238df6?pvs=21),1st,2025/08/25,2025年8月18日 13:01
韓国 - 2025-08-25 - 2n,韓国,アップロード済,SUNNYSH (https://app.notion.com/p/08d06c9684c3467ba3373ef7768d2323?pvs=21),韓国ついに不履行　世界各地追放決定　国民犠牲大混乱,韓国 - 2025-08-25 - 2nd,NO,YouTubeチェンネル運営ビジネス (https://app.notion.com/p/86f2d2e9f4074174a2e1898ace238df6?pvs=21),2nd,2025/08/25,2025年8月18日 13:01
韓国 - 2025-08-26 - 1st,韓国,アップロード済,SUNNYSH (https://app.notion.com/p/08d06c9684c3467ba3373ef7768d2323?pvs=21),我々が馬鹿でした　韓国ついに認めた　連鎖倒産パニック,韓国 - 2025-08-26 - 1st,NO,YouTubeチェンネル運営ビジネス (https://app.notion.com/p/86f2d2e9f4074174a2e1898ace238df6?pvs=21),1st,2025/08/26,2025年8月18日 23:08
韓国 - 2025-08-26 - 2nd,韓国,アップロード済,SUNNYSH (https://app.notion.com/p/08d06c9684c3467ba3373ef7768d2323?pvs=21),まさか食料停止　韓国民が犠牲に　日本に土下座,韓国 - 2025-08-26 - 2nd,NO,YouTubeチェンネル運営ビジネス (https://app.notion.com/p/86f2d2e9f4074174a2e1898ace238df6?pvs=21),2nd,2025/08/26,2025年8月18日 23:08
韓国 - 2025-08-27 - 1st,韓国,アップロード済,SUNNYSH (https://app.notion.com/p/08d06c9684c3467ba3373ef7768d2323?pvs=21),哀れな韓国　国際基金一斉警告　日本絶対助けるな,韓国 - 2025-08-27 - 1st,NO,YouTubeチェンネル運営ビジネス (https://app.notion.com/p/86f2d2e9f4074174a2e1898ace238df6?pvs=21),1st,2025/08/27,2025年8月20日 12:48
韓国 - 2025-08-27 - 2nd,韓国,アップロード済,SUNNYSH (https://app.notion.com/p/08d06c9684c3467ba3373ef7768d2323?pvs=21),ついに途上国も　韓国との民度差に　世界中が驚愕,韓国 - 2025-08-27 - 2nd,NO,YouTubeチェンネル運営ビジネス (https://app.notion.com/p/86f2d2e9f4074174a2e1898ace238df6?pvs=21),2nd,2025/08/27,2025年8月20日 12:48
韓国 - 2025-08-28 - 1st,韓国,アップロード済,SUNNYSH (https://app.notion.com/p/08d06c9684c3467ba3373ef7768d2323?pvs=21),国際専門機関発表　驚愕の韓国新事実　度肝抜かれ,韓国 - 2025-08-28 - 1st,NO,YouTubeチェンネル運営ビジネス (https://app.notion.com/p/86f2d2e9f4074174a2e1898ace238df6?pvs=21),1st,2025/08/28,2025年8月20日 13:00
韓国 - 2025-08-28 - 2nd,韓国,アップロード済,SUNNYSH (https://app.notion.com/p/08d06c9684c3467ba3373ef7768d2323?pvs=21),韓国大慌て　ポーランド急変　協約破棄表明,韓国 - 2025-08-28 - 2nd,NO,YouTubeチェンネル運営ビジネス (https://app.notion.com/p/86f2d2e9f4074174a2e1898ace238df6?pvs=21),2nd,2025/08/28,2025年8月20日 13:01
韓国 - 2025-08-29 - 1st,韓国,アップロード済,SUNNYSH (https://app.notion.com/p/08d06c9684c3467ba3373ef7768d2323?pvs=21),韓国もう限界　自ら驚愕根拠公開　国家破産か,韓国 - 2025-08-29 - 1st,NO,YouTubeチェンネル運営ビジネス (https://app.notion.com/p/86f2d2e9f4074174a2e1898ace238df6?pvs=21),1st,2025/08/29,2025年8月22日 13:33
韓国 - 2025-08-29 - 2nd,韓国,アップロード済,SUNNYSH (https://app.notion.com/p/08d06c9684c3467ba3373ef7768d2323?pvs=21),急遽台湾断韓へ　韓国大騒ぎ　国内倒産多発,韓国 - 2025-08-29 - 2nd,NO,YouTubeチェンネル運営ビジネス (https://app.notion.com/p/86f2d2e9f4074174a2e1898ace238df6?pvs=21),2nd,2025/08/29,2025年8月22日 13:33
韓国 - 2025-08-30 - 1st,韓国,アップロード済,SUNNYSH (https://app.notion.com/p/08d06c9684c3467ba3373ef7768d2323?pvs=21),韓国、再び！　涙浮かべて　日本へ懇願秒読み,韓国 - 2025-08-30 - 1st,NO,YouTubeチェンネル運営ビジネス (https://app.notion.com/p/86f2d2e9f4074174a2e1898ace238df6?pvs=21),1st,2025/08/30,2025年8月22日 13:54
韓国 - 2025-08-30 - 2nd,韓国,アップロード済,SUNNYSH (https://app.notion.com/p/08d06c9684c3467ba3373ef7768d2323?pvs=21),韓国計画大失敗　日本が完全無視　事実知り韓民悲鳴,韓国 - 2025-08-30 - 2nd,NO,YouTubeチェンネル運営ビジネス (https://app.notion.com/p/86f2d2e9f4074174a2e1898ace238df6?pvs=21),2nd,2025/08/30,2025年8月22日 13:54
韓国 - 2025-08-31 - 1st,韓国,アップロード済,SUNNYSH (https://app.notion.com/p/08d06c9684c3467ba3373ef7768d2323?pvs=21),洗脳するな　韓国民が突然　反日反省,韓国 - 2025-08-31 - 1st,NO,YouTubeチェンネル運営ビジネス (https://app.notion.com/p/86f2d2e9f4074174a2e1898ace238df6?pvs=21),1st,2025/08/31,2025年8月23日 20:10
韓国 - 2025-08-31 - 2nd,韓国,アップロード済,SUNNYSH (https://app.notion.com/p/08d06c9684c3467ba3373ef7768d2323?pvs=21),ベトナム急変　9割復旧不可能　韓国完全に終了,韓国 - 2025-08-31 - 2nd,NO,YouTubeチェンネル運営ビジネス (https://app.notion.com/p/86f2d2e9f4074174a2e1898ace238df6?pvs=21),2nd,2025/08/31,2025年8月23日 20:11
韓国 - 2025-09-01 - 1st,韓国,アップロード済,SUNNYSH (https://app.notion.com/p/08d06c9684c3467ba3373ef7768d2323?pvs=21),韓国民パニック　慰安の嘘　世界に自滅発表,韓国 - 2025-09-01 - 1st,NO,YouTubeチェンネル運営ビジネス (https://app.notion.com/p/86f2d2e9f4074174a2e1898ace238df6?pvs=21),1st,2025/09/01,2025年8月24日 18:57
韓国 - 2025-09-01 - 2nd,韓国,アップロード済,SUNNYSH (https://app.notion.com/p/08d06c9684c3467ba3373ef7768d2323?pvs=21),トランプ電撃発表　韓国もうお終い　完全に日本が,韓国 - 2025-09-01 - 2nd,NO,YouTubeチェンネル運営ビジネス (https://app.notion.com/p/86f2d2e9f4074174a2e1898ace238df6?pvs=21),2nd,2025/09/01,2025年8月24日 18:57
韓国 - 2025-09-02- 1st,韓国,アップロード済,SUNNYSH (https://app.notion.com/p/08d06c9684c3467ba3373ef7768d2323?pvs=21),韓国非常事態　不安的中　まさか国家崩壊へ,韓国 - 2025-09-02 - 1st,NO,YouTubeチェンネル運営ビジネス (https://app.notion.com/p/86f2d2e9f4074174a2e1898ace238df6?pvs=21),1st,2025/09/02,2025年8月26日 17:37
韓国 - 2025-09-02 - 2nd,韓国,アップロード済,SUNNYSH (https://app.notion.com/p/08d06c9684c3467ba3373ef7768d2323?pvs=21),国際批判殺到で　韓国反日急変　日本の鋭い指摘,韓国 - 2025-09-02 - 2nd,NO,YouTubeチェンネル運営ビジネス (https://app.notion.com/p/86f2d2e9f4074174a2e1898ace238df6?pvs=21),2nd,2025/09/02,2025年8月26日 17:38
韓国 - 2025-09-03 - 1st,韓国,アップロード済,SUNNYSH (https://app.notion.com/p/08d06c9684c3467ba3373ef7768d2323?pvs=21),韓国腰抜かす　全財産没収　日本が完全無視　,韓国 - 2025-09-03 - 1st,NO,YouTubeチェンネル運営ビジネス (https://app.notion.com/p/86f2d2e9f4074174a2e1898ace238df6?pvs=21),1st,2025/09/03,2025年8月27日 13:13
韓国 - 2025-09-03 - 2nd,韓国,アップロード済,SUNNYSH (https://app.notion.com/p/08d06c9684c3467ba3373ef7768d2323?pvs=21),世界中で契約破棄　韓国経済もう限界　人もお金も日本へ,韓国 - 2025-09-03 - 2nd,NO,YouTubeチェンネル運営ビジネス (https://app.notion.com/p/86f2d2e9f4074174a2e1898ace238df6?pvs=21),2nd,2025/09/03,2025年8月27日 13:13
韓国 - 2025-09-04 - 1st,韓国,アップロード済,SUNNYSH (https://app.notion.com/p/08d06c9684c3467ba3373ef7768d2323?pvs=21),ウクライナで今　韓国まさか窮地に　日本高笑い,韓国 - 2025-09-04 - 1st,NO,YouTubeチェンネル運営ビジネス (https://app.notion.com/p/86f2d2e9f4074174a2e1898ace238df6?pvs=21),1st,2025/09/04,2025年8月27日 14:54
韓国 - 2025-09-04 - 2nd,韓国,アップロード済,SUNNYSH (https://app.notion.com/p/08d06c9684c3467ba3373ef7768d2323?pvs=21),腐り切った韓国へ　米が協定辞退　国家崩壊危機,韓国 - 2025-09-04 - 2nd,NO,YouTubeチェンネル運営ビジネス (https://app.notion.com/p/86f2d2e9f4074174a2e1898ace238df6?pvs=21),2nd,2025/09/04,2025年8月29日 13:46
韓国 - 2025-09-05 - 1st,韓国,アップロード済,SUNNYSH (https://app.notion.com/p/08d06c9684c3467ba3373ef7768d2323?pvs=21),哀れな韓国へ　国際機関一斉警告　事実知り韓民屈辱,韓国 - 2025-09-05 - 1st,NO,YouTubeチェンネル運営ビジネス (https://app.notion.com/p/86f2d2e9f4074174a2e1898ace238df6?pvs=21),1st,2025/09/05,2025年8月29日 13:46
韓国 - 2025-09-05 - 2nd,韓国,アップロード済,SUNNYSH (https://app.notion.com/p/08d06c9684c3467ba3373ef7768d2323?pvs=21),未払い韓国許さん　世界各地追放決定　完全に手遅れ,韓国 - 2025-09-05 - 2nd,NO,YouTubeチェンネル運営ビジネス (https://app.notion.com/p/86f2d2e9f4074174a2e1898ace238df6?pvs=21),2nd,2025/09/05,2025年8月29日 13:46
韓国 - 2025-09-06 - 1st,韓国,アップロード済,SUNNYSH (https://app.notion.com/p/08d06c9684c3467ba3373ef7768d2323?pvs=21),ただの阿呆？　ムンジェイン狂言　韓国仰天事実発覚,韓国 - 2025-09-06 - 1st,NO,YouTubeチェンネル運営ビジネス (https://app.notion.com/p/86f2d2e9f4074174a2e1898ace238df6?pvs=21),1st,2025/09/06,2025年8月30日 13:18
韓国 - 2025-09-06 - 2nd,韓国,アップロード済,SUNNYSH (https://app.notion.com/p/08d06c9684c3467ba3373ef7768d2323?pvs=21),Kインフラ消えた　韓国政府電撃発表　まさか日本が,韓国 - 2025-09-06 - 2nd,NO,YouTubeチェンネル運営ビジネス (https://app.notion.com/p/86f2d2e9f4074174a2e1898ace238df6?pvs=21),2nd,2025/09/06,2025年8月30日 13:18
韓国 - 2025-09-07 - 1st,韓国,アップロード済,SUNNYSH (https://app.notion.com/p/08d06c9684c3467ba3373ef7768d2323?pvs=21),"韓国極貧餓死続出 日本で報道されぬ 現地の生々しい声 ",韓国 - 2025-09-07 - 1st,NO,YouTubeチェンネル運営ビジネス (https://app.notion.com/p/86f2d2e9f4074174a2e1898ace238df6?pvs=21),1st,2025/09/07,2025年8月30日 15:50
韓国 - 2025-09-07 - 2nd,韓国,アップロード済,SUNNYSH (https://app.notion.com/p/08d06c9684c3467ba3373ef7768d2323?pvs=21),ついに日本が！　 韓国との民度差に　国際社会が絶句,韓国 - 2025-09-07 - 2nd,NO,YouTubeチェンネル運営ビジネス (https://app.notion.com/p/86f2d2e9f4074174a2e1898ace238df6?pvs=21),2nd,2025/09/07,2025年9月1日 9:08
韓国 - 2025-09-08 - 1st,韓国,アップロード済,SUNNYSH (https://app.notion.com/p/08d06c9684c3467ba3373ef7768d2323?pvs=21),"韓国ついに不渡り 国民が犠牲地獄絵　日本は助けず無視 ",韓国 - 2025-09-08 - 1st,NO,YouTubeチェンネル運営ビジネス (https://app.notion.com/p/86f2d2e9f4074174a2e1898ace238df6?pvs=21),1st,2025/09/08,2025年9月1日 9:08
韓国 - 2025-09-08 - 2nd,韓国,アップロード済,SUNNYSH (https://app.notion.com/p/08d06c9684c3467ba3373ef7768d2323?pvs=21),"韓民が激怒大後悔　韓国政府大慌て　日本が正しかった ",韓国 - 2025-09-08 - 2nd,NO,YouTubeチェンネル運営ビジネス (https://app.notion.com/p/86f2d2e9f4074174a2e1898ace238df6?pvs=21),2nd,2025/09/08,2025年9月2日 11:48
韓国 - 2025-09-09 - 1st,韓国,アップロード済,SUNNYSH (https://app.notion.com/p/08d06c9684c3467ba3373ef7768d2323?pvs=21),"韓国電子業界騒然　財閥解体大損害　まさか日米台が ",韓国 - 2025-09-09 - 1st,NO,YouTubeチェンネル運営ビジネス (https://app.notion.com/p/86f2d2e9f4074174a2e1898ace238df6?pvs=21),1st,2025/09/09,2025年9月2日 11:49
韓国 - 2025-09-10 - 1st,韓国,アップロード済,SUNNYSH (https://app.notion.com/p/08d06c9684c3467ba3373ef7768d2323?pvs=21),韓国仕掛けた罠に　国際機関最終通告　日本が即座に返討,韓国 - 2025-09-10 - 1st,NO,YouTubeチェンネル運営ビジネス (https://app.notion.com/p/86f2d2e9f4074174a2e1898ace238df6?pvs=21),1st,2025/09/10,2025年9月3日 16:08
韓国 - 2025-09-09 - 2nd,韓国,アップロード済,SUNNYSH (https://app.notion.com/p/08d06c9684c3467ba3373ef7768d2323?pvs=21),"韓国の強奪大失敗　日本が完全勝利　事実知り韓民屈辱 ",韓国 - 2025-09-09 - 2nd,NO,YouTubeチェンネル運営ビジネス (https://app.notion.com/p/86f2d2e9f4074174a2e1898ace238df6?pvs=21),2nd,2025/09/09,2025年9月3日 16:09
韓国 - 2025-09-10 - 2nd,韓国,アップロード済,SUNNYSH (https://app.notion.com/p/08d06c9684c3467ba3373ef7768d2323?pvs=21),ただの愚か者？　イジェミョン乱心　真実に韓国民絶望,韓国 - 2025-09-10 - 2nd,NO,YouTubeチェンネル運営ビジネス (https://app.notion.com/p/86f2d2e9f4074174a2e1898ace238df6?pvs=21),2nd,2025/09/10,2025年9月3日 16:09
韓国 - 2025-09-11 - 1st,韓国,アップロード済,SUNNYSH (https://app.notion.com/p/08d06c9684c3467ba3373ef7768d2323?pvs=21),まさか資産凍結　米国制裁表明へ　韓国腰抜かす,韓国 - 2025-09-11 - 1st,NO,YouTubeチェンネル運営ビジネス (https://app.notion.com/p/86f2d2e9f4074174a2e1898ace238df6?pvs=21),1st,2025/09/11,2025年9月4日 16:18
韓国 - 2025-09-11 - 2nd,韓国,アップロード済,SUNNYSH (https://app.notion.com/p/08d06c9684c3467ba3373ef7768d2323?pvs=21),泣きつき嘆願　韓国政府大痛手　日本利益独占,韓国 - 2025-09-11 - 2nd,NO,YouTubeチェンネル運営ビジネス (https://app.notion.com/p/86f2d2e9f4074174a2e1898ace238df6?pvs=21),2nd,2025/09/11,2025年9月4日 16:18
韓国 - 2025-09-12 - 1st,韓国,アップロード済,SUNNYSH (https://app.notion.com/p/08d06c9684c3467ba3373ef7768d2323?pvs=21),巨大財閥倒産申請　韓国10万人失業　もう復旧不可能,韓国 - 2025-09-12 - 1st,NO,YouTubeチェンネル運営ビジネス (https://app.notion.com/p/86f2d2e9f4074174a2e1898ace238df6?pvs=21),1st,2025/09/12,2025年9月5日 14:53
韓国 - 2025-09-13 - 1st,韓国,アップロード済,SUNNYSH (https://app.notion.com/p/08d06c9684c3467ba3373ef7768d2323?pvs=21),金融市場大荒れ　韓国、財政破綻　まさか日本へ,韓国 - 2025-09-13 - 1st,NO,YouTubeチェンネル運営ビジネス (https://app.notion.com/p/86f2d2e9f4074174a2e1898ace238df6?pvs=21),1st,2025/09/13,2025年9月6日 11:06
韓国 - 2025-09-12 - 2nd,韓国,アップロード済,SUNNYSH (https://app.notion.com/p/08d06c9684c3467ba3373ef7768d2323?pvs=21),韓国、緊急発表　数万人が毒で命が　完全地獄絵図,韓国 - 2025-09-12 - 2nd,NO,YouTubeチェンネル運営ビジネス (https://app.notion.com/p/86f2d2e9f4074174a2e1898ace238df6?pvs=21),2nd,2025/09/12,2025年9月6日 11:07
韓国 - 2025-09-14 - 1st,韓国,アップロード済,SUNNYSH (https://app.notion.com/p/08d06c9684c3467ba3373ef7768d2323?pvs=21),腐った韓国崩壊へ　40兆と1万人消失　世界露呈日本格差,韓国 - 2025-09-14 - 1st,NO,YouTubeチェンネル運営ビジネス (https://app.notion.com/p/86f2d2e9f4074174a2e1898ace238df6?pvs=21),1st,2025/09/14,2025年9月6日 20:39
韓国 - 2025-09-13 - 2nd,韓国,アップロード済,SUNNYSH (https://app.notion.com/p/08d06c9684c3467ba3373ef7768d2323?pvs=21),米英豪、世界表明　日本は大歓迎　韓国拒否され屈辱,韓国 - 2025-09-13 - 2nd,NO,YouTubeチェンネル運営ビジネス (https://app.notion.com/p/86f2d2e9f4074174a2e1898ace238df6?pvs=21),2nd,2025/09/13,2025年9月6日 20:40
韓国 - 2025-09-14 - 2nd,韓国,アップロード済,SUNNYSH (https://app.notion.com/p/08d06c9684c3467ba3373ef7768d2323?pvs=21),"韓国基盤業界失敗　日本受注大儲け　事実知り韓民悲鳴 ",韓国 - 2025-09-14 - 2nd,NO,YouTubeチェンネル運営ビジネス (https://app.notion.com/p/86f2d2e9f4074174a2e1898ace238df6?pvs=21),2nd,2025/09/14,2025年9月7日 21:11
韓国 - 2025-09-15 - 1st,韓国,アップロード済,SUNNYSH (https://app.notion.com/p/08d06c9684c3467ba3373ef7768d2323?pvs=21),韓国民大混乱　一夜で完全消滅　遂に米越印が急変,韓国 - 2025-09-15 - 1st,NO,YouTubeチェンネル運営ビジネス (https://app.notion.com/p/86f2d2e9f4074174a2e1898ace238df6?pvs=21),1st,2025/09/15,2025年9月8日 0:50
韓国 - 2025-09-15 - 2nd,韓国,アップロード済,SUNNYSH (https://app.notion.com/p/08d06c9684c3467ba3373ef7768d2323?pvs=21),腐りきった韓国へ　国際機関追放宣告　史上最大外交屈辱,韓国 - 2025-09-15 - 2nd,NO,YouTubeチェンネル運営ビジネス (https://app.notion.com/p/86f2d2e9f4074174a2e1898ace238df6?pvs=21),2nd,2025/09/15,2025年9月8日 12:30
韓国 - 2025-09-16 - 1st,韓国,アップロード済,SUNNYSH (https://app.notion.com/p/08d06c9684c3467ba3373ef7768d2323?pvs=21),緊急！資金没収　ソウル再起不能　韓国政府大慌て,韓国 - 2025-09-16 - 1st,NO,YouTubeチェンネル運営ビジネス (https://app.notion.com/p/86f2d2e9f4074174a2e1898ace238df6?pvs=21),1st,2025/09/16,2025年9月9日 13:32
韓国 - 2025-09-16 - 2nd,韓国,アップロード済,SUNNYSH (https://app.notion.com/p/08d06c9684c3467ba3373ef7768d2323?pvs=21),"韓国ウォン暴落　紙クズ同然　今さら日本へ ",韓国 - 2025-09-16 - 2nd,NO,YouTubeチェンネル運営ビジネス (https://app.notion.com/p/86f2d2e9f4074174a2e1898ace238df6?pvs=21),2nd,2025/09/16,2025年9月9日 13:32
韓国 - 2025-09-17 - 1st,韓国,アップロード済,SUNNYSH (https://app.notion.com/p/08d06c9684c3467ba3373ef7768d2323?pvs=21),韓国未払い多発　契約破棄計画破綻　まさか欧州が,韓国 - 2025-09-17 - 1st,NO,YouTubeチェンネル運営ビジネス (https://app.notion.com/p/86f2d2e9f4074174a2e1898ace238df6?pvs=21),1st,2025/09/17,2025年9月9日 18:48
韓国 - 2025-09-17 - 2nd,韓国,アップロード済,SUNNYSH (https://app.notion.com/p/08d06c9684c3467ba3373ef7768d2323?pvs=21),日本に謝れ　日欧米が国際訴弾　韓国壊滅大損害,韓国 - 2025-09-17 - 2nd,NO,YouTubeチェンネル運営ビジネス (https://app.notion.com/p/86f2d2e9f4074174a2e1898ace238df6?pvs=21),2nd,2025/09/17,2025年9月10日 12:17
韓国 - 2025-09-18 - 1st,韓国,アップロード済,SUNNYSH (https://app.notion.com/p/08d06c9684c3467ba3373ef7768d2323?pvs=21),"もう復旧不可能　韓国航空業界騒然　まさか日本世界が ",韓国 - 2025-09-18 - 1st,NO,YouTubeチェンネル運営ビジネス (https://app.notion.com/p/86f2d2e9f4074174a2e1898ace238df6?pvs=21),1st,2025/09/18,2025年9月10日 12:18
韓国 - 2025-09-18 - 2nd,韓国,アップロード済,SUNNYSH (https://app.notion.com/p/08d06c9684c3467ba3373ef7768d2323?pvs=21),借金、今すぐ返せ　韓国金融パニック　日本へ懇願秒読み,韓国 - 2025-09-18 - 2nd,NO,YouTubeチェンネル運営ビジネス (https://app.notion.com/p/86f2d2e9f4074174a2e1898ace238df6?pvs=21),2nd,2025/09/18,2025年9月12日 14:44
韓国 - 2025-09-19 - 1st,韓国,アップロード済,SUNNYSH (https://app.notion.com/p/08d06c9684c3467ba3373ef7768d2323?pvs=21),巨大市場から夜逃　泣きつく韓国大損　逆に日本荒稼ぎ,韓国 - 2025-09-19 - 1st,NO,YouTubeチェンネル運営ビジネス (https://app.notion.com/p/86f2d2e9f4074174a2e1898ace238df6?pvs=21),1st,2025/09/19,2025年9月12日 14:44
韓国 - 2025-09-19 - 2nd,韓国,アップロード済,SUNNYSH (https://app.notion.com/p/08d06c9684c3467ba3373ef7768d2323?pvs=21),"浅はかな韓国へ　国際機関一斉警告　400兆消え悲鳴 ",韓国 - 2025-09-19 - 2nd,NO,YouTubeチェンネル運営ビジネス (https://app.notion.com/p/86f2d2e9f4074174a2e1898ace238df6?pvs=21),2nd,2025/09/19,2025年9月12日 14:45
韓国 - 2025-09-20 - 1st,韓国,アップロード済,SUNNYSH (https://app.notion.com/p/08d06c9684c3467ba3373ef7768d2323?pvs=21),米正気？領土没収　全て日本へ　韓国腰抜かす,韓国 - 2025-09-20 - 1st,NO,YouTubeチェンネル運営ビジネス (https://app.notion.com/p/86f2d2e9f4074174a2e1898ace238df6?pvs=21),1st,2025/09/20,2025年9月13日 11:51
韓国 - 2025-09-20 - 2nd,韓国,アップロード済,SUNNYSH (https://app.notion.com/p/08d06c9684c3467ba3373ef7768d2323?pvs=21),"韓民激怒し後悔　韓国政府騒然　日本が正しかった ",韓国 - 2025-09-20 - 2nd,NO,YouTubeチェンネル運営ビジネス (https://app.notion.com/p/86f2d2e9f4074174a2e1898ace238df6?pvs=21),2nd,2025/09/20,2025年9月13日 11:51
n8n学習革命！海外データベース×AI活用完全ガイド,,,,,- 2025-09-14 -,,,,2025/09/14,2025年9月14日 10:11
韓国 - 2025-09-21 - 1st,韓国,アップロード済,SUNNYSH (https://app.notion.com/p/08d06c9684c3467ba3373ef7768d2323?pvs=21),"韓国政府絶句　輸出入禁止大損害　まさか国際機関が ",韓国 - 2025-09-21 - 1st,NO,YouTubeチェンネル運営ビジネス (https://app.notion.com/p/86f2d2e9f4074174a2e1898ace238df6?pvs=21),1st,2025/09/21,2025年9月14日 14:39
韓国 - 2025-09-22 - 1st,韓国,アップロード済,SUNNYSH (https://app.notion.com/p/08d06c9684c3467ba3373ef7768d2323?pvs=21),世界で滞納続出　韓国債紙くず投売　国家破産秒読開始,韓国 - 2025-09-22 - 1st,NO,YouTubeチェンネル運営ビジネス (https://app.notion.com/p/86f2d2e9f4074174a2e1898ace238df6?pvs=21),1st,2025/09/22,2025年9月14日 14:39
韓国 - 2025-09-21 - 2nd,韓国,アップロード済,SUNNYSH (https://app.notion.com/p/08d06c9684c3467ba3373ef7768d2323?pvs=21),韓国、回避不可能　サウジ協約辞退　国家崩壊危機,韓国 - 2025-09-21 - 2nd,要検証,YouTubeチェンネル運営ビジネス (https://app.notion.com/p/86f2d2e9f4074174a2e1898ace238df6?pvs=21),2nd,2025/09/21,2025年9月14日 14:39
韓国 - 2025-09-23 - 1st,韓国,アップロード済,SUNNYSH (https://app.notion.com/p/08d06c9684c3467ba3373ef7768d2323?pvs=21),ウクライナ辞退し　韓国完全に終了　日本完全無視,韓国 - 2025-09-23 - 1st,NO,YouTubeチェンネル運営ビジネス (https://app.notion.com/p/86f2d2e9f4074174a2e1898ace238df6?pvs=21),1st,2025/09/23,2025年9月16日 11:36
韓国 - 2025-09-22 - 2nd,韓国,アップロード済,SUNNYSH (https://app.notion.com/p/08d06c9684c3467ba3373ef7768d2323?pvs=21),国際報道発表　韓国経済心停止　人もお金も日本へ,韓国 - 2025-09-22 - 2nd,NO,YouTubeチェンネル運営ビジネス (https://app.notion.com/p/86f2d2e9f4074174a2e1898ace238df6?pvs=21),2nd,2025/09/22,2025年9月16日 11:37
韓国 - 2025-09-24 - 1st,韓国,アップロード済,SUNNYSH (https://app.notion.com/p/08d06c9684c3467ba3373ef7768d2323?pvs=21),韓国極貧国大転落　日本報道されない　現地の生々しい声,韓国 - 2025-09-24 - 1st,NO,YouTubeチェンネル運営ビジネス (https://app.notion.com/p/86f2d2e9f4074174a2e1898ace238df6?pvs=21),1st,2025/09/24,2025年9月16日 18:29
韓国 - 2025-09-23 - 2nd,韓国,アップロード済,SUNNYSH (https://app.notion.com/p/08d06c9684c3467ba3373ef7768d2323?pvs=21),国際的批判殺到で　韓国銀行追放決定　事実知り韓民悲鳴,韓国 - 2025-09-23 - 2nd,NO,YouTubeチェンネル運営ビジネス (https://app.notion.com/p/86f2d2e9f4074174a2e1898ace238df6?pvs=21),2nd,2025/09/23,2025年9月16日 18:29
韓国 - 2025-09-25 - 1st,韓国,アップロード済,SUNNYSH (https://app.notion.com/p/08d06c9684c3467ba3373ef7768d2323?pvs=21),カナダも即辞退　韓国経済火の車　次は日本が,韓国 - 2025-09-25 - 1st,NO,YouTubeチェンネル運営ビジネス (https://app.notion.com/p/86f2d2e9f4074174a2e1898ace238df6?pvs=21),1st,2025/09/25,2025年9月17日 12:50
韓国 - 2025-09-24 - 2nd,韓国,アップロード済,SUNNYSH (https://app.notion.com/p/08d06c9684c3467ba3373ef7768d2323?pvs=21),まさか資産凍結？　日本が制裁表明　韓国大慌て,韓国 - 2025-09-24 - 2nd,NO,YouTubeチェンネル運営ビジネス (https://app.notion.com/p/86f2d2e9f4074174a2e1898ace238df6?pvs=21),2nd,2025/09/24,2025年9月17日 12:50
韓国 - 2025-09-25 - 2nd,韓国,アップロード済,SUNNYSH (https://app.notion.com/p/08d06c9684c3467ba3373ef7768d2323?pvs=21),"腐りきった韓国へ　史上最大同盟督促　事実知り韓民悲鳴 ",韓国 - 2025-09-25 - 2nd,NO,YouTubeチェンネル運営ビジネス (https://app.notion.com/p/86f2d2e9f4074174a2e1898ace238df6?pvs=21),2nd,2025/09/25,2025年9月19日 11:00
韓国 - 2025-09-26 - 1st,韓国,アップロード済,SUNNYSH (https://app.notion.com/p/08d06c9684c3467ba3373ef7768d2323?pvs=21),まさかポーランド　国家崩壊の要求　韓国絶句,韓国 - 2025-09-26 - 1st,NO,YouTubeチェンネル運営ビジネス (https://app.notion.com/p/86f2d2e9f4074174a2e1898ace238df6?pvs=21),1st,2025/09/26,2025年9月19日 11:01
韓国 - 2025-09-27 - 1st,韓国,アップロード済,SUNNYSH (https://app.notion.com/p/08d06c9684c3467ba3373ef7768d2323?pvs=21),韓国政府大失敗　空飛タクシー墜落　世界で悲鳴大損害,韓国 - 2025-09-27 - 1st,要検証,YouTubeチェンネル運営ビジネス (https://app.notion.com/p/86f2d2e9f4074174a2e1898ace238df6?pvs=21),1st,2025/09/27,2025年9月20日 16:33
韓国 - 2025-09-27 - 2nd,韓国,アップロード済,SUNNYSH (https://app.notion.com/p/08d06c9684c3467ba3373ef7768d2323?pvs=21),韓国よ日本に謝れ　国際報道最終結論　慰安婦詐欺追放へ,韓国 - 2025-09-27 - 2nd,NO,YouTubeチェンネル運営ビジネス (https://app.notion.com/p/86f2d2e9f4074174a2e1898ace238df6?pvs=21),2nd,2025/09/27,2025年9月20日 16:33
韓国 - 2025-09-26 - 2nd,韓国,アップロード済,SUNNYSH (https://app.notion.com/p/08d06c9684c3467ba3373ef7768d2323?pvs=21),Kインフラ消滅　韓国政府電撃表明　しかし日本無視,韓国 - 2025-09-26 - 2nd,NO,YouTubeチェンネル運営ビジネス (https://app.notion.com/p/86f2d2e9f4074174a2e1898ace238df6?pvs=21),2nd,2025/09/26,2025年9月20日 16:33
韓国 - 2025-09-28 - 1st,韓国,アップロード済,SUNNYSH (https://app.notion.com/p/08d06c9684c3467ba3373ef7768d2323?pvs=21),"泣きつく韓国　世界から退場　日本は完全無視 ",韓国 - 2025-09-28 - 1st,NO,YouTubeチェンネル運営ビジネス (https://app.notion.com/p/86f2d2e9f4074174a2e1898ace238df6?pvs=21),1st,2025/09/28,2025年9月21日 13:15
韓国 - 2025-09-28 - 2nd,韓国,アップロード済,SUNNYSH (https://app.notion.com/p/08d06c9684c3467ba3373ef7768d2323?pvs=21),完全再起不能　韓国国家崩壊危機 　人金すべて日本へ,韓国 - 2025-09-28 - 2nd,NO,YouTubeチェンネル運営ビジネス (https://app.notion.com/p/86f2d2e9f4074174a2e1898ace238df6?pvs=21),2nd,2025/09/28,2025年9月21日 13:15
韓国 - 2025-09-29 - 1st,韓国,アップロード済,SUNNYSH (https://app.notion.com/p/08d06c9684c3467ba3373ef7768d2323?pvs=21),韓国航空業界騒然　排便決定大損害　日本儲り腰抜かす,韓国 - 2025-09-29 - 1st,NO,YouTubeチェンネル運営ビジネス (https://app.notion.com/p/86f2d2e9f4074174a2e1898ace238df6?pvs=21),1st,2025/09/29,2025年9月23日 10:56
韓国 - 2025-09-29 - 2nd,韓国,アップロード済,SUNNYSH (https://app.notion.com/p/08d06c9684c3467ba3373ef7768d2323?pvs=21),国際機関が正気？　財産没収　韓国政府大混乱,韓国 - 2025-09-29 - 2nd,NO,YouTubeチェンネル運営ビジネス (https://app.notion.com/p/86f2d2e9f4074174a2e1898ace238df6?pvs=21),2nd,2025/09/29,2025年9月23日 10:57
韓国 - 2025-09-30 - 1st,韓国,アップロード済,SUNNYSH (https://app.notion.com/p/08d06c9684c3467ba3373ef7768d2323?pvs=21),"日本から電撃発表　遂に韓国観光停止　韓民度肝抜かれ ",韓国 - 2025-09-30 - 1st,NO,YouTubeチェンネル運営ビジネス (https://app.notion.com/p/86f2d2e9f4074174a2e1898ace238df6?pvs=21),1st,2025/09/30,2025年9月24日 0:15
韓国 - 2025-09-30 - 2nd,韓国,アップロード済,SUNNYSH (https://app.notion.com/p/08d06c9684c3467ba3373ef7768d2323?pvs=21),哀れな韓国へ　国際機関電撃発表　日本の圧倒的強さ,韓国 - 2025-09-30 - 2nd,NO,YouTubeチェンネル運営ビジネス (https://app.notion.com/p/86f2d2e9f4074174a2e1898ace238df6?pvs=21),2nd,2025/09/30,2025年9月24日 0:16
韓国 - 2025-10-01 - 1st,韓国,アップロード済,SUNNYSH (https://app.notion.com/p/08d06c9684c3467ba3373ef7768d2323?pvs=21),韓国ついに不渡り　国際機関一斉警告　40兆消え悲鳴,韓国 - 2025-10-01 - 1st,NO,YouTubeチェンネル運営ビジネス (https://app.notion.com/p/86f2d2e9f4074174a2e1898ace238df6?pvs=21),1st,2025/10/01,2025年9月24日 10:14
韓国 - 2025-10-08 - 1st,韓国,アップロード済,SUNNYSH (https://app.notion.com/p/08d06c9684c3467ba3373ef7768d2323?pvs=21),もう復旧不可能　韓国産業崩壊危機　まさか日米台が,韓国 - 2025-10-08 - 1st,NO,YouTubeチェンネル運営ビジネス (https://app.notion.com/p/86f2d2e9f4074174a2e1898ace238df6?pvs=21),1st,2025/10/08,2025年9月24日 10:46
韓国 - 2025-10-02 - 1st,韓国,アップロード済,SUNNYSH (https://app.notion.com/p/08d06c9684c3467ba3373ef7768d2323?pvs=21),"韓国ウォン暴落　紙くず同然　日本は助けず無視 ",韓国 - 2025-10-02 - 1st,NO,YouTubeチェンネル運営ビジネス (https://app.notion.com/p/86f2d2e9f4074174a2e1898ace238df6?pvs=21),1st,2025/10/02,2025年9月26日 13:33
韓国 - 2025-10-01 - 2nd,韓国,アップロード済,SUNNYSH (https://app.notion.com/p/08d06c9684c3467ba3373ef7768d2323?pvs=21),"泣きつく　韓国大損害　日本儲り腰抜かす ",韓国 - 2025-10-01 - 2nd,NO,YouTubeチェンネル運営ビジネス (https://app.notion.com/p/86f2d2e9f4074174a2e1898ace238df6?pvs=21),2nd,2025/10/01,2025年9月26日 13:33
韓国 - 2025-10-03 - 1st,韓国,アップロード済,SUNNYSH (https://app.notion.com/p/08d06c9684c3467ba3373ef7768d2323?pvs=21),"世界中で契約破棄　韓国産業壊滅　世界の金が日本へ ",韓国 - 2025-10-03 - 1st,NO,YouTubeチェンネル運営ビジネス (https://app.notion.com/p/86f2d2e9f4074174a2e1898ace238df6?pvs=21),1st,2025/10/03,2025年9月27日 1:29
韓国 - 2025-10-02 - 2nd,韓国,アップロード済,SUNNYSH (https://app.notion.com/p/08d06c9684c3467ba3373ef7768d2323?pvs=21),韓国民腰抜かす　稼いでも稼いでも　すべて日本へ,韓国 - 2025-10-02 - 2nd,NO,YouTubeチェンネル運営ビジネス (https://app.notion.com/p/86f2d2e9f4074174a2e1898ace238df6?pvs=21),2nd,2025/10/02,2025年9月27日 1:37
韓国 - 2025-10-04 - 1st,韓国,アップロード済,SUNNYSH (https://app.notion.com/p/08d06c9684c3467ba3373ef7768d2323?pvs=21),世界車業界の罠　日本の冷酷策略　韓国もう手遅れ,韓国 - 2025-10-04 - 1st,NO,YouTubeチェンネル運営ビジネス (https://app.notion.com/p/86f2d2e9f4074174a2e1898ace238df6?pvs=21),1st,2025/10/04,2025年9月27日 22:51
韓国 - 2025-10-04 - 2nd,韓国,アップロード済,SUNNYSH (https://app.notion.com/p/08d06c9684c3467ba3373ef7768d2323?pvs=21),"韓国今さら？　涙ながらに　日本へ懇願秒読み ",韓国 - 2025-10-04 - 2nd,NO,YouTubeチェンネル運営ビジネス (https://app.notion.com/p/86f2d2e9f4074174a2e1898ace238df6?pvs=21),2nd,2025/10/04,2025年9月27日 22:51
韓国 - 2025-10-03 - 2nd,韓国,アップロード済,SUNNYSH (https://app.notion.com/p/08d06c9684c3467ba3373ef7768d2323?pvs=21),"ついに台湾動く　韓国との民度差に　世界中が驚愕 ",韓国 - 2025-10-03 - 2nd,NO,YouTubeチェンネル運営ビジネス (https://app.notion.com/p/86f2d2e9f4074174a2e1898ace238df6?pvs=21),2nd,2025/10/03,2025年9月27日 22:52
韓国 - 2025-10-05 - 1st,韓国,アップロード済,SUNNYSH (https://app.notion.com/p/08d06c9684c3467ba3373ef7768d2323?pvs=21),腐った韓国へ　国際機関出入禁止　まさか日本が,韓国 - 2025-10-05 - 1st,NO,YouTubeチェンネル運営ビジネス (https://app.notion.com/p/86f2d2e9f4074174a2e1898ace238df6?pvs=21),1st,2025/10/05,2025年9月29日 0:46
韓国 - 2025-10-05 - 2nd,韓国,アップロード済,SUNNYSH (https://app.notion.com/p/08d06c9684c3467ba3373ef7768d2323?pvs=21),巨大市場から夜逃　韓国号泣計画崩壊　逆に日本が荒稼ぎ,韓国 - 2025-10-05 - 2nd,NO,YouTubeチェンネル運営ビジネス (https://app.notion.com/p/86f2d2e9f4074174a2e1898ace238df6?pvs=21),2nd,2025/10/05,2025年9月29日 0:54
韓国 - 2025-10-06 - 1st,韓国,アップロード済,SUNNYSH (https://app.notion.com/p/08d06c9684c3467ba3373ef7768d2323?pvs=21),韓国非常事態　不安的中　経済崩壊へ,韓国 - 2025-10-06 - 1st,NO,YouTubeチェンネル運営ビジネス (https://app.notion.com/p/86f2d2e9f4074174a2e1898ace238df6?pvs=21),1st,2025/10/06,2025年9月30日 13:07
韓国 - 2025-10-07 - 1st,韓国,アップロード済,SUNNYSH (https://app.notion.com/p/08d06c9684c3467ba3373ef7768d2323?pvs=21),米国が本気宣告　絶望100％関税　韓国水面下で地獄,韓国 - 2025-10-07 - 1st,NO,YouTubeチェンネル運営ビジネス (https://app.notion.com/p/86f2d2e9f4074174a2e1898ace238df6?pvs=21),1st,2025/10/07,2025年9月30日 13:08
韓国 - 2025-10-06 - 2nd,韓国,アップロード済,SUNNYSH (https://app.notion.com/p/08d06c9684c3467ba3373ef7768d2323?pvs=21),"日本に謝れ　在日韓国人激怒　本国愕然大騒ぎ ",韓国 - 2025-10-06 - 2nd,NO,YouTubeチェンネル運営ビジネス (https://app.notion.com/p/86f2d2e9f4074174a2e1898ace238df6?pvs=21),2nd,2025/10/06,2025年10月1日 10:30
韓国 - 2025-10-07 - 2nd,韓国,アップロード済,SUNNYSH (https://app.notion.com/p/08d06c9684c3467ba3373ef7768d2323?pvs=21),未払い韓国許さん　世界各地追放決定　日本が正しかった,韓国 - 2025-10-07 - 2nd,NO,YouTubeチェンネル運営ビジネス (https://app.notion.com/p/86f2d2e9f4074174a2e1898ace238df6?pvs=21),2nd,2025/10/07,2025年10月1日 10:31
韓国 - 2025-10-08 - 2nd,韓国,アップロード済,SUNNYSH (https://app.notion.com/p/08d06c9684c3467ba3373ef7768d2323?pvs=21),韓国経済火の車　1000兆借金で　まさか日本へ,韓国 - 2025-10-08 - 2nd,NO,YouTubeチェンネル運営ビジネス (https://app.notion.com/p/86f2d2e9f4074174a2e1898ace238df6?pvs=21),2nd,2025/10/08,2025年10月3日 11:52
韓国 - 2025-10-09 - 1st,韓国,アップロード済,SUNNYSH (https://app.notion.com/p/08d06c9684c3467ba3373ef7768d2323?pvs=21),韓民涙目後悔　韓国政府大慌て　日本が完全正しい,韓国 - 2025-10-09 - 1st,NO,YouTubeチェンネル運営ビジネス (https://app.notion.com/p/86f2d2e9f4074174a2e1898ace238df6?pvs=21),1st,2025/10/09,2025年10月3日 13:46
韓国 - 2025-10-10 - 1st,韓国,アップロード済,SUNNYSH (https://app.notion.com/p/08d06c9684c3467ba3373ef7768d2323?pvs=21),"韓国輸入停止で　経済心臓停止状態　でも日本支援なし ",韓国 - 2025-10-10 - 1st,NO,YouTubeチェンネル運営ビジネス (https://app.notion.com/p/86f2d2e9f4074174a2e1898ace238df6?pvs=21),1st,2025/10/10,2025年10月3日 18:52
韓国 - 2025-10-09 - 2nd,韓国,アップロード済,SUNNYSH (https://app.notion.com/p/08d06c9684c3467ba3373ef7768d2323?pvs=21),"韓国政府絶句　EU電撃発表　日本の圧倒的強さ ",韓国 - 2025-10-09 - 2nd,NO,YouTubeチェンネル運営ビジネス (https://app.notion.com/p/86f2d2e9f4074174a2e1898ace238df6?pvs=21),2nd,2025/10/09,2025年10月3日 18:53
韓国 - 2025-10-10 - 2nd,韓国,アップロード済,SUNNYSH (https://app.notion.com/p/08d06c9684c3467ba3373ef7768d2323?pvs=21),英国金融機関急変　一夜で完全消滅　韓国民大混乱　,韓国 - 2025-10-10 - 2nd,NO,YouTubeチェンネル運営ビジネス (https://app.notion.com/p/86f2d2e9f4074174a2e1898ace238df6?pvs=21),2nd,2025/10/10,2025年10月5日 1:11
韓国 - 2025-10-11 - 1st,韓国,アップロード済,SUNNYSH (https://app.notion.com/p/08d06c9684c3467ba3373ef7768d2323?pvs=21),卑しい韓国へ　世界が一斉に辞退　逆に全て日本へ,韓国 - 2025-10-11 - 1st,NO,YouTubeチェンネル運営ビジネス (https://app.notion.com/p/86f2d2e9f4074174a2e1898ace238df6?pvs=21),1st,2025/10/11,2025年10月5日 1:11
韓国 - 2025-10-12 - 1st,韓国,アップロード済,SUNNYSH (https://app.notion.com/p/08d06c9684c3467ba3373ef7768d2323?pvs=21),韓国経済パニック　主力産業が大損害　日本の独走に悲鳴,韓国 - 2025-10-12 - 1st,NO,YouTubeチェンネル運営ビジネス (https://app.notion.com/p/86f2d2e9f4074174a2e1898ace238df6?pvs=21),1st,2025/10/12,2025年10月5日 12:09
韓国 - 2025-10-11 - 2nd,韓国,アップロード済,SUNNYSH (https://app.notion.com/p/08d06c9684c3467ba3373ef7768d2323?pvs=21),"韓国もう限界　涙ながら　日本へ懇願秒読み ",韓国 - 2025-10-11 - 2nd,NO,YouTubeチェンネル運営ビジネス (https://app.notion.com/p/86f2d2e9f4074174a2e1898ace238df6?pvs=21),2nd,2025/10/11,2025年10月5日 12:10
韓国 - 2025-10-13 - 1st,韓国,アップロード済,SUNNYSH (https://app.notion.com/p/08d06c9684c3467ba3373ef7768d2323?pvs=21),海上封鎖され地獄　ついに韓国が白旗　日本民鋭い正論,韓国 - 2025-10-13 - 2nd,NO,YouTubeチェンネル運営ビジネス (https://app.notion.com/p/86f2d2e9f4074174a2e1898ace238df6?pvs=21),2nd,2025/10/13,2025年10月5日 21:03
韓国 - 2025-10-12 - 2nd,韓国,アップロード済,SUNNYSH (https://app.notion.com/p/08d06c9684c3467ba3373ef7768d2323?pvs=21),韓国大慌て　ドイツ急変　協約破棄表明,韓国 - 2025-10-12 - 2nd,NO,YouTubeチェンネル運営ビジネス (https://app.notion.com/p/86f2d2e9f4074174a2e1898ace238df6?pvs=21),2nd,2025/10/12,2025年10月5日 21:04
韓国 - 2025-10-14 - 1st,韓国,アップロード済,SUNNYSH (https://app.notion.com/p/08d06c9684c3467ba3373ef7768d2323?pvs=21),ソウル物流停止　半導体産業全壊へ　韓国経済大損害,韓国 - 2025-10-14 - 1st,NO,YouTubeチェンネル運営ビジネス (https://app.notion.com/p/86f2d2e9f4074174a2e1898ace238df6?pvs=21),1st,2025/10/14,2025年10月7日 19:02
韓国 - 2025-10-13 - 2nd,韓国,アップロード済,SUNNYSH (https://app.notion.com/p/08d06c9684c3467ba3373ef7768d2323?pvs=21),ついに日本が主役　韓国が犠牲に　日米大笑い,韓国 - 2025-10-13 - 2nd,NO,YouTubeチェンネル運営ビジネス (https://app.notion.com/p/86f2d2e9f4074174a2e1898ace238df6?pvs=21),2nd,2025/10/13,2025年10月7日 19:02
韓国 - 2025-10-15 - 1st,韓国,アップロード済,SUNNYSH (https://app.notion.com/p/08d06c9684c3467ba3373ef7768d2323?pvs=21),泣き叫ぶ韓国へ　国際機関断罪宣言　日本の独走確定,韓国 - 2025-10-15 - 1st,NO,YouTubeチェンネル運営ビジネス (https://app.notion.com/p/86f2d2e9f4074174a2e1898ace238df6?pvs=21),1st,2025/10/15,2025年10月8日 13:28
韓国 - 2025-10-14 - 2nd,韓国,アップロード済,SUNNYSH (https://app.notion.com/p/08d06c9684c3467ba3373ef7768d2323?pvs=21),ギリシャの二の舞　韓国ウォン紙屑へ　日本が正しかった,韓国 - 2025-10-14 - 2nd,NO,YouTubeチェンネル運営ビジネス (https://app.notion.com/p/86f2d2e9f4074174a2e1898ace238df6?pvs=21),2nd,2025/10/14,2025年10月8日 13:29
韓国 - 2025-10-16 - 1st,韓国,アップロード済,SUNNYSH (https://app.notion.com/p/08d06c9684c3467ba3373ef7768d2323?pvs=21),韓国復旧不可能　日本の下請けへ　屈辱の歴史が開始,韓国 - 2025-10-16 - 1st,NO,YouTubeチェンネル運営ビジネス (https://app.notion.com/p/86f2d2e9f4074174a2e1898ace238df6?pvs=21),1st,2025/10/16,2025年10月9日 19:10
韓国 - 2025-10-15 - 2nd,韓国,アップロード済,SUNNYSH (https://app.notion.com/p/08d06c9684c3467ba3373ef7768d2323?pvs=21),哀れな韓国の懇願　国連は完全無視　世界が逆に日本へ,韓国 - 2025-10-15 - 2nd,NO,YouTubeチェンネル運営ビジネス (https://app.notion.com/p/86f2d2e9f4074174a2e1898ace238df6?pvs=21),2nd,2025/10/15,2025年10月9日 19:10
韓国 - 2025-10-17 - 1st,韓国,アップロード済,SUNNYSH (https://app.notion.com/p/08d06c9684c3467ba3373ef7768d2323?pvs=21),専門家も腰抜かす　人もお金も日本へ　韓国民激怒し後悔,韓国 - 2025-10-17 - 1st,NO,YouTubeチェンネル運営ビジネス (https://app.notion.com/p/86f2d2e9f4074174a2e1898ace238df6?pvs=21),1st,2025/10/17,2025年10月11日 14:04
韓国 - 2025-10-16 - 2nd,韓国,アップロード済,SUNNYSH (https://app.notion.com/p/08d06c9684c3467ba3373ef7768d2323?pvs=21),恥知らずな韓国　EU市場完全消滅　事実知り韓民悲鳴,韓国 - 2025-10-16 - 2nd,NO,YouTubeチェンネル運営ビジネス (https://app.notion.com/p/86f2d2e9f4074174a2e1898ace238df6?pvs=21),2nd,2025/10/16,2025年10月11日 14:04
韓国 - 2025-10-18 - 1st,韓国,アップロード済,SUNNYSH (https://app.notion.com/p/08d06c9684c3467ba3373ef7768d2323?pvs=21),韓国極貧餓死続出　日本報道されない　韓民の絶望の悲鳴,韓国 - 2025-10-18 - 1st,NO,YouTubeチェンネル運営ビジネス (https://app.notion.com/p/86f2d2e9f4074174a2e1898ace238df6?pvs=21),1st,2025/10/18,2025年10月11日 20:07
韓国 - 2025-10-17 - 2nd,韓国,アップロード済,SUNNYSH (https://app.notion.com/p/08d06c9684c3467ba3373ef7768d2323?pvs=21),いいぞ国際識者　反日国家追放へ　事実知り韓民騒然,韓国 - 2025-10-17 - 2nd,NO,YouTubeチェンネル運営ビジネス (https://app.notion.com/p/86f2d2e9f4074174a2e1898ace238df6?pvs=21),2nd,2025/10/17,2025年10月11日 20:07
韓国 - 2025-10-19 - 1st,韓国,アップロード済,SUNNYSH (https://app.notion.com/p/08d06c9684c3467ba3373ef7768d2323?pvs=21),腐りきった韓国へ　国際機関追放宣言　完全に日本が,韓国 - 2025-10-19 - 1st,NO,YouTubeチェンネル運営ビジネス (https://app.notion.com/p/86f2d2e9f4074174a2e1898ace238df6?pvs=21),1st,2025/10/19,2025年10月12日 11:15
韓国 - 2025-10-18 - 2nd,韓国,アップロード済,SUNNYSH (https://app.notion.com/p/08d06c9684c3467ba3373ef7768d2323?pvs=21),"泣きつく韓国　やらかし世界退場　日本は完全無視 ",韓国 - 2025-10-18 - 2nd,NO,YouTubeチェンネル運営ビジネス (https://app.notion.com/p/86f2d2e9f4074174a2e1898ace238df6?pvs=21),2nd,2025/10/18,2025年10月12日 11:16
韓国 - 2025-10-20 - 1st,韓国,アップロード済,SUNNYSH (https://app.notion.com/p/08d06c9684c3467ba3373ef7768d2323?pvs=21),韓国経済火の車　一夜で完全消滅　まさかベトナムが,韓国 - 2025-10-20 - 1st,NO,YouTubeチェンネル運営ビジネス (https://app.notion.com/p/86f2d2e9f4074174a2e1898ace238df6?pvs=21),1st,2025/10/20,2025年10月12日 21:39
韓国 - 2025-10-19 - 2nd,韓国,アップロード済,SUNNYSH (https://app.notion.com/p/08d06c9684c3467ba3373ef7768d2323?pvs=21),インド契約辞退　韓国大慌て　そして日本大儲け,韓国 - 2025-10-19 - 2nd,NO,YouTubeチェンネル運営ビジネス (https://app.notion.com/p/86f2d2e9f4074174a2e1898ace238df6?pvs=21),2nd,2025/10/19,2025年10月12日 21:40
韓国 - 2025-10-21 - 1st,韓国,アップロード済,SUNNYSH (https://app.notion.com/p/08d06c9684c3467ba3373ef7768d2323?pvs=21),韓国重要産業壊滅　世界一斉契約破棄　まさか日米伊が,韓国 - 2025-10-21 - 1st,NO,YouTubeチェンネル運営ビジネス (https://app.notion.com/p/86f2d2e9f4074174a2e1898ace238df6?pvs=21),1st,2025/10/21,2025年10月14日 11:43
韓国 - 2025-10-20 - 2nd,韓国,アップロード済,SUNNYSH (https://app.notion.com/p/08d06c9684c3467ba3373ef7768d2323?pvs=21),韓民激怒し後悔　韓国政府愕然　日本が正しかった,韓国 - 2025-10-20 - 2nd,NO,YouTubeチェンネル運営ビジネス (https://app.notion.com/p/86f2d2e9f4074174a2e1898ace238df6?pvs=21),2nd,2025/10/20,2025年10月14日 11:44
韓国 - 2025-10-22 - 1st,韓国,アップロード済,SUNNYSH (https://app.notion.com/p/08d06c9684c3467ba3373ef7768d2323?pvs=21),日本は助けず無視　世界に重大発表　韓国領土が消滅へ,韓国 - 2025-10-22 - 1st,NO,YouTubeチェンネル運営ビジネス (https://app.notion.com/p/86f2d2e9f4074174a2e1898ace238df6?pvs=21),1st,2025/10/22,2025年10月15日 9:53
韓国 - 2025-10-21 - 2nd,韓国,アップロード済,SUNNYSH (https://app.notion.com/p/08d06c9684c3467ba3373ef7768d2323?pvs=21),哀れな韓国へ　国際報道批判殺到　事実知り韓民絶望,韓国 - 2025-10-21 - 2nd,NO,YouTubeチェンネル運営ビジネス (https://app.notion.com/p/86f2d2e9f4074174a2e1898ace238df6?pvs=21),2nd,2025/10/21,2025年10月15日 9:53
韓国 - 2025-10-23 - 1st,韓国,アップロード済,SUNNYSH (https://app.notion.com/p/08d06c9684c3467ba3373ef7768d2323?pvs=21),韓国へ専門家調査　9割復旧不可能　日米へ懇願秒読み,韓国 - 2025-10-23 - 1st,NO,YouTubeチェンネル運営ビジネス (https://app.notion.com/p/86f2d2e9f4074174a2e1898ace238df6?pvs=21),1st,2025/10/23,2025年10月15日 18:57
韓国 - 2025-10-22 - 2nd,韓国,アップロード済,SUNNYSH (https://app.notion.com/p/08d06c9684c3467ba3373ef7768d2323?pvs=21),"韓国！絶対許さん　世界各地で　続々拒絶へ ",韓国 - 2025-10-22 - 2nd,NO,YouTubeチェンネル運営ビジネス (https://app.notion.com/p/86f2d2e9f4074174a2e1898ace238df6?pvs=21),2nd,2025/10/22,2025年10月15日 18:58
韓国 - 2025-10-24 - 1st,韓国,アップロード済,SUNNYSH (https://app.notion.com/p/08d06c9684c3467ba3373ef7768d2323?pvs=21),まさか日本急激に　韓国直撃復旧不能　トドメ流出決定か,韓国 - 2025-10-24 - 1st,NO,YouTubeチェンネル運営ビジネス (https://app.notion.com/p/86f2d2e9f4074174a2e1898ace238df6?pvs=21),1st,2025/10/24,2025年10月17日 14:10
韓国 - 2025-10-23 - 2nd,韓国,アップロード済,SUNNYSH (https://app.notion.com/p/08d06c9684c3467ba3373ef7768d2323?pvs=21),頭大丈夫？ 　イジェミョン妄言　韓国全土が騒然,韓国 - 2025-10-23 - 2nd,NO,YouTubeチェンネル運営ビジネス (https://app.notion.com/p/86f2d2e9f4074174a2e1898ace238df6?pvs=21),2nd,2025/10/23,2025年10月17日 14:11
韓国 - 2025-10-25 - 1st,韓国,アップロード済,SUNNYSH (https://app.notion.com/p/08d06c9684c3467ba3373ef7768d2323?pvs=21),どうしてだ！　韓国枠が消滅へ　まさか日米豪比が,韓国 - 2025-10-25 - 1st,NO,YouTubeチェンネル運営ビジネス (https://app.notion.com/p/86f2d2e9f4074174a2e1898ace238df6?pvs=21),1st,2025/10/25,2025年10月18日 14:20
韓国 - 2025-10-24 - 2nd,韓国,アップロード済,SUNNYSH (https://app.notion.com/p/08d06c9684c3467ba3373ef7768d2323?pvs=21),韓国大慌て　日本急変　協約破棄表明,韓国 - 2025-10-24 - 2nd,NO,YouTubeチェンネル運営ビジネス (https://app.notion.com/p/86f2d2e9f4074174a2e1898ace238df6?pvs=21),2nd,2025/10/24,2025年10月18日 14:21
韓国 - 2025-10-26 - 1st,韓国,アップロード済,SUNNYSH (https://app.notion.com/p/08d06c9684c3467ba3373ef7768d2323?pvs=21),韓国の計画大失敗　日本へ懇願秒読み　事実知り韓民屈辱,韓国 - 2025-10-26 - 1st,NO,YouTubeチェンネル運営ビジネス (https://app.notion.com/p/86f2d2e9f4074174a2e1898ace238df6?pvs=21),1st,2025/10/26,2025年10月19日 10:01
韓国 - 2025-10-25 - 2nd,韓国,アップロード済,SUNNYSH (https://app.notion.com/p/08d06c9684c3467ba3373ef7768d2323?pvs=21),"国際機関報道発表　まさかの拒絶に　韓国焦り大混乱 ",韓国 - 2025-10-25 - 2nd,NO,YouTubeチェンネル運営ビジネス (https://app.notion.com/p/86f2d2e9f4074174a2e1898ace238df6?pvs=21),2nd,2025/10/25,2025年10月19日 10:02
韓国 - 2025-10-27 - 1st,韓国,アップロード済,SUNNYSH (https://app.notion.com/p/08d06c9684c3467ba3373ef7768d2323?pvs=21),"韓国政府事実認め　韓民狂乱大後悔　日本が正しかった ",韓国 - 2025-10-27 - 1st,NO,YouTubeチェンネル運営ビジネス (https://app.notion.com/p/86f2d2e9f4074174a2e1898ace238df6?pvs=21),1st,2025/10/27,2025年10月20日 21:36
韓国 - 2025-10-26 - 2nd,韓国,アップロード済,SUNNYSH (https://app.notion.com/p/08d06c9684c3467ba3373ef7768d2323?pvs=21),アセアン一斉糾弾　韓国大損害　日本儲り腰抜かす,韓国 - 2025-10-26 - 2nd,NO,YouTubeチェンネル運営ビジネス (https://app.notion.com/p/86f2d2e9f4074174a2e1898ace238df6?pvs=21),2nd,2025/10/26,2025年10月20日 21:36
韓国 - 2025-10-28 - 1st,韓国,アップロード済,SUNNYSH (https://app.notion.com/p/08d06c9684c3467ba3373ef7768d2323?pvs=21),"日本完全離脱へ　韓国涙目大後悔　100％暴落 ",韓国 - 2025-10-28 - 1st,NO,YouTubeチェンネル運営ビジネス (https://app.notion.com/p/86f2d2e9f4074174a2e1898ace238df6?pvs=21),1st,2025/10/28,2025年10月21日 12:45
韓国 - 2025-10-27 - 2nd,韓国,アップロード済,SUNNYSH (https://app.notion.com/p/08d06c9684c3467ba3373ef7768d2323?pvs=21),国際研究所発表　まさか韓国新事実　度肝抜かれ,韓国 - 2025-10-27 - 2nd,NO,YouTubeチェンネル運営ビジネス (https://app.notion.com/p/86f2d2e9f4074174a2e1898ace238df6?pvs=21),2nd,2025/10/27,2025年10月21日 13:36
韓国 - 2025-10-29 - 1st,韓国,アップロード済,SUNNYSH (https://app.notion.com/p/08d06c9684c3467ba3373ef7768d2323?pvs=21),日本に先越され　韓国計画崩壊決定　事実知り韓民発狂,韓国 - 2025-10-29 - 1st,NO,YouTubeチェンネル運営ビジネス (https://app.notion.com/p/86f2d2e9f4074174a2e1898ace238df6?pvs=21),1st,2025/10/29,2025年10月22日 10:36
韓国 - 2025-10-28 - 2nd,韓国,アップロード済,SUNNYSH (https://app.notion.com/p/08d06c9684c3467ba3373ef7768d2323?pvs=21),"韓国崩壊開始へ　余命2ヶ月　もう限界 ",韓国 - 2025-10-28 - 2nd,NO,YouTubeチェンネル運営ビジネス (https://app.notion.com/p/86f2d2e9f4074174a2e1898ace238df6?pvs=21),2nd,2025/10/28,2025年10月22日 10:36
韓国 - 2025-10-30 - 1st,韓国,アップロード済,SUNNYSH (https://app.notion.com/p/08d06c9684c3467ba3373ef7768d2323?pvs=21),国際組織電撃発表　韓国入国拒否続出　国民犠牲大混乱,韓国 - 2025-10-30 - 1st,NO,YouTubeチェンネル運営ビジネス (https://app.notion.com/p/86f2d2e9f4074174a2e1898ace238df6?pvs=21),1st,2025/10/30,2025年10月24日 13:46
韓国 - 2025-10-29 - 2nd,韓国,アップロード済,SUNNYSH (https://app.notion.com/p/08d06c9684c3467ba3373ef7768d2323?pvs=21),韓国泣きすがる　世界から強制離脱　まさか日欧米露が,韓国 - 2025-10-29 - 2nd,NO,YouTubeチェンネル運営ビジネス (https://app.notion.com/p/86f2d2e9f4074174a2e1898ace238df6?pvs=21),2nd,2025/10/29,2025年10月24日 13:46
韓国 - 2025-10-31 - 1st,韓国,アップロード済,SUNNYSH (https://app.notion.com/p/08d06c9684c3467ba3373ef7768d2323?pvs=21),"未払い韓国許さん　国民が犠牲に　日本は助けず無視 ",韓国 - 2025-10-31 - 1st,NO,YouTubeチェンネル運営ビジネス (https://app.notion.com/p/86f2d2e9f4074174a2e1898ace238df6?pvs=21),1st,2025/10/31,2025年10月24日 18:41
韓国 - 2025-10-30 - 2nd,韓国,アップロード済,SUNNYSH (https://app.notion.com/p/08d06c9684c3467ba3373ef7768d2323?pvs=21),正気？高市砲炸裂　資産没収　韓国腰抜かす,韓国 - 2025-10-30 - 2nd,NO,YouTubeチェンネル運営ビジネス (https://app.notion.com/p/86f2d2e9f4074174a2e1898ace238df6?pvs=21),2nd,2025/10/30,2025年10月24日 18:41
韓国 - 2025-11-01 - 1st,韓国,アップロード済,SUNNYSH (https://app.notion.com/p/08d06c9684c3467ba3373ef7768d2323?pvs=21),日本に謝れ！　在日韓国人激怒　本国大騒ぎ,韓国 - 2025-11-01 - 1st,NO,YouTubeチェンネル運営ビジネス (https://app.notion.com/p/86f2d2e9f4074174a2e1898ace238df6?pvs=21),1st,2025/11/01,2025年10月25日 16:51
韓国 - 2025-10-31 - 2nd,韓国,アップロード済,SUNNYSH (https://app.notion.com/p/08d06c9684c3467ba3373ef7768d2323?pvs=21),韓国極貧国大転落　日本報道されない　国民の生々しい声,韓国 - 2025-10-31 - 2nd,NO,YouTubeチェンネル運営ビジネス (https://app.notion.com/p/86f2d2e9f4074174a2e1898ace238df6?pvs=21),2nd,2025/10/31,2025年10月25日 16:52
韓国 - 2025-11-02 - 1st,韓国,アップロード済,SUNNYSH (https://app.notion.com/p/08d06c9684c3467ba3373ef7768d2323?pvs=21),ただの阿呆？！ イジェミョン発表　韓国全土地獄絵図,韓国 - 2025-11-02 - 1st,NO,YouTubeチェンネル運営ビジネス (https://app.notion.com/p/86f2d2e9f4074174a2e1898ace238df6?pvs=21),1st,2025/11/02,2025年10月26日 14:41
韓国 - 2025-11-01 - 2nd,韓国,アップロード済,SUNNYSH (https://app.notion.com/p/08d06c9684c3467ba3373ef7768d2323?pvs=21),腐りきった韓国へ　イギリス断交宣言　史上最大外交屈辱,韓国 - 2025-11-01 - 2nd,NO,YouTubeチェンネル運営ビジネス (https://app.notion.com/p/86f2d2e9f4074174a2e1898ace238df6?pvs=21),2nd,2025/11/01,2025年10月26日 14:41
韓国 - 2025-11-02 - 2nd,韓国,アップロード済,SUNNYSH (https://app.notion.com/p/08d06c9684c3467ba3373ef7768d2323?pvs=21),韓国大慌て　ニュージー本気　大使館閉鎖壊滅へ,韓国 - 2025-11-02 - 2nd,NO,YouTubeチェンネル運営ビジネス (https://app.notion.com/p/86f2d2e9f4074174a2e1898ace238df6?pvs=21),2nd,2025/11/02,2025年10月28日 13:08
韓国 - 2025-11-04 - 1st,韓国,アップロード済,SUNNYSH (https://app.notion.com/p/08d06c9684c3467ba3373ef7768d2323?pvs=21),嘘と捏造の韓国へ　世界学府研究発表　韓民知って後悔,韓国 - 2025-11-09 - 1st,NO,YouTubeチェンネル運営ビジネス (https://app.notion.com/p/86f2d2e9f4074174a2e1898ace238df6?pvs=21),1st,2025/11/09,2025年10月28日 19:46
韓国 - 2025-11-03 - 2nd,韓国,アップロード済,SUNNYSH (https://app.notion.com/p/08d06c9684c3467ba3373ef7768d2323?pvs=21),伊西事実を世界へ　韓民が裏切り露へ　世界激震韓国騒然,韓国 - 2025-11-03 - 2nd,NO,YouTubeチェンネル運営ビジネス (https://app.notion.com/p/86f2d2e9f4074174a2e1898ace238df6?pvs=21),2nd,2025/11/03,2025年10月28日 19:47
アジア経済 07月12日,,アップロード済,SUNNYSH (https://app.notion.com/p/08d06c9684c3467ba3373ef7768d2323?pvs=21),,- 2023-07-12 -,,YouTubeチェンネル運営ビジネス (https://app.notion.com/p/86f2d2e9f4074174a2e1898ace238df6?pvs=21),,2023/07/12,2023年7月19日 18:23
アジア経済 07月14日,,アップロード済,SUNNYSH (https://app.notion.com/p/08d06c9684c3467ba3373ef7768d2323?pvs=21),,- 2023-07-14 -,,YouTubeチェンネル運営ビジネス (https://app.notion.com/p/86f2d2e9f4074174a2e1898ace238df6?pvs=21),,2023/07/14,2023年7月19日 18:23
アジア経済 08月30日,,アップロード済,SUNNYSH (https://app.notion.com/p/08d06c9684c3467ba3373ef7768d2323?pvs=21),,- 2023-08-30 -,,YouTubeチェンネル運営ビジネス (https://app.notion.com/p/86f2d2e9f4074174a2e1898ace238df6?pvs=21),,2023/08/30,2023年8月27日 12:51
韓国 09月16日,韓国,アップロード済,SUNNYSH (https://app.notion.com/p/08d06c9684c3467ba3373ef7768d2323?pvs=21),,韓国 - 2023-09-16 -,,YouTubeチェンネル運営ビジネス (https://app.notion.com/p/86f2d2e9f4074174a2e1898ace238df6?pvs=21),,2023/09/16,2023年9月13日 13:29
川本 12月16日,川本,アップロード済,SUNNYSH (https://app.notion.com/p/08d06c9684c3467ba3373ef7768d2323?pvs=21),ネガティブに　悩んだ時に　もらった、　ありがたい言葉,川本 - 2023-12-16 -,,YouTubeチェンネル運営ビジネス (https://app.notion.com/p/86f2d2e9f4074174a2e1898ace238df6?pvs=21),,2023/12/16,2023年9月25日 1:06
韓国 09月28日,韓国,アップロード済,SUNNYSH (https://app.notion.com/p/08d06c9684c3467ba3373ef7768d2323?pvs=21),世界が認めた　慰安婦の嘘　韓国民大混乱,韓国 - 2023-09-28 -,,YouTubeチェンネル運営ビジネス (https://app.notion.com/p/86f2d2e9f4074174a2e1898ace238df6?pvs=21),,2023/09/28,2023年9月26日 14:18
中国 10月07日,中国,アップロード済,SUNNYSH (https://app.notion.com/p/08d06c9684c3467ba3373ef7768d2323?pvs=21),入国拒否続出　中国大騒ぎ　国内倒産多発,中国 - 2023-10-07 -,,YouTubeチェンネル運営ビジネス (https://app.notion.com/p/86f2d2e9f4074174a2e1898ace238df6?pvs=21),,2023/10/07,2023年9月29日 13:28
中国 10月06日,中国,アップロード済,SUNNYSH (https://app.notion.com/p/08d06c9684c3467ba3373ef7768d2323?pvs=21),崩壊間近　世界で警告続出　中国民希望失う,中国 - 2023-10-06 -,,YouTubeチェンネル運営ビジネス (https://app.notion.com/p/86f2d2e9f4074174a2e1898ace238df6?pvs=21),,2023/10/06,2023年10月2日 22:36
韓国 10月23日,韓国,アップロード済,SUNNYSH (https://app.notion.com/p/08d06c9684c3467ba3373ef7768d2323?pvs=21),韓国異常が　緊急SOS　日本断固拒否,韓国 - 2023-10-23 -,,YouTubeチェンネル運営ビジネス (https://app.notion.com/p/86f2d2e9f4074174a2e1898ace238df6?pvs=21),,2023/10/23,2023年10月19日 16:14
中国 10月26日,中国,アップロード済,SUNNYSH (https://app.notion.com/p/08d06c9684c3467ba3373ef7768d2323?pvs=21),日本がトドメ　中国鉄詰んだ　米国激怒追放へ,中国 - 2023-10-26 -,,YouTubeチェンネル運営ビジネス (https://app.notion.com/p/86f2d2e9f4074174a2e1898ace238df6?pvs=21),,2023/10/26,2023年10月22日 14:30
ユニ 10月 21日,ユニ,アップロード済,SUNNYSH (https://app.notion.com/p/08d06c9684c3467ba3373ef7768d2323?pvs=21),,ユニ - 2023-10-21 -,,YouTubeチェンネル運営ビジネス (https://app.notion.com/p/86f2d2e9f4074174a2e1898ace238df6?pvs=21),,2023/10/21,2023年10月23日 15:25
中国 11月07日,中国,アップロード済,SUNNYSH (https://app.notion.com/p/08d06c9684c3467ba3373ef7768d2323?pvs=21),中国に天罰？　操作失敗大惨事　重要資産消滅,中国 - 2023-11-07 -,NO,YouTubeチェンネル運営ビジネス (https://app.notion.com/p/86f2d2e9f4074174a2e1898ace238df6?pvs=21),,2023/11/07,2023年11月4日 16:07
韓国 11月24日,韓国,アップロード済,SUNNYSH (https://app.notion.com/p/08d06c9684c3467ba3373ef7768d2323?pvs=21),連邦地検動く　逮捕決定　韓国大混乱,韓国 - 2023-11-24 -,要検証,YouTubeチェンネル運営ビジネス (https://app.notion.com/p/86f2d2e9f4074174a2e1898ace238df6?pvs=21),,2023/11/24,2023年11月20日 12:31
韓国 12月08日,韓国,アップロード済,SUNNYSH (https://app.notion.com/p/08d06c9684c3467ba3373ef7768d2323?pvs=21),サウジ怒り心頭　韓国無礼の末路　石油輸出拒否か,韓国 - 2023-12-08 -,NO,YouTubeチェンネル運営ビジネス (https://app.notion.com/p/86f2d2e9f4074174a2e1898ace238df6?pvs=21),,2023/12/08,2023年12月4日 13:51
中国 12月12日,中国,アップロード済,SUNNYSH (https://app.notion.com/p/08d06c9684c3467ba3373ef7768d2323?pvs=21),イギリス公式　入国拒否決定　中国絶句,中国 - 2023-12-12 -,NO,YouTubeチェンネル運営ビジネス (https://app.notion.com/p/86f2d2e9f4074174a2e1898ace238df6?pvs=21),,2023/12/12,2023年12月7日 12:56
川本 12月02日,川本,アップロード済,SUNNYSH (https://app.notion.com/p/08d06c9684c3467ba3373ef7768d2323?pvs=21),逆説の誘惑と　真の成功への道,川本 - 2023-12-02 -,,YouTubeチェンネル運営ビジネス (https://app.notion.com/p/86f2d2e9f4074174a2e1898ace238df6?pvs=21),,2023/12/02,2023年12月8日 17:44
韓国 01月02日,韓国,アップロード済,SUNNYSH (https://app.notion.com/p/08d06c9684c3467ba3373ef7768d2323?pvs=21),韓国再建不可能　連鎖倒産の恐怖　もう止まらん,韓国 - 2024-01-02 -,NO,YouTubeチェンネル運営ビジネス (https://app.notion.com/p/86f2d2e9f4074174a2e1898ace238df6?pvs=21),,2024/01/02,2023年12月29日 17:27
中国 01月10日,中国,アップロード済,SUNNYSH (https://app.notion.com/p/08d06c9684c3467ba3373ef7768d2323?pvs=21),これはまずい　国際洗脳漏洩　中国希望失う,中国 - 2024-01-10 -,NO,YouTubeチェンネル運営ビジネス (https://app.notion.com/p/86f2d2e9f4074174a2e1898ace238df6?pvs=21),,2024/01/10,2024年1月7日 17:18
中国 01月18日,中国,アップロード済,SUNNYSH (https://app.notion.com/p/08d06c9684c3467ba3373ef7768d2323?pvs=21),中国猛吹雪凍結　政策崩落地獄絵　国民悲鳴散々,中国 - 2024-01-18 -,NO,YouTubeチェンネル運営ビジネス (https://app.notion.com/p/86f2d2e9f4074174a2e1898ace238df6?pvs=21),,2024/01/18,2024年1月11日 16:24
韓国 01月26日,韓国,アップロード済,SUNNYSH (https://app.notion.com/p/08d06c9684c3467ba3373ef7768d2323?pvs=21),緊急SOS　韓国完全に　空虚の国へ,韓国 - 2024-01-26 -,要検証,YouTubeチェンネル運営ビジネス (https://app.notion.com/p/86f2d2e9f4074174a2e1898ace238df6?pvs=21),,2024/01/26,2024年1月21日 17:06
中国 01月27日,中国,アップロード済,SUNNYSH (https://app.notion.com/p/08d06c9684c3467ba3373ef7768d2323?pvs=21),中国軍壊滅　アフリカ急変　世界が一斉に,中国 - 2024-01-27 -,要検証,YouTubeチェンネル運営ビジネス (https://app.notion.com/p/86f2d2e9f4074174a2e1898ace238df6?pvs=21),,2024/01/27,2024年1月23日 15:31
韓国 01月31日,韓国,アップロード済,SUNNYSH (https://app.notion.com/p/08d06c9684c3467ba3373ef7768d2323?pvs=21),越南怒り心頭　韓国号泣謝罪　世界へ電撃発表,韓国 - 2024-01-31 -,NO,YouTubeチェンネル運営ビジネス (https://app.notion.com/p/86f2d2e9f4074174a2e1898ace238df6?pvs=21),,2024/01/31,2024年1月27日 13:31
川本01月27日,川本,,SUNNYSH (https://app.notion.com/p/08d06c9684c3467ba3373ef7768d2323?pvs=21),私の人生を豊にした、特別な言葉,川本 - 2024-01-27 -,,YouTubeチェンネル運営ビジネス (https://app.notion.com/p/86f2d2e9f4074174a2e1898ace238df6?pvs=21),,2024/01/27,2024年1月31日 17:52
中国 02月20日,中国,アップロード済,SUNNYSH (https://app.notion.com/p/08d06c9684c3467ba3373ef7768d2323?pvs=21),ついに自白　中国経済限界で　世界へ必死懇願,中国 - 2024-02-20 -,NO,YouTubeチェンネル運営ビジネス (https://app.notion.com/p/86f2d2e9f4074174a2e1898ace238df6?pvs=21),,2024/02/20,2024年2月13日 17:11
中国 03月01日,中国,アップロード済,SUNNYSH (https://app.notion.com/p/08d06c9684c3467ba3373ef7768d2323?pvs=21),日本は汚い？　水質調査で自滅　中国が世界で大恥,中国 - 2024-02-29 -,NO,YouTubeチェンネル運営ビジネス (https://app.notion.com/p/86f2d2e9f4074174a2e1898ace238df6?pvs=21),,2024/02/29,2024年2月26日 16:15
中国 03月13日,中国,アップロード済,SUNNYSH (https://app.notion.com/p/08d06c9684c3467ba3373ef7768d2323?pvs=21),中国大ピンチ　資産凍結逮捕され　国が吹っ飛びそう,中国 - 2024-03-13 -,NO,YouTubeチェンネル運営ビジネス (https://app.notion.com/p/86f2d2e9f4074174a2e1898ace238df6?pvs=21),,2024/03/13,2024年2月29日 13:15
韓国 03月13日,韓国,アップロード済,SUNNYSH (https://app.notion.com/p/08d06c9684c3467ba3373ef7768d2323?pvs=21),米国で地獄絵図　韓国政府唖然　12000億消滅,韓国 - 2024-03-13 -,NO,YouTubeチェンネル運営ビジネス (https://app.notion.com/p/86f2d2e9f4074174a2e1898ace238df6?pvs=21),,2024/03/13,2024年3月7日 13:55
川本03月16日,川本,,SUNNYSH (https://app.notion.com/p/08d06c9684c3467ba3373ef7768d2323?pvs=21),うつにならない・うつにさせない８つ1-3,川本 - 2024-03-16 -,NO,YouTubeチェンネル運営ビジネス (https://app.notion.com/p/86f2d2e9f4074174a2e1898ace238df6?pvs=21),,2024/03/16,2024年3月21日 14:32
韓国 03月26日,韓国,アップロード済,SUNNYSH (https://app.notion.com/p/08d06c9684c3467ba3373ef7768d2323?pvs=21),韓国勢が壊滅　インドネシア急変　世界が一斉米国が,韓国 - 2024-03-26 -,NO,YouTubeチェンネル運営ビジネス (https://app.notion.com/p/86f2d2e9f4074174a2e1898ace238df6?pvs=21),,2024/03/26,2024年3月21日 17:38
韓国 04月10日,韓国,アップロード済,SUNNYSH (https://app.notion.com/p/08d06c9684c3467ba3373ef7768d2323?pvs=21),まさか契約破棄　韓国国家機能麻痺　完全に日本へ,韓国 - 2024-04-10 -,NO,YouTubeチェンネル運営ビジネス (https://app.notion.com/p/86f2d2e9f4074174a2e1898ace238df6?pvs=21),,2024/04/10,2024年4月3日 13:05
中国 06月04日,中国,アップロード済,SUNNYSH (https://app.notion.com/p/08d06c9684c3467ba3373ef7768d2323?pvs=21),中国商取引壊滅　連鎖撤退の恐怖　世界続々拒絶,中国 - 2024-06-04 -,NO,YouTubeチェンネル運営ビジネス (https://app.notion.com/p/86f2d2e9f4074174a2e1898ace238df6?pvs=21),,2024/06/04,2024年5月25日 14:02
韓国 06月16日,韓国,アップロード済,SUNNYSH (https://app.notion.com/p/08d06c9684c3467ba3373ef7768d2323?pvs=21),韓国民絶句　世界急遽入港拒否　遂に国際報道で,韓国 - 2024-06-16 -,NO,YouTubeチェンネル運営ビジネス (https://app.notion.com/p/86f2d2e9f4074174a2e1898ace238df6?pvs=21),,2024/06/16,2024年6月6日 15:29
中国 07月02日,中国,アップロード済,SUNNYSH (https://app.notion.com/p/08d06c9684c3467ba3373ef7768d2323?pvs=21),哀れな中国へ　米国厄国一斉拒否　中民犠牲者続出,中国 - 2024-07-02 -,NO,YouTubeチェンネル運営ビジネス (https://app.notion.com/p/86f2d2e9f4074174a2e1898ace238df6?pvs=21),,2024/07/02,2024年6月24日 14:57
韓国 07月06日,韓国,アップロード済,SUNNYSH (https://app.notion.com/p/08d06c9684c3467ba3373ef7768d2323?pvs=21),韓国非常事態　　凡ミス100％暴落　国際社会非難殺到,韓国 - 2024-07-06 -,NO,YouTubeチェンネル運営ビジネス (https://app.notion.com/p/86f2d2e9f4074174a2e1898ace238df6?pvs=21),,2024/07/06,2024年6月26日 16:53
中国 07月08日,中国,アップロード済,SUNNYSH (https://app.notion.com/p/08d06c9684c3467ba3373ef7768d2323?pvs=21),裏切りのチリ政府　急遽停止命令　中国資産消滅,中国 - 2024-07-08 -,NO,YouTubeチェンネル運営ビジネス (https://app.notion.com/p/86f2d2e9f4074174a2e1898ace238df6?pvs=21),,2024/07/08,2024年7月1日 14:46
韓国 07月22日,韓国,アップロード済,SUNNYSH (https://app.notion.com/p/08d06c9684c3467ba3373ef7768d2323?pvs=21),韓国大慌て　国際報道発表　やはり日本が,韓国 - 2024-07-22 -,NO,YouTubeチェンネル運営ビジネス (https://app.notion.com/p/86f2d2e9f4074174a2e1898ace238df6?pvs=21),,2024/07/22,2024年7月14日 14:14
韓国 07月30日,韓国,アップロード済,SUNNYSH (https://app.notion.com/p/08d06c9684c3467ba3373ef7768d2323?pvs=21),日本完全独占へ　韓国盗まれ大後悔　完全暴落世界へ,韓国 - 2024-07-30 -,NO,YouTubeチェンネル運営ビジネス (https://app.notion.com/p/86f2d2e9f4074174a2e1898ace238df6?pvs=21),,2024/07/30,2024年7月21日 12:56
中国 08月04日,中国,アップロード済,SUNNYSH (https://app.notion.com/p/08d06c9684c3467ba3373ef7768d2323?pvs=21),遂に航空破産へ　中国事実認め　国民大パニック,中国 - 2024-08-04 -,NO,YouTubeチェンネル運営ビジネス (https://app.notion.com/p/86f2d2e9f4074174a2e1898ace238df6?pvs=21),,2024/08/04,2024年7月25日 14:08
中国 08月05日,中国,アップロード済,SUNNYSH (https://app.notion.com/p/08d06c9684c3467ba3373ef7768d2323?pvs=21),ストレス脳卒中か　中国民騒然　まさか習近平が,中国 - 2024-08-05 -,NO,YouTubeチェンネル運営ビジネス (https://app.notion.com/p/86f2d2e9f4074174a2e1898ace238df6?pvs=21),,2024/08/05,2024年7月28日 14:03
韓国 09月10日,韓国,アップロード済,SUNNYSH (https://app.notion.com/p/08d06c9684c3467ba3373ef7768d2323?pvs=21),相次ぐ爆破地獄絵　韓国恐ろしい実態　日本の冷酷策略,韓国 - 2024-09-10 -,NO,YouTubeチェンネル運営ビジネス (https://app.notion.com/p/86f2d2e9f4074174a2e1898ace238df6?pvs=21),,2024/09/10,2024年9月2日 12:47
韓国 - 2025-11-03 - 1st,韓国,アップロード済,SUNNYSH (https://app.notion.com/p/08d06c9684c3467ba3373ef7768d2323?pvs=21),"もう復旧完全不能　韓国国家崩壊危機　人金すべて日本へ ",韓国 - 2025-11-03 - 1st,NO,YouTubeチェンネル運営ビジネス (https://app.notion.com/p/86f2d2e9f4074174a2e1898ace238df6?pvs=21),1st,2025/11/03,2025年10月28日 13:07
韓国 - 2025-11-05 - 1st,韓国,アップロード済,SUNNYSH (https://app.notion.com/p/08d06c9684c3467ba3373ef7768d2323?pvs=21),韓国ウォン暴落　紙クズ同然　日本どうか助けて,韓国 - 2025-11-05 - 1st,NO,YouTubeチェンネル運営ビジネス (https://app.notion.com/p/86f2d2e9f4074174a2e1898ace238df6?pvs=21),1st,2025/11/05,2025年10月29日 13:03
韓国 - 2025-11-04 - 2nd,韓国,アップロード済,SUNNYSH (https://app.notion.com/p/08d06c9684c3467ba3373ef7768d2323?pvs=21)," 狂気の契約不履行　韓国、自ら破滅へ　大損害でもう限界",韓国 - 2025-11-04 - 1st,NO,YouTubeチェンネル運営ビジネス (https://app.notion.com/p/86f2d2e9f4074174a2e1898ace238df6?pvs=21),1st,2025/11/04,2025年10月29日 13:03
韓国 - 2025-11-06 - 1st,韓国,アップロード済,SUNNYSH (https://app.notion.com/p/08d06c9684c3467ba3373ef7768d2323?pvs=21),欧州で活動停止　韓国政府電撃発表　韓民激怒し大後悔,韓国 - 2025-11-06 - 1st,NO,YouTubeチェンネル運営ビジネス (https://app.notion.com/p/86f2d2e9f4074174a2e1898ace238df6?pvs=21),1st,2025/11/06,2025年10月31日 15:21
韓国 - 2025-11-05 - 2nd,韓国,アップロード済,SUNNYSH (https://app.notion.com/p/08d06c9684c3467ba3373ef7768d2323?pvs=21),韓国領土消滅へ　世界に重大発表　日本が完全無視,韓国 - 2025-11-05 - 2nd,NO,YouTubeチェンネル運営ビジネス (https://app.notion.com/p/86f2d2e9f4074174a2e1898ace238df6?pvs=21),2nd,2025/11/05,2025年10月31日 15:21
韓国 - 2025-11-08 - 1st,韓国,アップロード済,SUNNYSH (https://app.notion.com/p/08d06c9684c3467ba3373ef7768d2323?pvs=21),欧州各国急変　まさか輸出停止　韓国民犠牲大混乱,韓国 - 2025-11-08 - 1st,NO,YouTubeチェンネル運営ビジネス (https://app.notion.com/p/86f2d2e9f4074174a2e1898ace238df6?pvs=21),1st,2025/11/08,2025年10月31日 18:06
韓国 - 2025-11-06 - 2nd,韓国,アップロード済,SUNNYSH (https://app.notion.com/p/08d06c9684c3467ba3373ef7768d2323?pvs=21),国際問題批判殺到　腐った韓国追放へ　日本の鋭い正論,韓国 - 2025-11-06 - 2nd,NO,YouTubeチェンネル運営ビジネス (https://app.notion.com/p/86f2d2e9f4074174a2e1898ace238df6?pvs=21),2nd,2025/11/06,2025年10月31日 18:06
韓国 - 2025-11-07 - 1st,韓国,アップロード済,SUNNYSH (https://app.notion.com/p/08d06c9684c3467ba3373ef7768d2323?pvs=21),日本と韓国　民度の差に絶句　経済外交悲惨末路,韓国 - 2025-11-07 - 1st,NO,YouTubeチェンネル運営ビジネス (https://app.notion.com/p/86f2d2e9f4074174a2e1898ace238df6?pvs=21),1st,2025/11/07,2025年11月1日 14:08
韓国 - 2025-11-07 - 2nd,韓国,アップロード済,SUNNYSH (https://app.notion.com/p/08d06c9684c3467ba3373ef7768d2323?pvs=21),未払い韓国許さん　世界各地追放決定　全て失い手遅れ,韓国 - 2025-11-07 - 2nd,NO,YouTubeチェンネル運営ビジネス (https://app.notion.com/p/86f2d2e9f4074174a2e1898ace238df6?pvs=21),2nd,2025/11/07,2025年11月1日 14:09
韓国 - 2025-11-09 - 1st,韓国,アップロード済,SUNNYSH (https://app.notion.com/p/08d06c9684c3467ba3373ef7768d2323?pvs=21),"いいぞ高市節！　反日国家追放へ　韓国国民も絶句 ",韓国 - 2025-11-04 - 2nd,NO,YouTubeチェンネル運営ビジネス (https://app.notion.com/p/86f2d2e9f4074174a2e1898ace238df6?pvs=21),2nd,2025/11/04,2025年11月2日 10:46
韓国 - 2025-11-08 - 2nd,韓国,アップロード済,SUNNYSH (https://app.notion.com/p/08d06c9684c3467ba3373ef7768d2323?pvs=21),巨大市場から夜逃 　泣きつく韓国大損　まさか日本が,韓国 - 2025-11-08 - 2nd,NO,YouTubeチェンネル運営ビジネス (https://app.notion.com/p/86f2d2e9f4074174a2e1898ace238df6?pvs=21),2nd,2025/11/08,2025年11月2日 10:46
韓国 - 2025-11-10 - 1st,韓国,アップロード済,SUNNYSH (https://app.notion.com/p/08d06c9684c3467ba3373ef7768d2323?pvs=21),高市緊急声明　驚愕発覚　韓国政府激震が,韓国 - 2025-11-10 - 1st,NO,YouTubeチェンネル運営ビジネス (https://app.notion.com/p/86f2d2e9f4074174a2e1898ace238df6?pvs=21),1st,2025/11/10,2025年11月3日 11:50
韓国 - 2025-11-09 - 2nd,韓国,アップロード済,SUNNYSH (https://app.notion.com/p/08d06c9684c3467ba3373ef7768d2323?pvs=21),カンボジア辞退？　韓国経済火の車　次は日本が,韓国 - 2025-11-09 - 2nd,NO,YouTubeチェンネル運営ビジネス (https://app.notion.com/p/86f2d2e9f4074174a2e1898ace238df6?pvs=21),2nd,2025/11/09,2025年11月3日 11:51
韓国 - 2025-11-11 - 1st,韓国,アップロード済,SUNNYSH (https://app.notion.com/p/08d06c9684c3467ba3373ef7768d2323?pvs=21),韓民が激怒大後悔　韓国政府絶句　日本が正しかった,韓国 - 2025-11-11 - 1st,NO,YouTubeチェンネル運営ビジネス (https://app.notion.com/p/86f2d2e9f4074174a2e1898ace238df6?pvs=21),1st,2025/11/11,2025年11月4日 12:11
韓国 - 2025-11-10 - 2nd,韓国,アップロード済,SUNNYSH (https://app.notion.com/p/08d06c9684c3467ba3373ef7768d2323?pvs=21),日本強気断韓宣言　韓国大慌て　竹島譲歩か,韓国 - 2025-11-10 - 2nd,NO,YouTubeチェンネル運営ビジネス (https://app.notion.com/p/86f2d2e9f4074174a2e1898ace238df6?pvs=21),2nd,2025/11/10,2025年11月4日 12:11
韓国 - 2025-11-12 - 1st,韓国,アップロード済,SUNNYSH (https://app.notion.com/p/08d06c9684c3467ba3373ef7768d2323?pvs=21),韓国異常が　緊急SOS　日本は即支援拒否,韓国 - 2025-11-12 - 1st,NO,YouTubeチェンネル運営ビジネス (https://app.notion.com/p/86f2d2e9f4074174a2e1898ace238df6?pvs=21),1st,2025/11/12,2025年11月5日 10:15
韓国 - 2025-11-11 - 2nd,韓国,アップロード済,SUNNYSH (https://app.notion.com/p/08d06c9684c3467ba3373ef7768d2323?pvs=21),まさかスワップで　韓国限界日本へ　土下座懇願SOS,韓国 - 2025-11-11 - 2nd,NO,YouTubeチェンネル運営ビジネス (https://app.notion.com/p/86f2d2e9f4074174a2e1898ace238df6?pvs=21),2nd,2025/11/11,2025年11月5日 10:16
韓国 - 2025-11-13 - 1st,韓国,アップロード済,SUNNYSH (https://app.notion.com/p/08d06c9684c3467ba3373ef7768d2323?pvs=21),韓国民騒然　重大産業一夜消滅　日米助けず報道へ,韓国 - 2025-11-13 - 1st,NO,YouTubeチェンネル運営ビジネス (https://app.notion.com/p/86f2d2e9f4074174a2e1898ace238df6?pvs=21),1st,2025/11/13,2025年11月5日 15:52
韓国 - 2025-11-12 - 2nd,韓国,アップロード済,SUNNYSH (https://app.notion.com/p/08d06c9684c3467ba3373ef7768d2323?pvs=21),ついにチリも　韓国との民度差に　圧倒的に日本へ,韓国 - 2025-11-12 - 2nd,NO,YouTubeチェンネル運営ビジネス (https://app.notion.com/p/86f2d2e9f4074174a2e1898ace238df6?pvs=21),2nd,2025/11/12,2025年11月5日 15:53
韓国 - 2025-11-14 - 1st,韓国,アップロード済,SUNNYSH (https://app.notion.com/p/08d06c9684c3467ba3373ef7768d2323?pvs=21),韓国必死の懇願　日本あっさり拒否　事実知り民大混乱,韓国 - 2025-11-14 - 1st,NO,YouTubeチェンネル運営ビジネス (https://app.notion.com/p/86f2d2e9f4074174a2e1898ace238df6?pvs=21),1st,2025/11/14,2025年11月7日 15:24
韓国 - 2025-11-13 - 2nd,韓国,アップロード済,SUNNYSH (https://app.notion.com/p/08d06c9684c3467ba3373ef7768d2323?pvs=21),国際批判殺到で　韓国反日大統追放　日本へ擦り寄る,韓国 - 2025-11-13 - 2nd,NO,YouTubeチェンネル運営ビジネス (https://app.notion.com/p/86f2d2e9f4074174a2e1898ace238df6?pvs=21),2nd,2025/11/13,2025年11月7日 15:24
韓国 - 2025-11-15 - 1st,韓国,アップロード済,SUNNYSH (https://app.notion.com/p/08d06c9684c3467ba3373ef7768d2323?pvs=21),日本専門家調べ　絶対復旧不可能　韓国衝撃突如後悔,韓国 - 2025-11-15 - 1st,NO,YouTubeチェンネル運営ビジネス (https://app.notion.com/p/86f2d2e9f4074174a2e1898ace238df6?pvs=21),1st,2025/11/15,2025年11月8日 15:47
韓国 - 2025-11-14 - 2nd,韓国,アップロード済,SUNNYSH (https://app.notion.com/p/08d06c9684c3467ba3373ef7768d2323?pvs=21),韓国銀行連鎖破綻　ここからが地獄　日本は助けず無視,韓国 - 2025-11-14 - 2nd,NO,YouTubeチェンネル運営ビジネス (https://app.notion.com/p/86f2d2e9f4074174a2e1898ace238df6?pvs=21),2nd,2025/11/14,2025年11月8日 15:48
韓国 - 2025-11-17 - 1st,韓国,アップロード済,SUNNYSH (https://app.notion.com/p/08d06c9684c3467ba3373ef7768d2323?pvs=21),世界に重大発表　韓国領土が消失へ　日本助けず無視,韓国 - 2025-11-17 - 1st,NO,YouTubeチェンネル運営ビジネス (https://app.notion.com/p/86f2d2e9f4074174a2e1898ace238df6?pvs=21),1st,2025/11/17,2025年11月8日 19:39
韓国 - 2025-11-15 - 2nd,韓国,アップロード済,SUNNYSH (https://app.notion.com/p/08d06c9684c3467ba3373ef7768d2323?pvs=21),日本から電撃発表　突如支援中止へ　韓国限界大混乱,韓国 - 2025-11-15 - 2nd,NO,YouTubeチェンネル運営ビジネス (https://app.notion.com/p/86f2d2e9f4074174a2e1898ace238df6?pvs=21),2nd,2025/11/15,2025年11月8日 19:40
韓国 - 2025-11-16 - 1st,韓国,アップロード済,SUNNYSH (https://app.notion.com/p/08d06c9684c3467ba3373ef7768d2323?pvs=21),"韓国ウォン紙クズ　国際機関電撃警告　日本完全無視 ",韓国 - 2025-11-16 - 1st,NO,YouTubeチェンネル運営ビジネス (https://app.notion.com/p/86f2d2e9f4074174a2e1898ace238df6?pvs=21),1st,2025/11/16,2025年11月11日 9:37
韓国 - 2025-11-16 - 2nd,韓国,アップロード済,SUNNYSH (https://app.notion.com/p/08d06c9684c3467ba3373ef7768d2323?pvs=21),どうしてなんだ　韓国枠が消滅　国際会議満場一致,韓国 - 2025-11-16 - 2nd,NO,YouTubeチェンネル運営ビジネス (https://app.notion.com/p/86f2d2e9f4074174a2e1898ace238df6?pvs=21),2nd,2025/11/16,2025年11月11日 9:38
韓国 - 2025-11-18 - 1st,韓国,アップロード済,SUNNYSH (https://app.notion.com/p/08d06c9684c3467ba3373ef7768d2323?pvs=21),専門機関発表　スワップの嘘　韓国民腰抜かす,韓国 - 2025-11-18 - 1st,NO,YouTubeチェンネル運営ビジネス (https://app.notion.com/p/86f2d2e9f4074174a2e1898ace238df6?pvs=21),1st,2025/11/18,2025年11月11日 22:40
韓国 - 2025-11-17 - 2nd,韓国,アップロード済,SUNNYSH (https://app.notion.com/p/08d06c9684c3467ba3373ef7768d2323?pvs=21),本当に韓国民か？　遂に真実に気づき　意外すぎ反応拡大,韓国 - 2025-11-17 - 2nd,NO,YouTubeチェンネル運営ビジネス (https://app.notion.com/p/86f2d2e9f4074174a2e1898ace238df6?pvs=21),2nd,2025/11/17,2025年11月11日 22:42
韓国 - 2025-11-19 - 1st,韓国,アップロード済,SUNNYSH (https://app.notion.com/p/08d06c9684c3467ba3373ef7768d2323?pvs=21),韓国非常事態　不安的中　金融壊滅一斉倒産,韓国 - 2025-11-19 - 1st,NO,YouTubeチェンネル運営ビジネス (https://app.notion.com/p/86f2d2e9f4074174a2e1898ace238df6?pvs=21),1st,2025/11/19,2025年11月12日 18:20
韓国 - 2025-11-18 - 2nd,韓国,アップロード済,SUNNYSH (https://app.notion.com/p/08d06c9684c3467ba3373ef7768d2323?pvs=21),韓国集中豪雨　崩落水没感電　完全地獄絵図,韓国 - 2025-11-18 - 2nd,NO,YouTubeチェンネル運営ビジネス (https://app.notion.com/p/86f2d2e9f4074174a2e1898ace238df6?pvs=21),2nd,2025/11/18,2025年11月12日 18:20
韓国 - 2025-11-20 - 1st,韓国,アップロード済,SUNNYSH (https://app.notion.com/p/08d06c9684c3467ba3373ef7768d2323?pvs=21),マスコミ報じない　金融属国大転落　事実を知る韓国民,韓国 - 2025-11-21 - 1st,NO,YouTubeチェンネル運営ビジネス (https://app.notion.com/p/86f2d2e9f4074174a2e1898ace238df6?pvs=21),1st,2025/11/21,2025年11月13日 16:43
韓国 - 2025-11-19 - 2nd,韓国,アップロード済,SUNNYSH (https://app.notion.com/p/08d06c9684c3467ba3373ef7768d2323?pvs=21),"国際機関が正気？　韓国今さら涙流し　日本へ懇願秒読み ",韓国 - 2025-11-19 - 2nd,NO,YouTubeチェンネル運営ビジネス (https://app.notion.com/p/86f2d2e9f4074174a2e1898ace238df6?pvs=21),2nd,2025/11/19,2025年11月13日 16:44
韓国 - 2025-11-20 - 1st,韓国,アップロード済,SUNNYSH (https://app.notion.com/p/08d06c9684c3467ba3373ef7768d2323?pvs=21),韓国民腰抜かす　全財産没収　日本は完全無視,韓国 - 2025-11-20 - 1st,NO,YouTubeチェンネル運営ビジネス (https://app.notion.com/p/86f2d2e9f4074174a2e1898ace238df6?pvs=21),1st,2025/11/20,2025年11月14日 0:43
韓国 - 2025-11-20 - 2nd,韓国,アップロード済,SUNNYSH (https://app.notion.com/p/08d06c9684c3467ba3373ef7768d2323?pvs=21),韓国資金枯渇末路　国民見捨てられ　まさかの理由これ,韓国 - 2025-11-20 - 2nd,NO,YouTubeチェンネル運営ビジネス (https://app.notion.com/p/86f2d2e9f4074174a2e1898ace238df6?pvs=21),2nd,2025/11/20,2025年11月14日 0:44
韓国 - 2025-11-22 - 1st,韓国,アップロード済,SUNNYSH (https://app.notion.com/p/08d06c9684c3467ba3373ef7768d2323?pvs=21),"日本怒りの審判　反日芸能人追放へ　韓国世界で大恥 ",韓国 - 2025-11-22 - 1st,NO,YouTubeチェンネル運営ビジネス (https://app.notion.com/p/86f2d2e9f4074174a2e1898ace238df6?pvs=21),1st,2025/11/22,2025年11月15日 12:18
韓国 - 2025-11-21 - 2nd,韓国,アップロード済,SUNNYSH (https://app.notion.com/p/08d06c9684c3467ba3373ef7768d2323?pvs=21),"韓国が完全衰退　人もお金も　つぎつぎ日本へ ",韓国 - 2025-11-21 - 2nd,NO,YouTubeチェンネル運営ビジネス (https://app.notion.com/p/86f2d2e9f4074174a2e1898ace238df6?pvs=21),2nd,2025/11/21,2025年11月15日 12:18
韓国 - 2025-11-23 - 1st,韓国,アップロード済,SUNNYSH (https://app.notion.com/p/08d06c9684c3467ba3373ef7768d2323?pvs=21),やばい愚かさに　イジェミョン終了　韓国民激怒し後悔,韓国 - 2025-11-23 - 1st,NO,YouTubeチェンネル運営ビジネス (https://app.notion.com/p/86f2d2e9f4074174a2e1898ace238df6?pvs=21),1st,2025/11/23,2025年11月16日 11:50
韓国 - 2025-11-22 - 2nd,韓国,アップロード済,SUNNYSH (https://app.notion.com/p/08d06c9684c3467ba3373ef7768d2323?pvs=21),腐った韓国へ　国連安保電撃発表　驚愕事実韓民絶望,韓国 - 2025-11-22 - 2nd,NO,YouTubeチェンネル運営ビジネス (https://app.notion.com/p/86f2d2e9f4074174a2e1898ace238df6?pvs=21),2nd,2025/11/22,2025年11月16日 11:50
韓国 - 2025-11-24 - 1st,韓国,アップロード済,SUNNYSH (https://app.notion.com/p/08d06c9684c3467ba3373ef7768d2323?pvs=21),頼みの日本が消え　韓国ソウル大慌て　1400社総撤退へ,韓国 - 2025-11-24 - 1st,NO,YouTubeチェンネル運営ビジネス (https://app.notion.com/p/86f2d2e9f4074174a2e1898ace238df6?pvs=21),1st,2025/11/24,2025年11月16日 20:52
韓国 - 2025-11-23 - 2nd,韓国,アップロード済,SUNNYSH (https://app.notion.com/p/08d06c9684c3467ba3373ef7768d2323?pvs=21),日本急変！　8000人全員追放　韓国全土絶句,韓国 - 2025-11-23 - 2nd,NO,YouTubeチェンネル運営ビジネス (https://app.notion.com/p/86f2d2e9f4074174a2e1898ace238df6?pvs=21),2nd,2025/11/23,2025年11月16日 20:53
韓国 - 2025-11-25 - 1st,韓国,アップロード済,SUNNYSH (https://app.notion.com/p/08d06c9684c3467ba3373ef7768d2323?pvs=21),高市強気の一手　財閥を生産停止へ　韓国経済大打撃,韓国 - 2025-11-25 - 1st,NO,YouTubeチェンネル運営ビジネス (https://app.notion.com/p/86f2d2e9f4074174a2e1898ace238df6?pvs=21),1st,2025/11/25,2025年11月18日 12:21
韓国 - 2025-11-24 - 2nd,韓国,アップロード済,SUNNYSH (https://app.notion.com/p/08d06c9684c3467ba3373ef7768d2323?pvs=21),一夜で8兆蒸発　韓国市場大暴落　世界資金が日本へ　,韓国 - 2025-11-24 - 2nd,NO,YouTubeチェンネル運営ビジネス (https://app.notion.com/p/86f2d2e9f4074174a2e1898ace238df6?pvs=21),2nd,2025/11/24,2025年11月18日 12:21
韓国 - 2025-11-26 - 1st,韓国,アップロード済,SUNNYSH (https://app.notion.com/p/08d06c9684c3467ba3373ef7768d2323?pvs=21),韓国手遅れ大損害　自動車産業駆逐し　日本荒稼ぎ,韓国 - 2025-11-26 - 1st,NO,YouTubeチェンネル運営ビジネス (https://app.notion.com/p/86f2d2e9f4074174a2e1898ace238df6?pvs=21),1st,2025/11/26,2025年11月18日 12:50
韓国 - 2025-11-25 - 2nd,韓国,アップロード済,SUNNYSH (https://app.notion.com/p/08d06c9684c3467ba3373ef7768d2323?pvs=21),"泣きつく韓国　日本に負け大損害　まさかドイツが ",韓国 - 2025-11-25 - 2nd,NO,YouTubeチェンネル運営ビジネス (https://app.notion.com/p/86f2d2e9f4074174a2e1898ace238df6?pvs=21),2nd,2025/11/25,2025年11月18日 12:50
韓国 - 2025-11-27 - 1st,韓国,アップロード済,SUNNYSH (https://app.notion.com/p/08d06c9684c3467ba3373ef7768d2323?pvs=21),日本どうか止めて　韓国民騒然　320人一斉入国拒否,韓国 - 2025-11-27 - 1st,NO,YouTubeチェンネル運営ビジネス (https://app.notion.com/p/86f2d2e9f4074174a2e1898ace238df6?pvs=21),1st,2025/11/27,2025年11月19日 15:06
韓国 - 2025-11-26 - 2nd,韓国,アップロード済,SUNNYSH (https://app.notion.com/p/08d06c9684c3467ba3373ef7768d2323?pvs=21),韓民激怒し後悔　韓国政府パニック　日本が正しかった,韓国 - 2025-11-26 - 2nd,NO,YouTubeチェンネル運営ビジネス (https://app.notion.com/p/86f2d2e9f4074174a2e1898ace238df6?pvs=21),2nd,2025/11/26,2025年11月19日 15:07
韓国 - 2025-11-28 - 1st,韓国,アップロード済,SUNNYSH (https://app.notion.com/p/08d06c9684c3467ba3373ef7768d2323?pvs=21),韓国、第二首都　都市機能壊滅で　60万人喪失,韓国 - 2025-11-28 - 1st,NO,YouTubeチェンネル運営ビジネス (https://app.notion.com/p/86f2d2e9f4074174a2e1898ace238df6?pvs=21),1st,2025/11/28,2025年11月21日 13:39
韓国 - 2025-11-27 - 2nd,韓国,アップロード済,SUNNYSH (https://app.notion.com/p/08d06c9684c3467ba3373ef7768d2323?pvs=21),米国も即辞退　韓国経済火の車　次は日本か,韓国 - 2025-11-27 - 2nd,NO,YouTubeチェンネル運営ビジネス (https://app.notion.com/p/86f2d2e9f4074174a2e1898ace238df6?pvs=21),2nd,2025/11/27,2025年11月21日 13:40
韓国 - 2025-11-22 - 3rd,中国,アップロード済,SUNNYSH (https://app.notion.com/p/08d06c9684c3467ba3373ef7768d2323?pvs=21),米台が国際報道　中国、自ら壊滅へ　日本どうか折れて,中国 - 2025-11-22 - 3rd,NO,YouTubeチェンネル運営ビジネス (https://app.notion.com/p/86f2d2e9f4074174a2e1898ace238df6?pvs=21),3rd,2025/11/22,2025年11月21日 19:31
中国 - 2025-11-23 - 3rd,中国,アップロード済,SUNNYSH (https://app.notion.com/p/08d06c9684c3467ba3373ef7768d2323?pvs=21),台湾急加速に　日米唖然　中国態度激変？,中国 - 2025-11-23 - 3rd,NO,YouTubeチェンネル運営ビジネス (https://app.notion.com/p/86f2d2e9f4074174a2e1898ace238df6?pvs=21),3rd,2025/11/23,2025年11月22日 16:33
韓国 - 2025-11-29 - 1st,韓国,アップロード済,SUNNYSH (https://app.notion.com/p/08d06c9684c3467ba3373ef7768d2323?pvs=21),"韓国極貧餓死続出　日本報道されない　若者の生々しい声 ",韓国 - 2025-11-29 - 1st,NO,YouTubeチェンネル運営ビジネス (https://app.notion.com/p/86f2d2e9f4074174a2e1898ace238df6?pvs=21),1st,2025/11/29,2025年11月23日 19:45
韓国 - 2025-11-28 - 2nd,韓国,アップロード済,SUNNYSH (https://app.notion.com/p/08d06c9684c3467ba3373ef7768d2323?pvs=21),韓国民腰抜かす　英豪電撃発表　完全に日本が,韓国 - 2025-11-28 - 2nd,NO,YouTubeチェンネル運営ビジネス (https://app.notion.com/p/86f2d2e9f4074174a2e1898ace238df6?pvs=21),2nd,2025/11/28,2025年11月23日 19:46
韓国 - 2025-11-30 - 1st,韓国,アップロード済,SUNNYSH (https://app.notion.com/p/08d06c9684c3467ba3373ef7768d2323?pvs=21),韓国緊急不渡りへ　 もう復旧不可能 　日本は助けず無視,韓国 - 2025-11-30 - 1st,NO,YouTubeチェンネル運営ビジネス (https://app.notion.com/p/86f2d2e9f4074174a2e1898ace238df6?pvs=21),1st,2025/11/30,2025年11月23日 19:49
韓国 - 2025-11-29 - 2nd,韓国,アップロード済,SUNNYSH (https://app.notion.com/p/08d06c9684c3467ba3373ef7768d2323?pvs=21),日本静かに反撃へ　税3倍で大儲け　背筋が凍る韓国民,韓国 - 2025-11-29 - 2nd,NO,YouTubeチェンネル運営ビジネス (https://app.notion.com/p/86f2d2e9f4074174a2e1898ace238df6?pvs=21),2nd,2025/11/29,2025年11月23日 19:50
韓国 - 2025-12-01 - 1st,韓国,アップロード済,SUNNYSH (https://app.notion.com/p/08d06c9684c3467ba3373ef7768d2323?pvs=21),"韓国が電撃発表　人もお金も　全て日本へ ",韓国 - 2025-12-01 - 1st,NO,YouTubeチェンネル運営ビジネス (https://app.notion.com/p/86f2d2e9f4074174a2e1898ace238df6?pvs=21),1st,2025/12/01,2025年11月24日 11:37
韓国 - 2025-11-30 - 2nd,韓国,アップロード済,SUNNYSH (https://app.notion.com/p/08d06c9684c3467ba3373ef7768d2323?pvs=21),韓国焦り高市警戒　世界が動く　韓国不要論,韓国 - 2025-11-30 - 2nd,NO,YouTubeチェンネル運営ビジネス (https://app.notion.com/p/86f2d2e9f4074174a2e1898ace238df6?pvs=21),2nd,2025/11/30,2025年11月24日 11:38
韓国 - 2025-12-02 - 1st,韓国,アップロード済,SUNNYSH (https://app.notion.com/p/08d06c9684c3467ba3373ef7768d2323?pvs=21),韓国崖っぷちで　禁じ手発動民絶句　国際機関厳重警告,韓国 - 2025-12-02 - 1st,NO,YouTubeチェンネル運営ビジネス (https://app.notion.com/p/86f2d2e9f4074174a2e1898ace238df6?pvs=21),1st,2025/12/02,2025年11月24日 11:39
韓国 - 2025-12-04 - 1st,韓国,アップロード済,SUNNYSH (https://app.notion.com/p/08d06c9684c3467ba3373ef7768d2323?pvs=21),研究機関公式発表　韓国がなくなる！　崩壊シナリオ完成,韓国 - 2025-12-04 - 1st,NO,YouTubeチェンネル運営ビジネス (https://app.notion.com/p/86f2d2e9f4074174a2e1898ace238df6?pvs=21),1st,2025/12/04,2025年11月24日 11:39
韓国 - 2025-12-01 - 2nd,韓国,アップロード済,SUNNYSH (https://app.notion.com/p/08d06c9684c3467ba3373ef7768d2323?pvs=21),K防衛消えた　韓国政府驚愕発表　まさか日本が,韓国 - 2025-12-01 - 2nd,NO,YouTubeチェンネル運営ビジネス (https://app.notion.com/p/86f2d2e9f4074174a2e1898ace238df6?pvs=21),2nd,2025/12/01,2025年11月24日 11:48
韓国 - 2025-12-03 - 1st,韓国,アップロード済,SUNNYSH (https://app.notion.com/p/08d06c9684c3467ba3373ef7768d2323?pvs=21),腐った韓国へ　世界有名誌発表　まさか日本急激に,韓国 - 2025-12-03 - 1st,NO,YouTubeチェンネル運営ビジネス (https://app.notion.com/p/86f2d2e9f4074174a2e1898ace238df6?pvs=21),1st,2025/12/03,2025年11月27日 12:24
韓国 - 2025-12-02 - 2nd,韓国,アップロード済,SUNNYSH (https://app.notion.com/p/08d06c9684c3467ba3373ef7768d2323?pvs=21),泣きつく　韓国大損害　激動予告日本から,韓国 - 2025-12-02 - 2nd,NO,YouTubeチェンネル運営ビジネス (https://app.notion.com/p/86f2d2e9f4074174a2e1898ace238df6?pvs=21),2nd,2025/12/02,2025年11月27日 14:13
韓国 - 2025-12-03 - 2nd,韓国,アップロード済,SUNNYSH (https://app.notion.com/p/08d06c9684c3467ba3373ef7768d2323?pvs=21),どうした韓国民　日本の覚醒に　予想外の反応連発,韓国 - 2025-12-03 - 2nd,NO,YouTubeチェンネル運営ビジネス (https://app.notion.com/p/86f2d2e9f4074174a2e1898ace238df6?pvs=21),2nd,2025/12/03,2025年11月27日 14:14
韓国 - 2025-12-05 - 1st,韓国,アップロード済,SUNNYSH (https://app.notion.com/p/08d06c9684c3467ba3373ef7768d2323?pvs=21),韓国の暴落が判明　日本円で国債発行　その理由に絶句　,韓国 - 2025-12-05 - 1st,NO,YouTubeチェンネル運営ビジネス (https://app.notion.com/p/86f2d2e9f4074174a2e1898ace238df6?pvs=21),1st,2025/12/05,2025年11月28日 13:49
韓国 - 2025-12-05 - 2nd,韓国,アップロード済,SUNNYSH (https://app.notion.com/p/08d06c9684c3467ba3373ef7768d2323?pvs=21),日本が韓国と絶縁　ついにG20で　首相がやり返した,韓国 - 2025-12-05 - 2nd,NO,YouTubeチェンネル運営ビジネス (https://app.notion.com/p/86f2d2e9f4074174a2e1898ace238df6?pvs=21),2nd,2025/12/05,2025年11月28日 13:50
韓国 - 2025-12-04 - 2nd,韓国,アップロード済,SUNNYSH (https://app.notion.com/p/08d06c9684c3467ba3373ef7768d2323?pvs=21),韓国の計画大失敗　国家プロジェクト　日本に阻まれ終了,韓国 - 2025-12-04 - 2nd,NO,YouTubeチェンネル運営ビジネス (https://app.notion.com/p/86f2d2e9f4074174a2e1898ace238df6?pvs=21),2nd,2025/12/04,2025年11月29日 13:57
韓国 - 2025-12-06 - 1st,韓国,アップロード済,SUNNYSH (https://app.notion.com/p/08d06c9684c3467ba3373ef7768d2323?pvs=21),地獄に生きる韓国　イジェミョン本気　国民が犠牲に,韓国 - 2025-12-06 - 1st,NO,YouTubeチェンネル運営ビジネス (https://app.notion.com/p/86f2d2e9f4074174a2e1898ace238df6?pvs=21),1st,2025/12/06,2025年11月29日 16:39
韓国 - 2025-12-07 - 1st,韓国,アップロード済,SUNNYSH (https://app.notion.com/p/08d06c9684c3467ba3373ef7768d2323?pvs=21),ポーランド辞退し　韓国大慌て　まさか日本が,韓国 - 2025-12-07 - 1st,NO,YouTubeチェンネル運営ビジネス (https://app.notion.com/p/86f2d2e9f4074174a2e1898ace238df6?pvs=21),1st,2025/12/07,2025年11月29日 16:40
韓国 - 2025-12-06 - 2nd,韓国,アップロード済,SUNNYSH (https://app.notion.com/p/08d06c9684c3467ba3373ef7768d2323?pvs=21),日本民が大英断　あの業界まで　韓国全てが破綻へ,韓国 - 2025-12-06 - 2nd,NO,YouTubeチェンネル運営ビジネス (https://app.notion.com/p/86f2d2e9f4074174a2e1898ace238df6?pvs=21),2nd,2025/12/06,2025年11月29日 16:40
韓国 - 2025-12-08 - 1st,韓国,アップロード済,SUNNYSH (https://app.notion.com/p/08d06c9684c3467ba3373ef7768d2323?pvs=21),韓国重大ミス大損　偽物バレ世界大恥　まさか京セラが,韓国 - 2025-12-08 - 1st,NO,YouTubeチェンネル運営ビジネス (https://app.notion.com/p/86f2d2e9f4074174a2e1898ace238df6?pvs=21),1st,2025/12/08,2025年11月30日 18:30
韓国 - 2025-12-07 - 2nd,韓国,アップロード済,SUNNYSH (https://app.notion.com/p/08d06c9684c3467ba3373ef7768d2323?pvs=21),日本絶対助けるな　一週間で崩壊　韓国遂に始まった,韓国 - 2025-12-07 - 2nd,NO,YouTubeチェンネル運営ビジネス (https://app.notion.com/p/86f2d2e9f4074174a2e1898ace238df6?pvs=21),2nd,2025/12/07,2025年11月30日 18:31
韓国 - 2025-12-09 - 1st,韓国,アップロード済,SUNNYSH (https://app.notion.com/p/08d06c9684c3467ba3373ef7768d2323?pvs=21),日本がやり返した　ついに根幹産業で　韓国契約辞退続出,韓国 - 2025-12-09 - 1st,NO,YouTubeチェンネル運営ビジネス (https://app.notion.com/p/86f2d2e9f4074174a2e1898ace238df6?pvs=21),1st,2025/12/09,2025年12月1日 22:04
韓国 - 2025-12-08 - 2nd,韓国,アップロード済,SUNNYSH (https://app.notion.com/p/08d06c9684c3467ba3373ef7768d2323?pvs=21),アルゼンチン急変　屈辱通貨スワップ　韓国何で我々だけ,韓国 - 2025-12-08 - 2nd,NO,YouTubeチェンネル運営ビジネス (https://app.notion.com/p/86f2d2e9f4074174a2e1898ace238df6?pvs=21),2nd,2025/12/08,2025年12月1日 22:05
韓国 - 2025-12-10 - 1st,韓国,アップロード済,SUNNYSH (https://app.notion.com/p/08d06c9684c3467ba3373ef7768d2323?pvs=21),日本完全無視　哀れよ韓国　必死の抵抗,韓国 - 2025-12-10 - 1st,NO,YouTubeチェンネル運営ビジネス (https://app.notion.com/p/86f2d2e9f4074174a2e1898ace238df6?pvs=21),1st,2025/12/10,2025年12月2日 20:05
韓国 - 2025-12-09 - 2nd,韓国,アップロード済,SUNNYSH (https://app.notion.com/p/08d06c9684c3467ba3373ef7768d2323?pvs=21),ただの阿呆？　イジェミョン妄言　韓国全土が騒然,韓国 - 2025-12-09 - 2nd,NO,YouTubeチェンネル運営ビジネス (https://app.notion.com/p/86f2d2e9f4074174a2e1898ace238df6?pvs=21),2nd,2025/12/09,2025年12月2日 20:06
韓国 - 2025-12-11 - 1st,韓国,アップロード済,SUNNYSH (https://app.notion.com/p/08d06c9684c3467ba3373ef7768d2323?pvs=21),韓国非常事態　不安的中　経済崩壊へ,韓国 - 2025-12-11 - 1st,NO,YouTubeチェンネル運営ビジネス (https://app.notion.com/p/86f2d2e9f4074174a2e1898ace238df6?pvs=21),1st,2025/12/11,2025年12月3日 10:25
韓国 - 2025-12-10 - 2nd,韓国,アップロード済,SUNNYSH (https://app.notion.com/p/08d06c9684c3467ba3373ef7768d2323?pvs=21),韓国崩壊大ピンチ　技術不足で　日本企業へ懇願,韓国 - 2025-12-10 - 2nd,NO,YouTubeチェンネル運営ビジネス (https://app.notion.com/p/86f2d2e9f4074174a2e1898ace238df6?pvs=21),2nd,2025/12/10,2025年12月3日 10:26
韓国 - 2025-12-12 - 1st,韓国,アップロード済,SUNNYSH (https://app.notion.com/p/08d06c9684c3467ba3373ef7768d2323?pvs=21),追い詰められた　韓国、日本に懇願　奈良で首脳会談を,韓国 - 2025-12-12 - 1st,NO,YouTubeチェンネル運営ビジネス (https://app.notion.com/p/86f2d2e9f4074174a2e1898ace238df6?pvs=21),1st,2025/12/12,2025年12月6日 13:51
韓国 - 2025-12-11 - 2nd,韓国,アップロード済,SUNNYSH (https://app.notion.com/p/08d06c9684c3467ba3373ef7768d2323?pvs=21),韓国で大火災発生　ありえない行動で　政府機能全停止,韓国 - 2025-12-11 - 2nd,NO,YouTubeチェンネル運営ビジネス (https://app.notion.com/p/86f2d2e9f4074174a2e1898ace238df6?pvs=21),2nd,2025/12/11,2025年12月6日 13:52
韓国 - 2025-12-13 - 1st,韓国,アップロード済,SUNNYSH (https://app.notion.com/p/08d06c9684c3467ba3373ef7768d2323?pvs=21),韓民激怒し後悔　韓国政府絶句　日本が正しかった,韓国 - 2025-12-13 - 1st,NO,YouTubeチェンネル運営ビジネス (https://app.notion.com/p/86f2d2e9f4074174a2e1898ace238df6?pvs=21),1st,2025/12/13,2025年12月6日 18:29
韓国 - 2025-12-12 - 2nd,韓国,アップロード済,SUNNYSH (https://app.notion.com/p/08d06c9684c3467ba3373ef7768d2323?pvs=21),スワップ拒否られ　韓国多重苦で限界　ウォン暴落紙屑,韓国 - 2025-12-12 - 2nd,NO,YouTubeチェンネル運営ビジネス (https://app.notion.com/p/86f2d2e9f4074174a2e1898ace238df6?pvs=21),2nd,2025/12/12,2025年12月6日 18:30
韓国 - 2025-12-14 - 1st,韓国,アップロード済,SUNNYSH (https://app.notion.com/p/08d06c9684c3467ba3373ef7768d2323?pvs=21),日本完全距離置き　韓国ついに破綻？　民人生無期ストへ,韓国 - 2025-12-14 - 1st,NO,YouTubeチェンネル運営ビジネス (https://app.notion.com/p/86f2d2e9f4074174a2e1898ace238df6?pvs=21),1st,2025/12/14,2025年12月8日 10:25
韓国 - 2025-12-19 - 1st,韓国,アップロード済,SUNNYSH (https://app.notion.com/p/08d06c9684c3467ba3373ef7768d2323?pvs=21),"韓国の計画大失敗　日本が完全拒否　事実知り韓民屈辱 ",韓国 - 2025-12-19 - 1st,NO,YouTubeチェンネル運営ビジネス (https://app.notion.com/p/86f2d2e9f4074174a2e1898ace238df6?pvs=21),1st,2025/12/19,2025年12月8日 10:25
韓国 - 2025-12-15 - 1st,韓国,アップロード済,SUNNYSH (https://app.notion.com/p/08d06c9684c3467ba3373ef7768d2323?pvs=21),韓国離れ急加速　国際的企業が急変　黙って強制削除へ,韓国 - 2025-12-15 - 1st,NO,YouTubeチェンネル運営ビジネス (https://app.notion.com/p/86f2d2e9f4074174a2e1898ace238df6?pvs=21),1st,2025/12/15,2025年12月9日 14:29
韓国 - 2025-12-14 - 2nd,韓国,アップロード済,SUNNYSH (https://app.notion.com/p/08d06c9684c3467ba3373ef7768d2323?pvs=21),佐渡で勝手に式典　韓国越境やり放題　日本国民怒り審判,韓国 - 2025-12-14 - 2nd,NO,YouTubeチェンネル運営ビジネス (https://app.notion.com/p/86f2d2e9f4074174a2e1898ace238df6?pvs=21),2nd,2025/12/14,2025年12月9日 14:29
韓国 - 2025-12-16 - 1st,韓国,アップロード済,SUNNYSH (https://app.notion.com/p/08d06c9684c3467ba3373ef7768d2323?pvs=21),"日本に謝れ　在日韓国人激怒　本国驚愕大騒ぎ ",韓国 - 2025-12-16 - 1st,NO,YouTubeチェンネル運営ビジネス (https://app.notion.com/p/86f2d2e9f4074174a2e1898ace238df6?pvs=21),1st,2025/12/16,2025年12月9日 14:32
韓国 - 2025-12-15 - 2nd,韓国,アップロード済,SUNNYSH (https://app.notion.com/p/08d06c9684c3467ba3373ef7768d2323?pvs=21),アホな韓国大崩落　嫌われ65％激減　日本は無視し大儲,韓国 - 2025-12-15 - 2nd,NO,YouTubeチェンネル運営ビジネス (https://app.notion.com/p/86f2d2e9f4074174a2e1898ace238df6?pvs=21),2nd,2025/12/15,2025年12月9日 14:34
韓国 - 2025-12-16 - 2nd,韓国,アップロード済,SUNNYSH (https://app.notion.com/p/08d06c9684c3467ba3373ef7768d2323?pvs=21),韓国緊急SOS　IMF警告無視続け　新事実で崩壊危機,韓国 - 2025-12-16 - 2nd,NO,YouTubeチェンネル運営ビジネス (https://app.notion.com/p/86f2d2e9f4074174a2e1898ace238df6?pvs=21),2nd,2025/12/16,2025年12月11日 11:10
韓国 - 2025-12-18 - 1st,韓国,アップロード済,SUNNYSH (https://app.notion.com/p/08d06c9684c3467ba3373ef7768d2323?pvs=21),韓国とんでも要求　日本に阻まれ終了　世界中が断韓へ,韓国 - 2025-12-18 - 1st,NO,YouTubeチェンネル運営ビジネス (https://app.notion.com/p/86f2d2e9f4074174a2e1898ace238df6?pvs=21),1st,2025/12/18,2025年12月11日 19:10
韓国 - 2025-12-17 - 1st,韓国,アップロード済,SUNNYSH (https://app.notion.com/p/08d06c9684c3467ba3373ef7768d2323?pvs=21),韓国民腰抜かす　英国機関電撃発表　日本の圧倒的強さ,韓国 - 2025-12-17 - 1st,NO,YouTubeチェンネル運営ビジネス (https://app.notion.com/p/86f2d2e9f4074174a2e1898ace238df6?pvs=21),1st,2025/12/17,2025年12月11日 19:13
韓国 - 2025-12-17 - 2nd,韓国,アップロード済,SUNNYSH (https://app.notion.com/p/08d06c9684c3467ba3373ef7768d2323?pvs=21),韓国民がキレた　李在明が爆弾発言　世界中が顔面蒼白,韓国 - 2025-12-17 - 2nd,NO,YouTubeチェンネル運営ビジネス (https://app.notion.com/p/86f2d2e9f4074174a2e1898ace238df6?pvs=21),2nd,2025/12/17,2025年12月11日 19:13
韓国 - 2025-12-19 - 1st,韓国,アップロード済,SUNNYSH (https://app.notion.com/p/08d06c9684c3467ba3373ef7768d2323?pvs=21),【速報】たった今　1480ウォン突破　韓国ウォン紙屑へ,韓国 - 2025-12-13 - 1st,NO,YouTubeチェンネル運営ビジネス (https://app.notion.com/p/86f2d2e9f4074174a2e1898ace238df6?pvs=21),1st,2025/12/13,2025年12月13日 14:07
韓国 - 2025-12-18 - 2nd,韓国,アップロード済,SUNNYSH (https://app.notion.com/p/08d06c9684c3467ba3373ef7768d2323?pvs=21),連邦裁判国際報復　まさか韓国新事実　度肝抜かれ,韓国 - 2025-12-18 - 2nd,NO,YouTubeチェンネル運営ビジネス (https://app.notion.com/p/86f2d2e9f4074174a2e1898ace238df6?pvs=21),2nd,2025/12/18,2025年12月13日 14:08
韓国 - 2025-12-20 - 1st,韓国,アップロード済,SUNNYSH (https://app.notion.com/p/08d06c9684c3467ba3373ef7768d2323?pvs=21),韓国航空業界騒然　排便決定大損害害　日本儲り腰抜かす,韓国 - 2025-12-20 - 1st,NO,YouTubeチェンネル運営ビジネス (https://app.notion.com/p/86f2d2e9f4074174a2e1898ace238df6?pvs=21),1st,2025/12/20,2025年12月13日 14:09
韓国 - 2025-12-19 - 2nd,韓国,アップロード済,SUNNYSH (https://app.notion.com/p/08d06c9684c3467ba3373ef7768d2323?pvs=21),反日代償高すぎた　韓国今さら懇願　日本民怒りの審判,韓国 - 2025-12-19 - 2nd,NO,YouTubeチェンネル運営ビジネス (https://app.notion.com/p/86f2d2e9f4074174a2e1898ace238df6?pvs=21),2nd,2025/12/19,2025年12月13日 14:10
韓国 - 2025-12-21 - 1st,韓国,アップロード済,SUNNYSH (https://app.notion.com/p/08d06c9684c3467ba3373ef7768d2323?pvs=21),"日本から電撃発表　遂に韓国輸出停止　韓民犠牲大混乱 ",韓国 - 2025-12-21 - 1st,NO,YouTubeチェンネル運営ビジネス (https://app.notion.com/p/86f2d2e9f4074174a2e1898ace238df6?pvs=21),1st,2025/12/21,2025年12月13日 23:22
韓国 - 2025-12-20 - 2nd,韓国,アップロード済,SUNNYSH (https://app.notion.com/p/08d06c9684c3467ba3373ef7768d2323?pvs=21),"未払い韓国許さん　世界各地批判殺到　もう手遅れ ",韓国 - 2025-12-20 - 2nd,NO,YouTubeチェンネル運営ビジネス (https://app.notion.com/p/86f2d2e9f4074174a2e1898ace238df6?pvs=21),2nd,2025/12/20,2025年12月13日 23:22
韓国 - 2025-12-23 - 1st,韓国,アップロード済,SUNNYSH (https://app.notion.com/p/08d06c9684c3467ba3373ef7768d2323?pvs=21),韓国民大騒ぎ　まさか入国拒否　ついにタイ急速に,韓国 - 2025-12-23 - 1st,NO,YouTubeチェンネル運営ビジネス (https://app.notion.com/p/86f2d2e9f4074174a2e1898ace238df6?pvs=21),1st,2025/12/23,2025年12月15日 15:13
韓国 - 2025-12-21 - 2nd,韓国,アップロード済,SUNNYSH (https://app.notion.com/p/08d06c9684c3467ba3373ef7768d2323?pvs=21),"ついに認めた韓国　実は日本製　世界に自滅発表 ",韓国 - 2025-12-21 - 2nd,NO,YouTubeチェンネル運営ビジネス (https://app.notion.com/p/86f2d2e9f4074174a2e1898ace238df6?pvs=21),2nd,2025/12/21,2025年12月15日 15:18
韓国 - 2025-12-23 - 1st,韓国,アップロード済,SUNNYSH (https://app.notion.com/p/08d06c9684c3467ba3373ef7768d2323?pvs=21),頭、大丈夫！？　イジェミョン愚言　韓国民も絶句,韓国 - 2025-12-22 - 1st,NO,YouTubeチェンネル運営ビジネス (https://app.notion.com/p/86f2d2e9f4074174a2e1898ace238df6?pvs=21),1st,2025/12/22,2025年12月16日 18:19
韓国 - 2025-12-23 - 2nd,韓国,アップロード済,SUNNYSH (https://app.notion.com/p/08d06c9684c3467ba3373ef7768d2323?pvs=21),"世界激震韓国騒然　米国が国際報道へ　日本どうか助けて ",韓国 - 2025-12-22 - 2nd,NO,YouTubeチェンネル運営ビジネス (https://app.notion.com/p/86f2d2e9f4074174a2e1898ace238df6?pvs=21),2nd,2025/12/22,2025年12月16日 18:20
,,,,,,,,,,2025年12月17日 14:25
韓国 - 2025-12-24 - 1st,韓国,アップロード済,SUNNYSH (https://app.notion.com/p/08d06c9684c3467ba3373ef7768d2323?pvs=21),韓民激怒し後悔　韓国政府唖然　日本が正しかった,韓国 - 2025-12-24 - 1st,NO,YouTubeチェンネル運営ビジネス (https://app.notion.com/p/86f2d2e9f4074174a2e1898ace238df6?pvs=21),1st,2025/12/24,2025年12月17日 14:25
韓国 - 2025-12-23 - 2nd,韓国,アップロード済,SUNNYSH (https://app.notion.com/p/08d06c9684c3467ba3373ef7768d2323?pvs=21),朽ち果てた韓国　フランス契約中止　日本儲り取り乱す,韓国 - 2025-12-23 - 2nd,NO,YouTubeチェンネル運営ビジネス (https://app.notion.com/p/86f2d2e9f4074174a2e1898ace238df6?pvs=21),2nd,2025/12/23,2025年12月17日 14:26
韓国 - 2025-12-25 - 1st,韓国,アップロード済,SUNNYSH (https://app.notion.com/p/08d06c9684c3467ba3373ef7768d2323?pvs=21),Kインフラ消滅へ　韓国政府電撃発表　まさか日本が,韓国 - 2025-12-25 - 1st,NO,YouTubeチェンネル運営ビジネス (https://app.notion.com/p/86f2d2e9f4074174a2e1898ace238df6?pvs=21),1st,2025/12/25,2025年12月19日 12:31
韓国 - 2025-12-24 - 2nd,韓国,アップロード済,SUNNYSH (https://app.notion.com/p/08d06c9684c3467ba3373ef7768d2323?pvs=21),韓国民大パニック　一夜で完全消滅　遂に日米欧が急変,韓国 - 2025-12-24 - 2nd,NO,YouTubeチェンネル運営ビジネス (https://app.notion.com/p/86f2d2e9f4074174a2e1898ace238df6?pvs=21),2nd,2025/12/24,2025年12月19日 12:31
中国 - 2025-12-21 - 3rd,中国,アップロード済,SUNNYSH (https://app.notion.com/p/08d06c9684c3467ba3373ef7768d2323?pvs=21),日本が中国を排除　次々倒産し始め　日本にボロ負け,中国 - 2025-12-21 - 3rd,NO,YouTubeチェンネル運営ビジネス (https://app.notion.com/p/86f2d2e9f4074174a2e1898ace238df6?pvs=21),3rd,2025/12/21,2025年12月19日 12:32
韓国 - 2025-12-25 - 2nd,韓国,アップロード済,SUNNYSH (https://app.notion.com/p/08d06c9684c3467ba3373ef7768d2323?pvs=21),腐り切った韓国へ　国際機関追放勧告　史上最大外交屈辱,韓国 - 2025-12-25 - 2nd,NO,YouTubeチェンネル運営ビジネス (https://app.notion.com/p/86f2d2e9f4074174a2e1898ace238df6?pvs=21),2nd,2025/12/25,2025年12月19日 12:32
韓国 - 2025-12-26 - 2nd,韓国,アップロード済,SUNNYSH (https://app.notion.com/p/08d06c9684c3467ba3373ef7768d2323?pvs=21),日本は助けず無視　世界に驚愕発表　韓国領土が消える,韓国 - 2025-12-26 - 2nd,NO,YouTubeチェンネル運営ビジネス (https://app.notion.com/p/86f2d2e9f4074174a2e1898ace238df6?pvs=21),2nd,2025/12/26,2025年12月19日 19:45
中国 - 2025-12-20 - 3rd,中国,アップロード済,SUNNYSH (https://app.notion.com/p/08d06c9684c3467ba3373ef7768d2323?pvs=21),中国極貧餓死続出　日本報道されない　現地の生々しい声,中国 - 2025-12-20 - 3rd,NO,YouTubeチェンネル運営ビジネス (https://app.notion.com/p/86f2d2e9f4074174a2e1898ace238df6?pvs=21),3rd,2025/12/20,2025年12月20日 17:32
韓国 - 2025-12-27 - 1st,韓国,アップロード済,SUNNYSH (https://app.notion.com/p/08d06c9684c3467ba3373ef7768d2323?pvs=21),韓国涙目大後悔　日本国民9割が　怒りの審判,韓国 - 2025-12-27 - 1st,NO,YouTubeチェンネル運営ビジネス (https://app.notion.com/p/86f2d2e9f4074174a2e1898ace238df6?pvs=21),1st,2025/12/27,2025年12月21日 15:09
韓国 - 2025-12-26 - 1st,韓国,アップロード済,SUNNYSH (https://app.notion.com/p/08d06c9684c3467ba3373ef7768d2323?pvs=21),緊急韓国必死懇願　日本あっさり拒否　事実知り民大混乱,韓国 - 2025-12-26 - 1st,NO,YouTubeチェンネル運営ビジネス (https://app.notion.com/p/86f2d2e9f4074174a2e1898ace238df6?pvs=21),1st,2025/12/26,2025年12月21日 15:09
韓国 - 2025-12-28 - 1st,韓国,アップロード済,SUNNYSH (https://app.notion.com/p/08d06c9684c3467ba3373ef7768d2323?pvs=21),なぜなんだ！　韓国枠が消滅し　まさか日本大儲け,韓国 - 2025-12-28 - 1st,NO,YouTubeチェンネル運営ビジネス (https://app.notion.com/p/86f2d2e9f4074174a2e1898ace238df6?pvs=21),1st,2025/12/28,2025年12月21日 17:31
韓国 - 2025-12-27 - 2nd,韓国,アップロード済,SUNNYSH (https://app.notion.com/p/08d06c9684c3467ba3373ef7768d2323?pvs=21),浅はかな韓国へ　金融機能停止警告　経済心臓停止状態,韓国 - 2025-12-27 - 2nd,NO,YouTubeチェンネル運営ビジネス (https://app.notion.com/p/86f2d2e9f4074174a2e1898ace238df6?pvs=21),2nd,2025/12/27,2025年12月21日 17:32
韓国 - 2025-12-29 - 1st,韓国,アップロード済,SUNNYSH (https://app.notion.com/p/08d06c9684c3467ba3373ef7768d2323?pvs=21),日本から電撃公表　遂に韓国観光停止　韓民度肝抜かれ,韓国 - 2025-12-29 - 1st,NO,YouTubeチェンネル運営ビジネス (https://app.notion.com/p/86f2d2e9f4074174a2e1898ace238df6?pvs=21),1st,2025/12/29,2025年12月22日 19:20
韓国 - 2025-12-28 - 2nd,韓国,アップロード済,SUNNYSH (https://app.notion.com/p/08d06c9684c3467ba3373ef7768d2323?pvs=21),勘違いした韓国へ　イギリス重大発表　完全に日本が,韓国 - 2025-12-28 - 2nd,NO,YouTubeチェンネル運営ビジネス (https://app.notion.com/p/86f2d2e9f4074174a2e1898ace238df6?pvs=21),2nd,2025/12/28,2025年12月22日 19:21
,,,,,,,,,,2025年12月22日 20:16
韓国 - 2025-12-29 - 2nd,韓国,アップロード済,SUNNYSH (https://app.notion.com/p/08d06c9684c3467ba3373ef7768d2323?pvs=21),巨大市場から夜逃　泣きつく韓国大損　まさか日本が,韓国 - 2025-12-29 - 2nd,NO,YouTubeチェンネル運営ビジネス (https://app.notion.com/p/86f2d2e9f4074174a2e1898ace238df6?pvs=21),2nd,2025/12/29,2025年12月22日 20:16
韓国 - 2025-12-30 - 1st,韓国,アップロード済,SUNNYSH (https://app.notion.com/p/08d06c9684c3467ba3373ef7768d2323?pvs=21),韓国不渡原因追求　金融機関急遽警告　110兆消えて悲鳴,韓国 - 2025-12-30 - 1st,NO,YouTubeチェンネル運営ビジネス (https://app.notion.com/p/86f2d2e9f4074174a2e1898ace238df6?pvs=21),1st,2025/12/30,2025年12月23日 17:13
韓国 - 2025-12-31 - 1st,韓国,アップロード済,SUNNYSH (https://app.notion.com/p/08d06c9684c3467ba3373ef7768d2323?pvs=21),欧州連合辞退し　韓国完全に終了　日本羨み韓民号泣,韓国 - 2025-12-31 - 1st,NO,YouTubeチェンネル運営ビジネス (https://app.notion.com/p/86f2d2e9f4074174a2e1898ace238df6?pvs=21),1st,2025/12/31,2025年12月23日 17:13
韓国 - 2025-12-30 - 2nd,韓国,アップロード済,SUNNYSH (https://app.notion.com/p/08d06c9684c3467ba3373ef7768d2323?pvs=21),韓国基盤産業失敗　日本受注大儲け　驚愕事実に民悲鳴,韓国 - 2025-12-30 - 2nd,NO,YouTubeチェンネル運営ビジネス (https://app.notion.com/p/86f2d2e9f4074174a2e1898ace238df6?pvs=21),2nd,2025/12/30,2025年12月23日 17:14
韓国 - 2026-01-01 - 1st,韓国,アップロード済,SUNNYSH (https://app.notion.com/p/08d06c9684c3467ba3373ef7768d2323?pvs=21),K防衛が裏で崩壊　韓国拒絶され　最悪シナリオへ,韓国 - 2026-01-01 - 1st,NO,YouTubeチェンネル運営ビジネス (https://app.notion.com/p/86f2d2e9f4074174a2e1898ace238df6?pvs=21),1st,2026/01/01,2025年12月24日 16:59
韓国 - 2025-12-31 - 2nd,韓国,アップロード済,SUNNYSH (https://app.notion.com/p/08d06c9684c3467ba3373ef7768d2323?pvs=21),さすが国際識者　反日国家追放へ　韓国よ日本に謝れ,韓国 - 2025-12-31 - 2nd,NO,YouTubeチェンネル運営ビジネス (https://app.notion.com/p/86f2d2e9f4074174a2e1898ace238df6?pvs=21),2nd,2025/12/31,2025年12月24日 17:01
"韓国 - 2026-01-02 - 1st ",韓国,アップロード済,SUNNYSH (https://app.notion.com/p/08d06c9684c3467ba3373ef7768d2323?pvs=21),韓国、完全衰退で　人もお金も　次々日本へ,韓国 - 2026-01-02 - 1st,NO,YouTubeチェンネル運営ビジネス (https://app.notion.com/p/86f2d2e9f4074174a2e1898ace238df6?pvs=21),1st,2026/01/02,2025年12月26日 16:20
韓国 - 2026-01-01 - 2nd,韓国,アップロード済,SUNNYSH (https://app.notion.com/p/08d06c9684c3467ba3373ef7768d2323?pvs=21),外資売り逃げ　韓国へ冷酷宣言　日本へ土下座か？,韓国 - 2026-01-01 - 2nd,NO,YouTubeチェンネル運営ビジネス (https://app.notion.com/p/86f2d2e9f4074174a2e1898ace238df6?pvs=21),2nd,2026/01/01,2025年12月26日 16:20
韓国 - 2026-01-24 - 3rd,中国,アップロード済,SUNNYSH (https://app.notion.com/p/08d06c9684c3467ba3373ef7768d2323?pvs=21),中国大慌て　メキシコ急変　協約拒否で大損失,中国 - 2025-12-27 - 3rd,NO,YouTubeチェンネル運営ビジネス (https://app.notion.com/p/86f2d2e9f4074174a2e1898ace238df6?pvs=21),3rd,2025/12/27,2025年12月26日 16:21
中国 - 2025-12-28 - 3rd,中国,アップロード済,SUNNYSH (https://app.notion.com/p/08d06c9684c3467ba3373ef7768d2323?pvs=21),洗脳するな　中国民が突然　事実知り日本へ,中国 - 2025-12-28 - 3rd,NO,YouTubeチェンネル運営ビジネス (https://app.notion.com/p/86f2d2e9f4074174a2e1898ace238df6?pvs=21),3rd,2025/12/28,2025年12月26日 16:22
韓国 - 2026-01-03 - 1st,韓国,アップロード済,SUNNYSH (https://app.notion.com/p/08d06c9684c3467ba3373ef7768d2323?pvs=21),腐り切った韓国へ　国際金融まさか　資産没収開始へ,韓国 - 2026-01-03 - 1st,NO,YouTubeチェンネル運営ビジネス (https://app.notion.com/p/86f2d2e9f4074174a2e1898ace238df6?pvs=21),1st,2026/01/03,2025年12月27日 16:51
韓国 - 2026-01-02 - 2nd,韓国,アップロード済,SUNNYSH (https://app.notion.com/p/08d06c9684c3467ba3373ef7768d2323?pvs=21),韓国は消滅へ　政府諦め白旗　民制御不能地獄絵,韓国 - 2026-01-02 - 2nd,NO,YouTubeチェンネル運営ビジネス (https://app.notion.com/p/86f2d2e9f4074174a2e1898ace238df6?pvs=21),2nd,2026/01/02,2025年12月27日 16:52
韓国 - 2026-01-04 - 1st,韓国,アップロード済,SUNNYSH (https://app.notion.com/p/08d06c9684c3467ba3373ef7768d2323?pvs=21),韓国最悪シナリオ　世界が拒絶　重要企業不買開始,韓国 - 2026-01-04 - 1st,NO,YouTubeチェンネル運営ビジネス (https://app.notion.com/p/86f2d2e9f4074174a2e1898ace238df6?pvs=21),1st,2026/01/04,2025年12月29日 13:52
韓国 - 2026-01-03 - 2nd,韓国,アップロード済,SUNNYSH (https://app.notion.com/p/08d06c9684c3467ba3373ef7768d2323?pvs=21),韓国重要業界騒然　排除決定大損害　まさか日本民が,韓国 - 2026-01-03 - 2nd,NO,YouTubeチェンネル運営ビジネス (https://app.notion.com/p/86f2d2e9f4074174a2e1898ace238df6?pvs=21),2nd,2026/01/03,2025年12月29日 13:53
韓国 - 2026-01-05 - 1st,韓国,アップロード済,SUNNYSH (https://app.notion.com/p/08d06c9684c3467ba3373ef7768d2323?pvs=21),竹島新展開　日本の反撃開始　なめた韓国軍一掃,韓国 - 2026-01-05 - 1st,NO,YouTubeチェンネル運営ビジネス (https://app.notion.com/p/86f2d2e9f4074174a2e1898ace238df6?pvs=21),1st,2026/01/05,2025年12月29日 15:46
韓国 - 2026-01-04 - 2nd,韓国,アップロード済,SUNNYSH (https://app.notion.com/p/08d06c9684c3467ba3373ef7768d2323?pvs=21),中国が韓国と絶縁　韓国異変緊急事態　日本が正しかった,韓国 - 2026-01-04 - 2nd,NO,YouTubeチェンネル運営ビジネス (https://app.notion.com/p/86f2d2e9f4074174a2e1898ace238df6?pvs=21),2nd,2026/01/04,2025年12月29日 15:46
韓国 - 2026-01-06 - 1st,韓国,アップロード済,SUNNYSH (https://app.notion.com/p/08d06c9684c3467ba3373ef7768d2323?pvs=21),国際問題批判の嵐　汚れた韓国撃滅へ　日本民の鋭い正論,韓国 - 2026-01-06 - 1st,NO,YouTubeチェンネル運営ビジネス (https://app.notion.com/p/86f2d2e9f4074174a2e1898ace238df6?pvs=21),1st,2026/01/06,2025年12月30日 13:36
韓国 - 2026-01-05 - 2nd,韓国,アップロード済,SUNNYSH (https://app.notion.com/p/08d06c9684c3467ba3373ef7768d2323?pvs=21),哀れ韓国資産没収　必死の抵抗　日本高笑い,韓国 - 2026-01-05 - 2nd,NO,YouTubeチェンネル運営ビジネス (https://app.notion.com/p/86f2d2e9f4074174a2e1898ace238df6?pvs=21),2nd,2026/01/05,2025年12月30日 13:37
韓国 - 2026-01-06 - 2nd,韓国,アップロード済,SUNNYSH (https://app.notion.com/p/08d06c9684c3467ba3373ef7768d2323?pvs=21),日本激怒全て停止　経済金融壊滅へ　韓国大後悔,韓国 - 2026-01-06 - 2nd,NO,YouTubeチェンネル運営ビジネス (https://app.notion.com/p/86f2d2e9f4074174a2e1898ace238df6?pvs=21),2nd,2026/01/06,2025年12月30日 17:57
韓国 - 2026-01-07 - 1st,韓国,アップロード済,SUNNYSH (https://app.notion.com/p/08d06c9684c3467ba3373ef7768d2323?pvs=21),韓国、突如異変が　緊急SOS　もう手遅れ,韓国 - 2026-01-07 - 1st,NO,YouTubeチェンネル運営ビジネス (https://app.notion.com/p/86f2d2e9f4074174a2e1898ace238df6?pvs=21),1st,2026/01/07,2025年12月30日 18:40
韓国 - 2026-01-08 - 1st,韓国,アップロード済,SUNNYSH (https://app.notion.com/p/08d06c9684c3467ba3373ef7768d2323?pvs=21),まさか韓国政府が　事実を認める　「報道は事実です」,韓国 - 2026-01-08 - 1st,NO,YouTubeチェンネル運営ビジネス (https://app.notion.com/p/86f2d2e9f4074174a2e1898ace238df6?pvs=21),1st,2026/01/08,2026年1月1日 13:21
韓国 - 2026-01-07 - 2nd,韓国,アップロード済,SUNNYSH (https://app.notion.com/p/08d06c9684c3467ba3373ef7768d2323?pvs=21),短絡な韓民やっと　日本への賠償請求　おかしいと気づく,韓国 - 2026-01-07 - 2nd,NO,YouTubeチェンネル運営ビジネス (https://app.notion.com/p/86f2d2e9f4074174a2e1898ace238df6?pvs=21),2nd,2026/01/07,2026年1月1日 13:21
中国 - 2026-01-03 - 1st,中国,アップロード済,SUNNYSH (https://app.notion.com/p/08d06c9684c3467ba3373ef7768d2323?pvs=21),やめてくれ！　識者に暴露され　中国政府大狂乱,中国 - 2026-01-03 - 1st,NO,YouTubeチェンネル運営ビジネス (https://app.notion.com/p/86f2d2e9f4074174a2e1898ace238df6?pvs=21),1st,2026/01/03,2026年1月1日 16:08
中国 - 2026-01-04 - 3rd,中国,アップロード済,SUNNYSH (https://app.notion.com/p/08d06c9684c3467ba3373ef7768d2323?pvs=21),もう復旧不可能　中国経済火の車　人もお金も日本へ,中国 - 2026-01-04 - 3rd,NO,YouTubeチェンネル運営ビジネス (https://app.notion.com/p/86f2d2e9f4074174a2e1898ace238df6?pvs=21),3rd,2026/01/04,2026年1月1日 16:11
韓国 - 2026-01-08 - 2nd,韓国,アップロード済,SUNNYSH (https://app.notion.com/p/08d06c9684c3467ba3373ef7768d2323?pvs=21),日本に完全敗北　韓国失敗損害拡大　ここからが地獄,韓国 - 2026-01-08 - 2nd,NO,YouTubeチェンネル運営ビジネス (https://app.notion.com/p/86f2d2e9f4074174a2e1898ace238df6?pvs=21),2nd,2026/01/08,2026年1月3日 12:02
韓国 - 2026-01-09 - 1st,韓国,アップロード済,SUNNYSH (https://app.notion.com/p/08d06c9684c3467ba3373ef7768d2323?pvs=21),韓国、完全衰退へ　メディア報じない　日本の金融属国へ,韓国 - 2026-01-09 - 1st,NO,YouTubeチェンネル運営ビジネス (https://app.notion.com/p/86f2d2e9f4074174a2e1898ace238df6?pvs=21),1st,2026/01/09,2026年1月3日 21:53
韓国 - 2026-01-09 - 2nd,韓国,アップロード済,SUNNYSH (https://app.notion.com/p/08d06c9684c3467ba3373ef7768d2323?pvs=21),韓国政府大慌て　実質レート暴落し　ウォン紙クズへ,韓国 - 2026-01-09 - 2nd,NO,YouTubeチェンネル運営ビジネス (https://app.notion.com/p/86f2d2e9f4074174a2e1898ace238df6?pvs=21),2nd,2026/01/09,2026年1月4日 8:44
韓国 - 2026-01-10 - 1st,韓国,アップロード済,SUNNYSH (https://app.notion.com/p/08d06c9684c3467ba3373ef7768d2323?pvs=21),資金切れ総撤退？　韓国完全に　空虚の国へ…,韓国 - 2026-01-10 - 1st,NO,YouTubeチェンネル運営ビジネス (https://app.notion.com/p/86f2d2e9f4074174a2e1898ace238df6?pvs=21),1st,2026/01/10,2026年1月4日 9:02
韓国 - 2026-01-10 - 2nd,韓国,アップロード済,SUNNYSH (https://app.notion.com/p/08d06c9684c3467ba3373ef7768d2323?pvs=21),アホすぎ経済崩壊　韓国計画大失敗　韓民が絶望地獄絵,韓国 - 2026-01-10 - 2nd,NO,YouTubeチェンネル運営ビジネス (https://app.notion.com/p/86f2d2e9f4074174a2e1898ace238df6?pvs=21),2nd,2026/01/10,2026年1月4日 22:25
韓国 - 2026-01-11 - 1st,韓国,アップロード済,SUNNYSH (https://app.notion.com/p/08d06c9684c3467ba3373ef7768d2323?pvs=21),K防衛消えた　米国政府電撃発表　韓国政府パニック,韓国 - 2026-01-11 - 1st,NO,YouTubeチェンネル運営ビジネス (https://app.notion.com/p/86f2d2e9f4074174a2e1898ace238df6?pvs=21),1st,2026/01/11,2026年1月4日 23:05
韓国 - 2026-01-11 - 2nd,韓国,アップロード済,SUNNYSH (https://app.notion.com/p/08d06c9684c3467ba3373ef7768d2323?pvs=21),韓国大騒ぎ　まさか参加拒否　完全に日本が,韓国 - 2026-01-11 - 2nd,NO,YouTubeチェンネル運営ビジネス (https://app.notion.com/p/86f2d2e9f4074174a2e1898ace238df6?pvs=21),2nd,2026/01/11,2026年1月5日 13:24
韓国 - 2026-01-12 - 1st,韓国,アップロード済,SUNNYSH (https://app.notion.com/p/08d06c9684c3467ba3373ef7768d2323?pvs=21),メディア報じない　経済属国大転落　事実知り韓国民涙,韓国 - 2026-01-12 - 1st,NO,YouTubeチェンネル運営ビジネス (https://app.notion.com/p/86f2d2e9f4074174a2e1898ace238df6?pvs=21),1st,2026/01/12,2026年1月5日 13:24
韓国 - 2026-01-12 - 2nd,韓国,アップロード済,SUNNYSH (https://app.notion.com/p/08d06c9684c3467ba3373ef7768d2323?pvs=21),日本の強烈一撃　韓国経済急所直撃　逃げ場失い崩壊へ,韓国 - 2026-01-12 - 2nd,NO,YouTubeチェンネル運営ビジネス (https://app.notion.com/p/86f2d2e9f4074174a2e1898ace238df6?pvs=21),2nd,2026/01/12,2026年1月6日 11:18
韓国 - 2026-01-13 - 1st,韓国,アップロード済,SUNNYSH (https://app.notion.com/p/08d06c9684c3467ba3373ef7768d2323?pvs=21),台湾が韓国と絶縁　韓国壊滅シナリオ　世界バレてしまう,韓国 - 2026-01-13 - 1st,NO,YouTubeチェンネル運営ビジネス (https://app.notion.com/p/86f2d2e9f4074174a2e1898ace238df6?pvs=21),1st,2026/01/13,2026年1月6日 11:18
韓国 - 2026-01-13 - 2nd,韓国,アップロード済,SUNNYSH (https://app.notion.com/p/08d06c9684c3467ba3373ef7768d2323?pvs=21),韓国全国民騒然　内部崩壊公開処刑　イジェミョン窮地,韓国 - 2026-01-13 - 2nd,NO,YouTubeチェンネル運営ビジネス (https://app.notion.com/p/86f2d2e9f4074174a2e1898ace238df6?pvs=21),2nd,2026/01/13,2026年1月6日 18:55
韓国 - 2026-01-14 - 1st,韓国,アップロード済,SUNNYSH (https://app.notion.com/p/08d06c9684c3467ba3373ef7768d2323?pvs=21),日米ついに決断へ　国家消滅戦慄警告　韓国縮み上がる,韓国 - 2026-01-14 - 1st,NO,YouTubeチェンネル運営ビジネス (https://app.notion.com/p/86f2d2e9f4074174a2e1898ace238df6?pvs=21),1st,2026/01/14,2026年1月6日 18:55
韓国 - 2026-01-21 - 1st,韓国,アップロード済,SUNNYSH (https://app.notion.com/p/08d06c9684c3467ba3373ef7768d2323?pvs=21),韓国の計画大失敗　損失拡大財政破綻　もうお金が・・・,韓国 - 2026-01-21 - 1st,NO,YouTubeチェンネル運営ビジネス (https://app.notion.com/p/86f2d2e9f4074174a2e1898ace238df6?pvs=21),1st,2026/01/21,2026年1月6日 22:48
韓国 - 2026-01-15 - 1st,韓国,アップロード済,SUNNYSH (https://app.notion.com/p/08d06c9684c3467ba3373ef7768d2323?pvs=21),韓国、観光客激減　日本の冷酷戦略　誰も行かなくなる,韓国 - 2026-01-15 - 1st,NO,YouTubeチェンネル運営ビジネス (https://app.notion.com/p/86f2d2e9f4074174a2e1898ace238df6?pvs=21),1st,2026/01/15,2026年1月6日 22:48
中国 - 2026-01-10 - 3rd,中国,アップロード済,SUNNYSH (https://app.notion.com/p/08d06c9684c3467ba3373ef7768d2323?pvs=21),中国、全て裏目へ　調査で分かった　衝撃の崩壊理由,中国 - 2026-01-10 - 3rd,NO,YouTubeチェンネル運営ビジネス (https://app.notion.com/p/86f2d2e9f4074174a2e1898ace238df6?pvs=21),3rd,2026/01/10,2026年1月7日 18:57
中国 - 2026-01-11 - 3rd,中国,アップロード済,SUNNYSH (https://app.notion.com/p/08d06c9684c3467ba3373ef7768d2323?pvs=21),米専門機関が断言　中国あがいても　日本に土下座,中国 - 2026-01-11 - 3rd,NO,YouTubeチェンネル運営ビジネス (https://app.notion.com/p/86f2d2e9f4074174a2e1898ace238df6?pvs=21),3rd,2026/01/11,2026年1月7日 18:59
中国 - 2026-01-09 - 3rd,中国,アップロード済,SUNNYSH (https://app.notion.com/p/08d06c9684c3467ba3373ef7768d2323?pvs=21),【速報】たった今　日本の包囲網に　中国経済壊滅危機,中国 - 2026-01-09 - 3rd,NO,YouTubeチェンネル運営ビジネス (https://app.notion.com/p/86f2d2e9f4074174a2e1898ace238df6?pvs=21),3rd,2026/01/09,2026年1月8日 17:17
韓国 - 2026-01-16 - 1st,韓国,アップロード済,SUNNYSH (https://app.notion.com/p/08d06c9684c3467ba3373ef7768d2323?pvs=21),韓国大慌て　イタリア急変　まさか表明に涙目,韓国 - 2026-01-16 - 1st,NO,YouTubeチェンネル運営ビジネス (https://app.notion.com/p/86f2d2e9f4074174a2e1898ace238df6?pvs=21),1st,2026/01/16,2026年1月8日 22:33
韓国 - 2026-01-21 - 2nd,韓国,アップロード済,SUNNYSH (https://app.notion.com/p/08d06c9684c3467ba3373ef7768d2323?pvs=21),韓国腰抜かす　財産没収航空産業　日本は完全無視,韓国 - 2026-01-21 - 2nd,NO,YouTubeチェンネル運営ビジネス (https://app.notion.com/p/86f2d2e9f4074174a2e1898ace238df6?pvs=21),2nd,2026/01/21,2026年1月9日 0:17
韓国 - 2026-01-16 - 2nd,韓国,アップロード済,SUNNYSH (https://app.notion.com/p/08d06c9684c3467ba3373ef7768d2323?pvs=21),日本どうかやめて　韓国政府騒然　8割入国拒否,韓国 - 2026-01-22 - 1st,NO,YouTubeチェンネル運営ビジネス (https://app.notion.com/p/86f2d2e9f4074174a2e1898ace238df6?pvs=21),1st,2026/01/22,2026年1月10日 0:04
韓国 - 2026-01-17 - 1st,韓国,アップロード済,SUNNYSH (https://app.notion.com/p/08d06c9684c3467ba3373ef7768d2323?pvs=21),韓国輸出産業騒然　国際取引大損害　まさか日米墨が,韓国 - 2026-01-17 - 1st,NO,YouTubeチェンネル運営ビジネス (https://app.notion.com/p/86f2d2e9f4074174a2e1898ace238df6?pvs=21),1st,2026/01/17,2026年1月10日 0:06
韓国 - 2026-01-17 - 2nd,韓国,アップロード済,SUNNYSH (https://app.notion.com/p/08d06c9684c3467ba3373ef7768d2323?pvs=21),韓民事実知り後悔　韓国政府大慌て　日本が正しかった,韓国 - 2026-01-17 - 2nd,NO,YouTubeチェンネル運営ビジネス (https://app.notion.com/p/86f2d2e9f4074174a2e1898ace238df6?pvs=21),2nd,2026/01/17,2026年1月11日 11:42
韓国 - 2026-01-18 - 1st狂態,韓国,アップロード済,SUNNYSH (https://app.notion.com/p/08d06c9684c3467ba3373ef7768d2323?pvs=21),韓国政府崩壊危機　イジェミョン絶望　全土弾劾デモ拡大,韓国 - 2026-01-18 - 1st,NO,YouTubeチェンネル運営ビジネス (https://app.notion.com/p/86f2d2e9f4074174a2e1898ace238df6?pvs=21),1st,2026/01/18,2026年1月11日 11:43
韓国 - 2026-01-24 - 2nd,韓国,投稿日保留,SUNNYSH (https://app.notion.com/p/08d06c9684c3467ba3373ef7768d2323?pvs=21),韓国基盤業界壊滅　日本受注増大儲け　事実知り韓民悲鳴,韓国 - 2026-01-24 - 2nd,NO,YouTubeチェンネル運営ビジネス (https://app.notion.com/p/86f2d2e9f4074174a2e1898ace238df6?pvs=21),2nd,2026/01/24,2026年1月11日 23:11
韓国 - 2026-01-19 - 1st,韓国,アップロード済,SUNNYSH (https://app.notion.com/p/08d06c9684c3467ba3373ef7768d2323?pvs=21),韓国必死の懇願　日本あっさり拒否　一夜でシェア壊滅,韓国 - 2026-01-19 - 1st,NO,YouTubeチェンネル運営ビジネス (https://app.notion.com/p/86f2d2e9f4074174a2e1898ace238df6?pvs=21),1st,2026/01/19,2026年1月11日 23:15
韓国 - 2026-01-19 - 2nd,韓国,アップロード済,SUNNYSH (https://app.notion.com/p/08d06c9684c3467ba3373ef7768d2323?pvs=21),嘘が限界　韓国が急変し　旭日旗容認世界へ,韓国 - 2026-01-19 - 2nd,NO,YouTubeチェンネル運営ビジネス (https://app.notion.com/p/86f2d2e9f4074174a2e1898ace238df6?pvs=21),2nd,2026/01/19,2026年1月13日 0:52
韓国 - 2026-01-20 - 1st,韓国,アップロード済,SUNNYSH (https://app.notion.com/p/08d06c9684c3467ba3373ef7768d2323?pvs=21),ドロ沼の韓国経済　研究機関が調査　想像以上復旧不能,韓国 - 2026-01-20 - 1st,NO,YouTubeチェンネル運営ビジネス (https://app.notion.com/p/86f2d2e9f4074174a2e1898ace238df6?pvs=21),1st,2026/01/20,2026年1月13日 0:52
韓国 - 2026-01-20 - 2nd,韓国,アップロード済,SUNNYSH (https://app.notion.com/p/08d06c9684c3467ba3373ef7768d2323?pvs=21),協約破棄続出　韓国完全に　空虚の国へ,韓国 - 2026-01-20 - 2nd,NO,YouTubeチェンネル運営ビジネス (https://app.notion.com/p/86f2d2e9f4074174a2e1898ace238df6?pvs=21),2nd,2026/01/20,2026年1月13日 1:08
韓国 - 2026-01-14 - 2nd,韓国,アップロード済,SUNNYSH (https://app.notion.com/p/08d06c9684c3467ba3373ef7768d2323?pvs=21),【速報】たった今　頼みの日本が辞退　韓国本土大慌て,韓国 - 2026-01-14 - 2nd,NO,YouTubeチェンネル運営ビジネス (https://app.notion.com/p/86f2d2e9f4074174a2e1898ace238df6?pvs=21),2nd,2026/01/14,2026年1月13日 1:09
韓国 - 2026-01-15 - 2nd,韓国,アップロード済,SUNNYSH (https://app.notion.com/p/08d06c9684c3467ba3373ef7768d2323?pvs=21),泣きつき媚びる　韓国正気？　日本絶句,韓国 - 2026-01-15 - 2nd,NO,YouTubeチェンネル運営ビジネス (https://app.notion.com/p/86f2d2e9f4074174a2e1898ace238df6?pvs=21),2nd,2026/01/15,2026年1月13日 23:41
中国 - 2026-01-17 - 3rd,中国,アップロード済,SUNNYSH (https://app.notion.com/p/08d06c9684c3467ba3373ef7768d2323?pvs=21),日米欧不参加決定　世界が賛同　中国まさか9割減,中国 - 2026-01-17 - 3rd,NO,YouTubeチェンネル運営ビジネス (https://app.notion.com/p/86f2d2e9f4074174a2e1898ace238df6?pvs=21),3rd,2026/01/17,2026年1月14日 0:04
中国 - 2026-01-18 - 3rd,中国,アップロード済,SUNNYSH (https://app.notion.com/p/08d06c9684c3467ba3373ef7768d2323?pvs=21),日本に完全騙され　恐怖に怯える中国　必死の抵抗,中国 - 2026-01-18 - 3rd,NO,YouTubeチェンネル運営ビジネス (https://app.notion.com/p/86f2d2e9f4074174a2e1898ace238df6?pvs=21),3rd,2026/01/18,2026年1月14日 18:20
韓国 - 2026-01-21 - 2nd,韓国,アップロード済,SUNNYSH (https://app.notion.com/p/08d06c9684c3467ba3373ef7768d2323?pvs=21),韓国銀行連鎖破綻　地獄が現実化　日本は助けず無視,韓国 - 2026-01-22 - 2nd,NO,YouTubeチェンネル運営ビジネス (https://app.notion.com/p/86f2d2e9f4074174a2e1898ace238df6?pvs=21),2nd,2026/01/22,2026年1月15日 10:41
韓国 - 2026-01-16 - 2nd,韓国,アップロード済,SUNNYSH (https://app.notion.com/p/08d06c9684c3467ba3373ef7768d2323?pvs=21),韓国絶句　まさかここで　日本驚愕発表世界へ,韓国 - 2026-01-16 - 2nd,NO,YouTubeチェンネル運営ビジネス (https://app.notion.com/p/86f2d2e9f4074174a2e1898ace238df6?pvs=21),2nd,2026/01/16,2026年1月15日 10:42
韓国 - 2026-01-23 - 1st,韓国,アップロード済,SUNNYSH (https://app.notion.com/p/08d06c9684c3467ba3373ef7768d2323?pvs=21),これが韓国リアル　日本報道されない　衝撃過ぎる貧困,韓国 - 2026-01-23 - 1st,NO,YouTubeチェンネル運営ビジネス (https://app.notion.com/p/86f2d2e9f4074174a2e1898ace238df6?pvs=21),1st,2026/01/23,2026年1月15日 17:13
韓国 - 2026-01-23 - 2nd,韓国,アップロード済,SUNNYSH (https://app.notion.com/p/08d06c9684c3467ba3373ef7768d2323?pvs=21),財務機関電撃警告　韓国と関わるな　国家破綻秒読み,韓国 - 2026-01-23 - 2nd,NO,YouTubeチェンネル運営ビジネス (https://app.notion.com/p/86f2d2e9f4074174a2e1898ace238df6?pvs=21),2nd,2026/01/23,2026年1月15日 21:00
韓国 - 2026-01-24 - 1st,韓国,アップロード済,SUNNYSH (https://app.notion.com/p/08d06c9684c3467ba3373ef7768d2323?pvs=21),韓国正気か　やばい貧困原因　世界が度肝抜かれ,韓国 - 2026-01-24 - 1st,NO,YouTubeチェンネル運営ビジネス (https://app.notion.com/p/86f2d2e9f4074174a2e1898ace238df6?pvs=21),1st,2026/01/24,2026年1月15日 21:00
韓国 - 2026-01-24 - 2nd,韓国,投稿日保留,SUNNYSH (https://app.notion.com/p/08d06c9684c3467ba3373ef7768d2323?pvs=21),【速報】たった今　韓国元大統領へ　死刑求刑,韓国 - 2026-01-18 - 2nd,NO,YouTubeチェンネル運営ビジネス (https://app.notion.com/p/86f2d2e9f4074174a2e1898ace238df6?pvs=21),2nd,2026/01/18,2026年1月15日 21:01
韓国 - 2026-01-25 - 1st,韓国,アップロード済,SUNNYSH (https://app.notion.com/p/08d06c9684c3467ba3373ef7768d2323?pvs=21),麻生太郎乗り込み　とんでもない要求　韓国慌て譲歩か,韓国 - 2026-01-25 - 1st,NO,YouTubeチェンネル運営ビジネス (https://app.notion.com/p/86f2d2e9f4074174a2e1898ace238df6?pvs=21),1st,2026/01/25,2026年1月15日 21:02
韓国 - 2026-01-25 - 2nd,韓国,アップロード済,SUNNYSH (https://app.notion.com/p/08d06c9684c3467ba3373ef7768d2323?pvs=21),浅はかな韓国へ　国際機関一斉警告　19兆消え悲鳴,韓国 - 2026-01-25 - 2nd,NO,YouTubeチェンネル運営ビジネス (https://app.notion.com/p/86f2d2e9f4074174a2e1898ace238df6?pvs=21),2nd,2026/01/25,2026年1月16日 21:31
中国 - 2026-01-25 - 3rd,中国,アップロード済,SUNNYSH (https://app.notion.com/p/08d06c9684c3467ba3373ef7768d2323?pvs=21),完全敗北総撤退　中国完全に　空虚の国へ,中国 - 2026-01-25 - 3rd,NO,YouTubeチェンネル運営ビジネス (https://app.notion.com/p/86f2d2e9f4074174a2e1898ace238df6?pvs=21),3rd,2026/01/25,2026年1月17日 11:35
中国 - 2026-01-24 - 3rd,中国,アップロード済,SUNNYSH (https://app.notion.com/p/08d06c9684c3467ba3373ef7768d2323?pvs=21),米国フル制裁発動　燃料止められ　中国経済壊滅状態,中国 - 2026-01-24 - 3rd,NO,YouTubeチェンネル運営ビジネス (https://app.notion.com/p/86f2d2e9f4074174a2e1898ace238df6?pvs=21),3rd,2026/01/24,2026年1月17日 11:36
韓国 - 2026-01-26 - 1st,韓国,アップロード済,SUNNYSH (https://app.notion.com/p/08d06c9684c3467ba3373ef7768d2323?pvs=21),米国最大切札発動　韓国政府絶句　韓民反応凄い事に,韓国 - 2026-01-26 - 1st,,YouTubeチェンネル運営ビジネス (https://app.notion.com/p/86f2d2e9f4074174a2e1898ace238df6?pvs=21),1st,2026/01/26,2026年1月18日 14:07
韓国 - 2026-01-26 - 2nd,韓国,アップロード済,SUNNYSH (https://app.notion.com/p/08d06c9684c3467ba3373ef7768d2323?pvs=21),韓国とんでも要求　日本が即断り完了　世界中が続々断韓,韓国 - 2026-01-26 - 2nd,,YouTubeチェンネル運営ビジネス (https://app.notion.com/p/86f2d2e9f4074174a2e1898ace238df6?pvs=21),2nd,2026/01/26,2026年1月18日 14:07
韓国 - 2026-01-27 - 1st,中国,アップロード済,SUNNYSH (https://app.notion.com/p/08d06c9684c3467ba3373ef7768d2323?pvs=21),習近平って・・・　中国民気付いた　国家破滅が間近,中国 - 2026-01-27 - 1st,,YouTubeチェンネル運営ビジネス (https://app.notion.com/p/86f2d2e9f4074174a2e1898ace238df6?pvs=21),1st,2026/01/27,2026年1月18日 14:07
韓国 - 2026-01-27 - 2nd,韓国,アップロード済,SUNNYSH (https://app.notion.com/p/08d06c9684c3467ba3373ef7768d2323?pvs=21),韓国世界中で排除　倒産拡大止まらず　日本の下請けへ,韓国 - 2026-01-27 - 2nd,,YouTubeチェンネル運営ビジネス (https://app.notion.com/p/86f2d2e9f4074174a2e1898ace238df6?pvs=21),2nd,2026/01/27,2026年1月19日 10:24
韓国 - 2026-01-28 - 1st,韓国,アップロード済,SUNNYSH (https://app.notion.com/p/08d06c9684c3467ba3373ef7768d2323?pvs=21),洗脳するな　韓民怒りの審判　韓国政府突然後悔,韓国 - 2026-01-28 - 1st,,YouTubeチェンネル運営ビジネス (https://app.notion.com/p/86f2d2e9f4074174a2e1898ace238df6?pvs=21),1st,2026/01/28,2026年1月19日 10:24
韓国 - 2026-01-28 - 2nd,韓国,アップロード済,SUNNYSH (https://app.notion.com/p/08d06c9684c3467ba3373ef7768d2323?pvs=21),関税100％で　韓国輸出壊滅状態　日本儲り腰抜かす,韓国 - 2026-01-28 - 2nd,,YouTubeチェンネル運営ビジネス (https://app.notion.com/p/86f2d2e9f4074174a2e1898ace238df6?pvs=21),2nd,2026/01/28,2026年1月20日 1:44
韓国 - 2026-01-29 - 1st,韓国,アップロード済,SUNNYSH (https://app.notion.com/p/08d06c9684c3467ba3373ef7768d2323?pvs=21),領空侵犯は許さん　韓国に最終通告　日本民の鋭い正論,韓国 - 2026-01-29 - 1st,,YouTubeチェンネル運営ビジネス (https://app.notion.com/p/86f2d2e9f4074174a2e1898ace238df6?pvs=21),1st,2026/01/29,2026年1月20日 1:45
中国 - 2026-01-29 - 2nd,中国,アップロード済,SUNNYSH (https://app.notion.com/p/08d06c9684c3467ba3373ef7768d2323?pvs=21),中国が完全衰退　人もお金も　全て日本へ,中国 - 2026-01-29 - 2nd,,YouTubeチェンネル運営ビジネス (https://app.notion.com/p/86f2d2e9f4074174a2e1898ace238df6?pvs=21),2nd,2026/01/29,2026年1月20日 1:45
韓国 - 2026-01-30 - 1st,韓国,アップロード済,SUNNYSH (https://app.notion.com/p/08d06c9684c3467ba3373ef7768d2323?pvs=21),韓国アホすぎ暴落　大統領交代劇　経済壊滅で民絶叫,韓国 - 2026-01-30 - 1st,,YouTubeチェンネル運営ビジネス (https://app.notion.com/p/86f2d2e9f4074174a2e1898ace238df6?pvs=21),1st,2026/01/30,2026年1月20日 1:46
韓国 - 2026-01-30 - 2nd,韓国,アップロード済,SUNNYSH (https://app.notion.com/p/08d06c9684c3467ba3373ef7768d2323?pvs=21),李在明世界の前で　日本に完全敗北　驚愕展開韓国発狂,韓国 - 2026-01-30 - 2nd,,YouTubeチェンネル運営ビジネス (https://app.notion.com/p/86f2d2e9f4074174a2e1898ace238df6?pvs=21),2nd,2026/01/30,2026年1月21日 21:53
韓国 - 2026-01-31 - 1st,韓国,アップロード済,SUNNYSH (https://app.notion.com/p/08d06c9684c3467ba3373ef7768d2323?pvs=21),世界の強烈一手　やばい見せしめ　韓国大パニック,韓国 - 2026-01-31 - 1st,,YouTubeチェンネル運営ビジネス (https://app.notion.com/p/86f2d2e9f4074174a2e1898ace238df6?pvs=21),1st,2026/01/31,2026年1月21日 21:53
韓国 - 2026-01-31 - 2nd,韓国,アップロード済,SUNNYSH (https://app.notion.com/p/08d06c9684c3467ba3373ef7768d2323?pvs=21),韓国屈辱発表　国際機関断固拒否　日本にまさか,韓国 - 2026-01-31 - 2nd,,YouTubeチェンネル運営ビジネス (https://app.notion.com/p/86f2d2e9f4074174a2e1898ace238df6?pvs=21),2nd,2026/01/31,2026年1月21日 21:54
韓国 - 2026-02-01 - 1st,韓国,アップロード済,SUNNYSH (https://app.notion.com/p/08d06c9684c3467ba3373ef7768d2323?pvs=21),日本から電撃公表　遂に韓国入国停止　韓民度肝抜かれて,韓国 - 2026-02-01 - 1st,,YouTubeチェンネル運営ビジネス (https://app.notion.com/p/86f2d2e9f4074174a2e1898ace238df6?pvs=21),1st,2026/02/01,2026年1月21日 21:54
韓国 - 2026-02-01 - 2nd,韓国,アップロード済,SUNNYSH (https://app.notion.com/p/08d06c9684c3467ba3373ef7768d2323?pvs=21),韓国必死の懇願　日本あっさり辞退　事実知り韓民騒然,韓国 - 2026-02-01 - 2nd,,YouTubeチェンネル運営ビジネス (https://app.notion.com/p/86f2d2e9f4074174a2e1898ace238df6?pvs=21),2nd,2026/02/01,2026年1月23日 10:44
中国 - 2026-01-31 - 3rd,中国,アップロード済,SUNNYSH (https://app.notion.com/p/08d06c9684c3467ba3373ef7768d2323?pvs=21),ついに認めた　負債比率400％超　中国経済断末魔,中国 - 2026-01-31 - 3rd,,YouTubeチェンネル運営ビジネス (https://app.notion.com/p/86f2d2e9f4074174a2e1898ace238df6?pvs=21),3rd,2026/01/31,2026年1月23日 10:45
韓国 - 2026-02-02 - 1st,韓国,アップロード済,SUNNYSH (https://app.notion.com/p/08d06c9684c3467ba3373ef7768d2323?pvs=21),韓国の計画大失敗　イタリア完全辞退　理由バレ韓民絶望,韓国 - 2026-02-02 - 1st,,YouTubeチェンネル運営ビジネス (https://app.notion.com/p/86f2d2e9f4074174a2e1898ace238df6?pvs=21),1st,2026/02/02,2026年1月23日 10:51
中国 - 2026-02-01 - 3rd,中国,アップロード済,SUNNYSH (https://app.notion.com/p/08d06c9684c3467ba3373ef7768d2323?pvs=21),習近平大暴走で　韓より中国先崩壊　驚愕理由に民騒然,中国 - 2026-02-01 - 3rd,,YouTubeチェンネル運営ビジネス (https://app.notion.com/p/86f2d2e9f4074174a2e1898ace238df6?pvs=21),3rd,2026/02/01,2026年1月23日 10:53
韓国 - 2026-02-02 - 2nd,韓国,アップロード済,SUNNYSH (https://app.notion.com/p/08d06c9684c3467ba3373ef7768d2323?pvs=21),狂気の契約不履行　韓国、自ら破滅へ　遂に初めて米国が,韓国 - 2026-02-02 - 2nd,,YouTubeチェンネル運営ビジネス (https://app.notion.com/p/86f2d2e9f4074174a2e1898ace238df6?pvs=21),2nd,2026/02/02,2026年1月25日 19:50
韓国 - 2026-02-03 - 1st,韓国,アップロード済,SUNNYSH (https://app.notion.com/p/08d06c9684c3467ba3373ef7768d2323?pvs=21),韓国が限界認め　残念な結果に　日本の大反撃,韓国 - 2026-02-03 - 1st,,YouTubeチェンネル運営ビジネス (https://app.notion.com/p/86f2d2e9f4074174a2e1898ace238df6?pvs=21),1st,2026/02/03,2026年1月25日 19:50
韓国 - 2026-02-03 - 2nd,中国,アップロード済,SUNNYSH (https://app.notion.com/p/08d06c9684c3467ba3373ef7768d2323?pvs=21),中国政府支払不能　上海大連次々崩壊　400万社倒産,中国 - 2026-02-03 - 2nd,,YouTubeチェンネル運営ビジネス (https://app.notion.com/p/86f2d2e9f4074174a2e1898ace238df6?pvs=21),2nd,2026/02/03,2026年1月25日 19:51
韓国 - 2026-02-04 - 1st,韓国,アップロード済,SUNNYSH (https://app.notion.com/p/08d06c9684c3467ba3373ef7768d2323?pvs=21),全個体電池完成　韓国廃車で大損害　日本儲り腰抜かす,韓国 - 2026-02-04 - 1st,,YouTubeチェンネル運営ビジネス (https://app.notion.com/p/86f2d2e9f4074174a2e1898ace238df6?pvs=21),1st,2026/02/04,2026年1月25日 19:51
韓国 - 2026-02-04 - 2nd,韓国,アップロード済,SUNNYSH (https://app.notion.com/p/08d06c9684c3467ba3373ef7768d2323?pvs=21),韓国まさか　激震発表　韓民に悲鳴の嵐,韓国 - 2026-02-04 - 2nd,,YouTubeチェンネル運営ビジネス (https://app.notion.com/p/86f2d2e9f4074174a2e1898ace238df6?pvs=21),2nd,2026/02/04,2026年1月27日 19:27
韓国 - 2026-02-05 - 1st,韓国,アップロード済,SUNNYSH (https://app.notion.com/p/08d06c9684c3467ba3373ef7768d2323?pvs=21),国際問題批判殺到　腐った韓国追放へ　日本民の鋭い正論,韓国 - 2026-02-05 - 1st,,YouTubeチェンネル運営ビジネス (https://app.notion.com/p/86f2d2e9f4074174a2e1898ace238df6?pvs=21),1st,2026/02/05,2026年1月27日 19:27
韓国 - 2026-02-05 - 2nd,中国,アップロード済,SUNNYSH (https://app.notion.com/p/08d06c9684c3467ba3373ef7768d2323?pvs=21),売ってくれと懇願　日本の冷酷戦略　中国大企業ゴミに,中国 - 2026-02-05 - 2nd,,YouTubeチェンネル運営ビジネス (https://app.notion.com/p/86f2d2e9f4074174a2e1898ace238df6?pvs=21),2nd,2026/02/05,2026年1月27日 19:28
韓国 - 2026-02-06 - 1st,韓国,アップロード済,SUNNYSH (https://app.notion.com/p/08d06c9684c3467ba3373ef7768d2323?pvs=21),世界で支払い不能　韓国極貧へ大転落　国家破産秒読開始,韓国 - 2026-02-06 - 1st,,YouTubeチェンネル運営ビジネス (https://app.notion.com/p/86f2d2e9f4074174a2e1898ace238df6?pvs=21),1st,2026/02/06,2026年1月27日 19:28
韓国 - 2026-02-06 - 2nd,韓国,アップロード済,SUNNYSH (https://app.notion.com/p/08d06c9684c3467ba3373ef7768d2323?pvs=21),韓国銀行連鎖破産　日本は助けず無視　これからが地獄,韓国 - 2026-02-06 - 2nd,,YouTubeチェンネル運営ビジネス (https://app.notion.com/p/86f2d2e9f4074174a2e1898ace238df6?pvs=21),2nd,2026/02/06,2026年1月29日 22:48
韓国 - 2026-02-07 - 1st,韓国,アップロード済,SUNNYSH (https://app.notion.com/p/08d06c9684c3467ba3373ef7768d2323?pvs=21),お花畑の韓国へ　ラオスが資産没収　実はカンボジアも,韓国 - 2026-02-07 - 1st,,YouTubeチェンネル運営ビジネス (https://app.notion.com/p/86f2d2e9f4074174a2e1898ace238df6?pvs=21),1st,2026/02/07,2026年1月29日 22:48
韓国 - 2026-02-07 - 2nd,韓国,アップロード済,SUNNYSH (https://app.notion.com/p/08d06c9684c3467ba3373ef7768d2323?pvs=21),日本強気断韓宣言　韓国大混乱　ついに全アジアが,韓国 - 2026-02-13 - 2nd,,YouTubeチェンネル運営ビジネス (https://app.notion.com/p/86f2d2e9f4074174a2e1898ace238df6?pvs=21),2nd,2026/02/13,2026年1月29日 22:48
韓国 - 2026-02-08 - 1st,韓国,アップロード済,SUNNYSH (https://app.notion.com/p/08d06c9684c3467ba3373ef7768d2323?pvs=21),日本が世界の覇権　韓国が下請け　完全衰退屈辱後悔,韓国 - 2026-02-08 - 1st,,YouTubeチェンネル運営ビジネス (https://app.notion.com/p/86f2d2e9f4074174a2e1898ace238df6?pvs=21),1st,2026/02/08,2026年1月29日 22:48
" 韓国 - 2026-02-08 - 2nd",韓国,アップロード済,SUNNYSH (https://app.notion.com/p/08d06c9684c3467ba3373ef7768d2323?pvs=21),ついに日本が主役　韓国落ちぶれ消滅　日米大笑い,韓国 - 2026-02-08 - 2nd,,YouTubeチェンネル運営ビジネス (https://app.notion.com/p/86f2d2e9f4074174a2e1898ace238df6?pvs=21),2nd,2026/02/08,2026年1月31日 11:37
韓国 - 2026-02-09 - 1st,韓国,アップロード済,SUNNYSH (https://app.notion.com/p/08d06c9684c3467ba3373ef7768d2323?pvs=21),韓国緊急SOS　日本断固拒否　受け入れ先無し,韓国 - 2026-02-09 - 1st,,YouTubeチェンネル運営ビジネス (https://app.notion.com/p/86f2d2e9f4074174a2e1898ace238df6?pvs=21),1st,2026/02/09,2026年1月31日 11:40
韓国 - 2026-02-09 - 2nd,韓国,アップロード済,SUNNYSH (https://app.notion.com/p/08d06c9684c3467ba3373ef7768d2323?pvs=21),K防衛壊滅へ　日本自衛電撃発表　韓国政府大混乱,韓国 - 2026-02-09 - 2nd,,YouTubeチェンネル運営ビジネス (https://app.notion.com/p/86f2d2e9f4074174a2e1898ace238df6?pvs=21),2nd,2026/02/09,2026年1月31日 11:40
韓国 - 2026-02-09 - 1st,韓国,アップロード済,SUNNYSH (https://app.notion.com/p/08d06c9684c3467ba3373ef7768d2323?pvs=21),勘違いの韓国へ　国際識者重大告白　日本が正しかった,韓国 - 2026-02-10 - 1st,,YouTubeチェンネル運営ビジネス (https://app.notion.com/p/86f2d2e9f4074174a2e1898ace238df6?pvs=21),1st,2026/02/10,2026年1月31日 11:40
中国 - 2026-02-07 - 3rd,中国,アップロード済,SUNNYSH (https://app.notion.com/p/08d06c9684c3467ba3373ef7768d2323?pvs=21),中国とんでも要求　日本に阻まれ失敗　世界中が断中へ,中国 - 2026-02-07 - 3rd,,YouTubeチェンネル運営ビジネス (https://app.notion.com/p/86f2d2e9f4074174a2e1898ace238df6?pvs=21),3rd,2026/02/07,2026年1月31日 16:36
中国 - 2026-02-08 - 3rd,中国,アップロード済,SUNNYSH (https://app.notion.com/p/08d06c9684c3467ba3373ef7768d2323?pvs=21),遂に中国人民発狂　クーデター大頻発　暴徒化で制御不能,中国 - 2026-02-08 - 3rd,,YouTubeチェンネル運営ビジネス (https://app.notion.com/p/86f2d2e9f4074174a2e1898ace238df6?pvs=21),3rd,2026/02/08,2026年1月31日 16:38
中国 - 2026-02-10 - 2nd,中国,アップロード済,SUNNYSH (https://app.notion.com/p/08d06c9684c3467ba3373ef7768d2323?pvs=21),"日本怒り心頭　中国手遅れ　史上最大外交屈辱 ",中国 - 2026-02-10 - 2nd,,YouTubeチェンネル運営ビジネス (https://app.notion.com/p/86f2d2e9f4074174a2e1898ace238df6?pvs=21),2nd,2026/02/10,2026年2月2日 18:57
韓国 - 2026-02-11 - 1st,韓国,アップロード済,SUNNYSH (https://app.notion.com/p/08d06c9684c3467ba3373ef7768d2323?pvs=21),"巨大市場から夜逃　泣きつく韓国大損　まさか日本が ",韓国 - 2026-02-11 - 1st,,YouTubeチェンネル運営ビジネス (https://app.notion.com/p/86f2d2e9f4074174a2e1898ace238df6?pvs=21),1st,2026/02/11,2026年2月2日 18:57
韓国 - 2026-02-11 - 2nd,韓国,アップロード済,SUNNYSH (https://app.notion.com/p/08d06c9684c3467ba3373ef7768d2323?pvs=21),日本の強力一手　財閥を生産停止へ　韓国経済大打撃,韓国 - 2026-02-11 - 2nd,,YouTubeチェンネル運営ビジネス (https://app.notion.com/p/86f2d2e9f4074174a2e1898ace238df6?pvs=21),2nd,2026/02/11,2026年2月2日 19:06
韓国 - 2026-02-12 - 1st,韓国,アップロード済,SUNNYSH (https://app.notion.com/p/08d06c9684c3467ba3373ef7768d2323?pvs=21),Kインフラ消滅へ　韓国政府壊滅発表　日本どうか助けて,韓国 - 2026-02-12 - 1st,,YouTubeチェンネル運営ビジネス (https://app.notion.com/p/86f2d2e9f4074174a2e1898ace238df6?pvs=21),1st,2026/02/12,2026年2月2日 19:06
韓国 - 2026-02-28 - 1st,韓国,アップロード済,SUNNYSH (https://app.notion.com/p/08d06c9684c3467ba3373ef7768d2323?pvs=21),日本不参加決定？　まさか尼国が　韓国騒然,韓国 - 2026-02-28 - 1st,,YouTubeチェンネル運営ビジネス (https://app.notion.com/p/86f2d2e9f4074174a2e1898ace238df6?pvs=21),1st,2026/02/28,2026年2月2日 19:06
韓国 - 2026-02-12 - 2nd,中国,アップロード済,SUNNYSH (https://app.notion.com/p/08d06c9684c3467ba3373ef7768d2323?pvs=21),中国政府が崩壊へ　最高幹部粛清！　国民怒りの審判,中国 - 2026-02-12 - 2nd,,YouTubeチェンネル運営ビジネス (https://app.notion.com/p/86f2d2e9f4074174a2e1898ace238df6?pvs=21),2nd,2026/02/12,2026年2月4日 18:48
韓国 - 2026-02-13 - 1st,韓国,アップロード済,SUNNYSH (https://app.notion.com/p/08d06c9684c3467ba3373ef7768d2323?pvs=21),韓国大騒ぎ　イギリス参加拒否　完全に日本が,韓国 - 2026-02-07 - 1st,,YouTubeチェンネル運営ビジネス (https://app.notion.com/p/86f2d2e9f4074174a2e1898ace238df6?pvs=21),1st,2026/02/07,2026年2月4日 18:48
韓国 - 2026-02-13 - 2nd,中国,アップロード済,SUNNYSH (https://app.notion.com/p/08d06c9684c3467ba3373ef7768d2323?pvs=21),中国経済火の車　1000兆消滅へ　まさか日本が,中国 - 2026-02-13 - 2nd,,YouTubeチェンネル運営ビジネス (https://app.notion.com/p/86f2d2e9f4074174a2e1898ace238df6?pvs=21),2nd,2026/02/13,2026年2月4日 18:48
韓国 - 2026-02-14 - 1st,韓国,アップロード済,SUNNYSH (https://app.notion.com/p/08d06c9684c3467ba3373ef7768d2323?pvs=21),インド急加速に　日米唖然　韓国態度急変？,韓国 - 2026-02-14 - 1st,,YouTubeチェンネル運営ビジネス (https://app.notion.com/p/86f2d2e9f4074174a2e1898ace238df6?pvs=21),1st,2026/02/14,2026年2月4日 18:49
韓国 - 2026-02-14 - 2nd,韓国,アップロード済,SUNNYSH (https://app.notion.com/p/08d06c9684c3467ba3373ef7768d2323?pvs=21),世界で批判殺到　汚れた韓国撃滅へ　日本民の鋭い正論,韓国 - 2026-02-14 - 2nd,,YouTubeチェンネル運営ビジネス (https://app.notion.com/p/86f2d2e9f4074174a2e1898ace238df6?pvs=21),2nd,2026/02/14,2026年2月6日 9:55
韓国 - 2026-02-15 - 1st,韓国,アップロード済,SUNNYSH (https://app.notion.com/p/08d06c9684c3467ba3373ef7768d2323?pvs=21),泣きつく　韓国大損害　日本儲り腰抜かす,韓国 - 2026-02-15 - 1st,,YouTubeチェンネル運営ビジネス (https://app.notion.com/p/86f2d2e9f4074174a2e1898ace238df6?pvs=21),1st,2026/02/15,2026年2月6日 9:56
韓国 - 2026-02-15 - 2nd,韓国,アップロード済,SUNNYSH (https://app.notion.com/p/08d06c9684c3467ba3373ef7768d2323?pvs=21),事実知り韓民悲鳴　韓国政府大慌て　日本が正しかった,韓国 - 2026-02-15 - 2nd,,YouTubeチェンネル運営ビジネス (https://app.notion.com/p/86f2d2e9f4074174a2e1898ace238df6?pvs=21),2nd,2026/02/15,2026年2月6日 9:57
韓国 - 2026-02-16 - 1st,韓国,アップロード済,SUNNYSH (https://app.notion.com/p/08d06c9684c3467ba3373ef7768d2323?pvs=21),高市首相緊急声明　驚愕発覚　韓国政府に激震が,韓国 - 2026-02-16 - 1st,要検証,YouTubeチェンネル運営ビジネス (https://app.notion.com/p/86f2d2e9f4074174a2e1898ace238df6?pvs=21),1st,2026/02/16,2026年2月6日 9:57
韓国 - 2026-02-23 - 1st,韓国,アップロード済,SUNNYSH (https://app.notion.com/p/08d06c9684c3467ba3373ef7768d2323?pvs=21),国際問題批判殺到　腐った韓国追放へ　日錫越民が激怒,韓国 - 2026-02-23 - 1st,,YouTubeチェンネル運営ビジネス (https://app.notion.com/p/86f2d2e9f4074174a2e1898ace238df6?pvs=21),1st,2026/02/23,2026年2月8日 15:52
韓国 - 2026-02-17 - 1st,韓国,アップロード済,SUNNYSH (https://app.notion.com/p/08d06c9684c3467ba3373ef7768d2323?pvs=21),韓国事態急変　世界で契約解除　日本へ契約大儲け,韓国 - 2026-02-17 - 1st,,YouTubeチェンネル運営ビジネス (https://app.notion.com/p/86f2d2e9f4074174a2e1898ace238df6?pvs=21),1st,2026/02/17,2026年2月8日 15:52
中国 - 2026-02-17 - 3rd,中国,アップロード済,SUNNYSH (https://app.notion.com/p/08d06c9684c3467ba3373ef7768d2323?pvs=21),【速報】選挙直後　中国の敗北反応　日本へ恐怖で錯乱,中国 - 2026-02-10 - 3rd,,YouTubeチェンネル運営ビジネス (https://app.notion.com/p/86f2d2e9f4074174a2e1898ace238df6?pvs=21),3rd,2026/02/10,2026年2月8日 15:52
韓国 - 2026-02-18 - 1st,韓国,アップロード済,SUNNYSH (https://app.notion.com/p/08d06c9684c3467ba3373ef7768d2323?pvs=21),韓国政府大発狂　韓民SNSで暴露　高市首相への本音,韓国 - 2026-02-18 - 1st,要検証,YouTubeチェンネル運営ビジネス (https://app.notion.com/p/86f2d2e9f4074174a2e1898ace238df6?pvs=21),1st,2026/02/18,2026年2月8日 15:52
中国 - 2026-02-14 - 3rd,中国,アップロード済,SUNNYSH (https://app.notion.com/p/08d06c9684c3467ba3373ef7768d2323?pvs=21),さすが国際識者　愚かな反日追放へ　中国よ日本に謝れ,中国 - 2026-02-14 - 3rd,,YouTubeチェンネル運営ビジネス (https://app.notion.com/p/86f2d2e9f4074174a2e1898ace238df6?pvs=21),3rd,2026/02/14,2026年2月9日 13:30
中国 - 2026-02-15 - 3rd,中国,アップロード済,SUNNYSH (https://app.notion.com/p/08d06c9684c3467ba3373ef7768d2323?pvs=21),中国銀行連鎖破綻　ここからが地獄　日本助けず無視,中国 - 2026-02-15 - 3rd,,YouTubeチェンネル運営ビジネス (https://app.notion.com/p/86f2d2e9f4074174a2e1898ace238df6?pvs=21),3rd,2026/02/15,2026年2月9日 13:30
韓国 - 2026-02-18 - 2nd,韓国,アップロード済,SUNNYSH (https://app.notion.com/p/08d06c9684c3467ba3373ef7768d2323?pvs=21),韓国急変！？　イジェミョン声明　反日国家の末路,韓国 - 2026-02-18 - 2nd,,YouTubeチェンネル運営ビジネス (https://app.notion.com/p/86f2d2e9f4074174a2e1898ace238df6?pvs=21),2nd,2026/02/18,2026年2月10日 20:20
韓国 - 2026-02-19 - 1st,韓国,アップロード済,SUNNYSH (https://app.notion.com/p/08d06c9684c3467ba3373ef7768d2323?pvs=21),これはヤバい　トランプ日本応援　韓国に激怒行動へ,韓国 - 2026-02-19 - 1st,要検証,YouTubeチェンネル運営ビジネス (https://app.notion.com/p/86f2d2e9f4074174a2e1898ace238df6?pvs=21),1st,2026/02/19,2026年2月10日 20:20
韓国 - 2026-02-17 - 2nd,韓国,アップロード済,SUNNYSH (https://app.notion.com/p/08d06c9684c3467ba3373ef7768d2323?pvs=21),韓国開発緊急停止　経済危機加速で　遂に追い込まれて,韓国 - 2026-02-17 - 2nd,要検証,YouTubeチェンネル運営ビジネス (https://app.notion.com/p/86f2d2e9f4074174a2e1898ace238df6?pvs=21),2nd,2026/02/17,2026年2月10日 20:20
中国 - 2026-02-19 - 2nd,中国,アップロード済,SUNNYSH (https://app.notion.com/p/08d06c9684c3467ba3373ef7768d2323?pvs=21),中国レアアース　もう売れない　中国経済崩壊へ,中国 - 2026-02-19 - 2nd,要検証,YouTubeチェンネル運営ビジネス (https://app.notion.com/p/86f2d2e9f4074174a2e1898ace238df6?pvs=21),2nd,2026/02/19,2026年2月11日 10:56
韓国 - 2026-02-20 - 1st,韓国,アップロード済,SUNNYSH (https://app.notion.com/p/08d06c9684c3467ba3373ef7768d2323?pvs=21),韓国重要産業損失　事実知った海外民　反応が凄い事に,韓国 - 2026-02-20 - 1st,要検証,YouTubeチェンネル運営ビジネス (https://app.notion.com/p/86f2d2e9f4074174a2e1898ace238df6?pvs=21),1st,2026/02/20,2026年2月11日 10:56
中国 - 2026-02-20 - 2nd,中国,アップロード済,SUNNYSH (https://app.notion.com/p/08d06c9684c3467ba3373ef7768d2323?pvs=21),中国アホすぎ原因　悲巨大橋崩落事故　多数◯亡の地獄絵,中国 - 2026-02-20 - 2nd,,YouTubeチェンネル運営ビジネス (https://app.notion.com/p/86f2d2e9f4074174a2e1898ace238df6?pvs=21),2nd,2026/02/20,2026年2月13日 14:10
韓国 - 2026-02-21 - 1st,韓国,アップロード済,SUNNYSH (https://app.notion.com/p/08d06c9684c3467ba3373ef7768d2323?pvs=21),まさか世界中驚愕　有名取立て屋上陸　韓国経済もう終り,韓国 - 2026-02-21 - 1st,,YouTubeチェンネル運営ビジネス (https://app.notion.com/p/86f2d2e9f4074174a2e1898ace238df6?pvs=21),1st,2026/02/21,2026年2月13日 14:10
韓国 - 2026-02-21 - 2nd,韓国,アップロード済,SUNNYSH (https://app.notion.com/p/08d06c9684c3467ba3373ef7768d2323?pvs=21),遂に韓国身売りで　なぜか日本大儲け　事実知り韓民屈辱,韓国 - 2026-02-21 - 2nd,,YouTubeチェンネル運営ビジネス (https://app.notion.com/p/86f2d2e9f4074174a2e1898ace238df6?pvs=21),2nd,2026/02/21,2026年2月13日 14:11
韓国 - 2026-02-22 - 1st,韓国,アップロード済,SUNNYSH (https://app.notion.com/p/08d06c9684c3467ba3373ef7768d2323?pvs=21),あれ李在明って？　韓ネット民気づく　反乱始まる？,韓国 - 2026-02-22 - 1st,要検証,YouTubeチェンネル運営ビジネス (https://app.notion.com/p/86f2d2e9f4074174a2e1898ace238df6?pvs=21),1st,2026/02/22,2026年2月13日 14:11
中国 - 2026-02-21 - 3rd,中国,アップロード済,SUNNYSH (https://app.notion.com/p/08d06c9684c3467ba3373ef7768d2323?pvs=21),レアアース急変　中国在庫抱え屈辱　日本快勝世界賞賛,中国 - 2026-02-21 - 3rd,,YouTubeチェンネル運営ビジネス (https://app.notion.com/p/86f2d2e9f4074174a2e1898ace238df6?pvs=21),3rd,2026/02/21,2026年2月13日 14:11
韓国 - 2026-02-22 - 2nd,韓国,アップロード済,SUNNYSH (https://app.notion.com/p/08d06c9684c3467ba3373ef7768d2323?pvs=21),韓国は消滅へ　政府あきらめ白旗　民制御不能で限界,韓国 - 2026-02-22 - 2nd,,YouTubeチェンネル運営ビジネス (https://app.notion.com/p/86f2d2e9f4074174a2e1898ace238df6?pvs=21),2nd,2026/02/22,2026年2月15日 13:12
中国 - 2026-02-22 - 3rd,中国,アップロード済,SUNNYSH (https://app.notion.com/p/08d06c9684c3467ba3373ef7768d2323?pvs=21),数分で460兆暴落　中国銀行電撃発表　もう手遅れ,中国 - 2026-02-22 - 3rd,,YouTubeチェンネル運営ビジネス (https://app.notion.com/p/86f2d2e9f4074174a2e1898ace238df6?pvs=21),3rd,2026/02/22,2026年2月15日 13:12
韓国 - 2026-02-23 - 2nd,韓国,アップロード済,SUNNYSH (https://app.notion.com/p/08d06c9684c3467ba3373ef7768d2323?pvs=21),韓国急速に没落　慌て大逃亡の真実　資金も人も日本へ,韓国 - 2026-02-23 - 2nd,,YouTubeチェンネル運営ビジネス (https://app.notion.com/p/86f2d2e9f4074174a2e1898ace238df6?pvs=21),2nd,2026/02/23,2026年2月15日 13:12
中国 - 2026-02-16 - 2nd,中国,アップロード済,SUNNYSH (https://app.notion.com/p/08d06c9684c3467ba3373ef7768d2323?pvs=21),【速報】上海陥没　電気通信ガス壊滅　中国政府沈黙中,中国 - 2026-02-16 - 2nd,,YouTubeチェンネル運営ビジネス (https://app.notion.com/p/86f2d2e9f4074174a2e1898ace238df6?pvs=21),2nd,2026/02/16,2026年2月15日 19:56
韓国 - 2026-02-24 - 1st,韓国,アップロード済,SUNNYSH (https://app.notion.com/p/08d06c9684c3467ba3373ef7768d2323?pvs=21),ついに認めた　韓国銀行万策尽き　経済危機に白旗,韓国 - 2026-02-24 - 1st,,YouTubeチェンネル運営ビジネス (https://app.notion.com/p/86f2d2e9f4074174a2e1898ace238df6?pvs=21),1st,2026/02/24,2026年2月17日 13:32
韓国 - 2026-02-24 - 2nd,韓国,アップロード済,SUNNYSH (https://app.notion.com/p/08d06c9684c3467ba3373ef7768d2323?pvs=21),世界が宣告　韓国政府焦る　破綻への道,韓国 - 2026-02-24 - 2nd,,YouTubeチェンネル運営ビジネス (https://app.notion.com/p/86f2d2e9f4074174a2e1898ace238df6?pvs=21),2nd,2026/02/24,2026年2月17日 13:32
韓国 - 2026-02-25 - 1st,韓国,アップロード済,SUNNYSH (https://app.notion.com/p/08d06c9684c3467ba3373ef7768d2323?pvs=21),韓国重要産業壊滅　まさか参加拒否　完全に日本が,韓国 - 2026-02-25 - 1st,,YouTubeチェンネル運営ビジネス (https://app.notion.com/p/86f2d2e9f4074174a2e1898ace238df6?pvs=21),1st,2026/02/25,2026年2月17日 13:48
中国 - 2026-02-23 - 3rd,中国,アップロード済,SUNNYSH (https://app.notion.com/p/08d06c9684c3467ba3373ef7768d2323?pvs=21),中民激怒し後悔　中国政府騒然　日本が正しかった,中国 - 2026-02-23 - 3rd,,YouTubeチェンネル運営ビジネス (https://app.notion.com/p/86f2d2e9f4074174a2e1898ace238df6?pvs=21),3rd,2026/02/23,2026年2月18日 22:20
韓国 - 2026-02-26 - 1st,韓国,アップロード済,SUNNYSH (https://app.notion.com/p/08d06c9684c3467ba3373ef7768d2323?pvs=21),巨大市場から夜逃　泣きつく韓国大損　日本完全無視,韓国 - 2026-02-26 - 1st,,YouTubeチェンネル運営ビジネス (https://app.notion.com/p/86f2d2e9f4074174a2e1898ace238df6?pvs=21),1st,2026/02/26,2026年2月18日 22:20
中国 - 2026-02-26 - 2nd,中国,アップロード済,SUNNYSH (https://app.notion.com/p/08d06c9684c3467ba3373ef7768d2323?pvs=21),中国工事失敗惨事　タイ人ブチ切れ　やはり日本へ,中国 - 2026-02-26 - 2nd,,YouTubeチェンネル運営ビジネス (https://app.notion.com/p/86f2d2e9f4074174a2e1898ace238df6?pvs=21),2nd,2026/02/26,2026年2月19日 15:27
韓国 - 2026-02-27 - 1st,韓国,アップロード済,SUNNYSH (https://app.notion.com/p/08d06c9684c3467ba3373ef7768d2323?pvs=21),日米激怒全て停止　経済金融壊滅へ　韓国大慌て,韓国 - 2026-02-27 - 1st,,YouTubeチェンネル運営ビジネス (https://app.notion.com/p/86f2d2e9f4074174a2e1898ace238df6?pvs=21),1st,2026/02/27,2026年2月19日 15:27
韓国 - 2026-02-27 - 2nd,韓国,アップロード済,SUNNYSH (https://app.notion.com/p/08d06c9684c3467ba3373ef7768d2323?pvs=21),日本助けず無視　世界に重大発表　韓国領土が消滅へ,韓国 - 2026-02-27 - 2nd,,YouTubeチェンネル運営ビジネス (https://app.notion.com/p/86f2d2e9f4074174a2e1898ace238df6?pvs=21),2nd,2026/02/27,2026年2月20日 22:17
韓国 - 2026-02-28 - 2nd,韓国,アップロード済,SUNNYSH (https://app.notion.com/p/08d06c9684c3467ba3373ef7768d2323?pvs=21),高市首相強力一手　韓国財閥生産停止　日本が奪還大儲け,韓国 - 2026-02-28 - 2nd,,YouTubeチェンネル運営ビジネス (https://app.notion.com/p/86f2d2e9f4074174a2e1898ace238df6?pvs=21),2nd,2026/02/28,2026年2月20日 22:17
中国 - 2026-02-28 - 3rd,中国,アップロード済,SUNNYSH (https://app.notion.com/p/08d06c9684c3467ba3373ef7768d2323?pvs=21),極寒中国難民爆増　金欠国家燃料なし　悲鳴散々地獄絵図,中国 - 2026-02-28 - 3rd,,YouTubeチェンネル運営ビジネス (https://app.notion.com/p/86f2d2e9f4074174a2e1898ace238df6?pvs=21),3rd,2026/02/28,2026年2月20日 22:17
韓国 - 2026-03-01 - 1st,韓国,アップロード済,SUNNYSH (https://app.notion.com/p/08d06c9684c3467ba3373ef7768d2323?pvs=21),Kインフラ消滅へ　韓国政府涙の懇願　日本民が絶対断れ,韓国 - 2026-03-01 - 1st,,YouTubeチェンネル運営ビジネス (https://app.notion.com/p/86f2d2e9f4074174a2e1898ace238df6?pvs=21),1st,2026/03/01,2026年2月20日 22:17
韓国 - 2026-03-01 - 2nd,韓国,アップロード済,SUNNYSH (https://app.notion.com/p/08d06c9684c3467ba3373ef7768d2323?pvs=21),韓国涙目大後悔　日本国民9割が　怒りの審判！,韓国 - 2026-03-01 - 2nd,,YouTubeチェンネル運営ビジネス (https://app.notion.com/p/86f2d2e9f4074174a2e1898ace238df6?pvs=21),2nd,2026/03/01,2026年2月21日 19:20
中国 - 2026-03-01 - 3rd,中国,アップロード済,SUNNYSH (https://app.notion.com/p/08d06c9684c3467ba3373ef7768d2323?pvs=21),日本報じない中国　不動産バブル崩壊　空家1.2億の後悔,中国 - 2026-03-01 - 3rd,,YouTubeチェンネル運営ビジネス (https://app.notion.com/p/86f2d2e9f4074174a2e1898ace238df6?pvs=21),3rd,2026/03/01,2026年2月21日 19:20
韓国 - 2026-03-02 - 1st,韓国,アップロード済,SUNNYSH (https://app.notion.com/p/08d06c9684c3467ba3373ef7768d2323?pvs=21),遂にマイナス限界　建設崩壊銀行飛火　韓国経済内需断絶,韓国 - 2026-03-02 - 1st,,YouTubeチェンネル運営ビジネス (https://app.notion.com/p/86f2d2e9f4074174a2e1898ace238df6?pvs=21),1st,2026/03/02,2026年2月21日 19:21
韓国 - 2026-03-02 - 2nd,韓国,アップロード済,SUNNYSH (https://app.notion.com/p/08d06c9684c3467ba3373ef7768d2323?pvs=21),竹島で展開　島根県庁反撃開始　腐った韓国追放へ,韓国 - 2026-03-02 - 2nd,,YouTubeチェンネル運営ビジネス (https://app.notion.com/p/86f2d2e9f4074174a2e1898ace238df6?pvs=21),2nd,2026/03/02,2026年2月23日 13:23
韓国 - 2026-02-25 - 2nd,韓国,アップロード済,SUNNYSH (https://app.notion.com/p/08d06c9684c3467ba3373ef7768d2323?pvs=21),日本に謝罪しろ　在日韓国人激怒　本国ゴミ認識屈辱,韓国 - 2026-02-25 - 2nd,,YouTubeチェンネル運営ビジネス (https://app.notion.com/p/86f2d2e9f4074174a2e1898ace238df6?pvs=21),2nd,2026/02/25,2026年2月23日 13:23
韓国 - 2026-03-03 - 1st,韓国,アップロード済,SUNNYSH (https://app.notion.com/p/08d06c9684c3467ba3373ef7768d2323?pvs=21),韓国人99％が　信じたくない　屈辱事実に大発狂,韓国 - 2026-03-03 - 1st,要検証,YouTubeチェンネル運営ビジネス (https://app.notion.com/p/86f2d2e9f4074174a2e1898ace238df6?pvs=21),1st,2026/03/03,2026年2月23日 17:17
韓国 - 2026-03-03 - 2nd,韓国,アップロード済,SUNNYSH (https://app.notion.com/p/08d06c9684c3467ba3373ef7768d2323?pvs=21),急転日本離脱宣言　最大の経済危機　韓国緊急声明へ,韓国 - 2026-03-03 - 2nd,要検証,YouTubeチェンネル運営ビジネス (https://app.notion.com/p/86f2d2e9f4074174a2e1898ace238df6?pvs=21),2nd,2026/03/03,2026年2月24日 16:34
韓国 - 2026-03-04 - 1st,韓国,アップロード済,SUNNYSH (https://app.notion.com/p/08d06c9684c3467ba3373ef7768d2323?pvs=21),韓国態度急変　国際調査機関発表　日本にビビりだす,韓国 - 2026-03-04 - 1st,要検証,YouTubeチェンネル運営ビジネス (https://app.notion.com/p/86f2d2e9f4074174a2e1898ace238df6?pvs=21),1st,2026/03/04,2026年2月24日 16:34
中国 - 2026-03-04 - 2nd,中国,アップロード済,SUNNYSH (https://app.notion.com/p/08d06c9684c3467ba3373ef7768d2323?pvs=21),習近平、絶望・・　世界初の強制停止　中国財政破綻へ,中国 - 2026-03-04 - 2nd,要検証,YouTubeチェンネル運営ビジネス (https://app.notion.com/p/86f2d2e9f4074174a2e1898ace238df6?pvs=21),2nd,2026/03/04,2026年2月24日 16:35
韓国 - 2026-03-05 - 1st,韓国,アップロード済,SUNNYSH (https://app.notion.com/p/08d06c9684c3467ba3373ef7768d2323?pvs=21),超馬尼泰4カ国に　天罰を下され　韓国が顔面蒼白,韓国 - 2026-03-05 - 1st,要検証,YouTubeチェンネル運営ビジネス (https://app.notion.com/p/86f2d2e9f4074174a2e1898ace238df6?pvs=21),1st,2026/03/05,2026年2月24日 16:35
中国 - 2026-03-05 - 2nd,中国,アップロード済,SUNNYSH (https://app.notion.com/p/08d06c9684c3467ba3373ef7768d2323?pvs=21),中国経済もう限界　上海不動産壊滅で　海資逃げ連鎖倒産,中国 - 2026-03-05 - 2nd,,YouTubeチェンネル運営ビジネス (https://app.notion.com/p/86f2d2e9f4074174a2e1898ace238df6?pvs=21),2nd,2026/03/05,2026年2月25日 14:14
韓国 - 2026-03-06 - 1st,韓国,アップロード済,SUNNYSH (https://app.notion.com/p/08d06c9684c3467ba3373ef7768d2323?pvs=21),K防衛消えた　米国政府電撃発表　韓国政府大混乱,韓国 - 2026-03-06 - 1st,,YouTubeチェンネル運営ビジネス (https://app.notion.com/p/86f2d2e9f4074174a2e1898ace238df6?pvs=21),1st,2026/03/06,2026年2月25日 14:14
韓国 - 2026-03-07 - 2nd,韓国,アップロード済,SUNNYSH (https://app.notion.com/p/08d06c9684c3467ba3373ef7768d2323?pvs=21),韓国必死の懇願へ　日本あっさり辞退　驚愕事実韓民騒然,韓国 - 2026-03-07 - 2nd,,YouTubeチェンネル運営ビジネス (https://app.notion.com/p/86f2d2e9f4074174a2e1898ace238df6?pvs=21),2nd,2026/03/07,2026年2月27日 15:21
韓国 - 2026-03-07 - 1st,韓国,アップロード済,SUNNYSH (https://app.notion.com/p/08d06c9684c3467ba3373ef7768d2323?pvs=21),日本の冷酷戦略で　韓国半導体産業が　日本のものへ,韓国 - 2026-03-07 - 1st,,YouTubeチェンネル運営ビジネス (https://app.notion.com/p/86f2d2e9f4074174a2e1898ace238df6?pvs=21),1st,2026/03/07,2026年2月27日 15:21
中国 - 2026-03-07 - 3rd,中国,アップロード済,SUNNYSH (https://app.notion.com/p/08d06c9684c3467ba3373ef7768d2323?pvs=21),習近平窮地へ　祝、大阪百貨店　脱中で売上アップ,中国 - 2026-03-07 - 3rd,要検証,YouTubeチェンネル運営ビジネス (https://app.notion.com/p/86f2d2e9f4074174a2e1898ace238df6?pvs=21),3rd,2026/03/07,2026年2月27日 15:22
中国 - 2026-03-08 - 3rd,中国,アップロード済,SUNNYSH (https://app.notion.com/p/08d06c9684c3467ba3373ef7768d2323?pvs=21),泣きつく中国　イラン急変　協約破棄決定,中国 - 2026-03-08 - 3rd,,YouTubeチェンネル運営ビジネス (https://app.notion.com/p/86f2d2e9f4074174a2e1898ace238df6?pvs=21),3rd,2026/03/08,2026年2月27日 15:22
中国 - 2026-03-06 - 2nd,中国,アップロード済,SUNNYSH (https://app.notion.com/p/08d06c9684c3467ba3373ef7768d2323?pvs=21),医薬も中依存脱却　日本全開始動　中国大慌て,中国 - 2026-03-06 - 2nd,,YouTubeチェンネル運営ビジネス (https://app.notion.com/p/86f2d2e9f4074174a2e1898ace238df6?pvs=21),2nd,2026/03/06,2026年2月28日 10:09
韓国 - 2026-03-08 - 1st,韓国,アップロード済,SUNNYSH (https://app.notion.com/p/08d06c9684c3467ba3373ef7768d2323?pvs=21),日米不参加決定　世界が賞賛　韓国政府パニック,韓国 - 2026-03-08 - 1st,,YouTubeチェンネル運営ビジネス (https://app.notion.com/p/86f2d2e9f4074174a2e1898ace238df6?pvs=21),1st,2026/03/08,2026年3月1日 12:12
韓国 - 2026-03-09 - 1st韓国復旧不可能　日本の下請けへ　つく濁の歴史が開始,韓国,アップロード済,SUNNYSH (https://app.notion.com/p/08d06c9684c3467ba3373ef7768d2323?pvs=21),韓国復旧不可能　日本の下請けへ　屈辱の歴史が開始,韓国 - 2026-03-09 - 1st,,YouTubeチェンネル運営ビジネス (https://app.notion.com/p/86f2d2e9f4074174a2e1898ace238df6?pvs=21),1st,2026/03/09,2026年3月1日 12:12
韓国 - 2026-03-08 - 2nd,韓国,アップロード済,SUNNYSH (https://app.notion.com/p/08d06c9684c3467ba3373ef7768d2323?pvs=21),公文緊急通達　ついに世界へ　韓国国家破産か,韓国 - 2026-03-08 - 2nd,,YouTubeチェンネル運営ビジネス (https://app.notion.com/p/86f2d2e9f4074174a2e1898ace238df6?pvs=21),2nd,2026/03/08,2026年3月1日 12:13
韓国 - 2026-03-09 - 2nd,韓国,アップロード済,SUNNYSH (https://app.notion.com/p/08d06c9684c3467ba3373ef7768d2323?pvs=21),南アジア態度急変　連帯フル経済制裁　韓国の終了確定,韓国 - 2026-03-09 - 2nd,,YouTubeチェンネル運営ビジネス (https://app.notion.com/p/86f2d2e9f4074174a2e1898ace238df6?pvs=21),2nd,2026/03/09,2026年3月1日 12:14
韓国 - 2026-03-10 - 1st,韓国,アップロード済,SUNNYSH (https://app.notion.com/p/08d06c9684c3467ba3373ef7768d2323?pvs=21),イジェミョン絶望　ウォン暴落になぜ？　無謀策に世界大笑,韓国 - 2026-03-10 - 1st,要検証,YouTubeチェンネル運営ビジネス (https://app.notion.com/p/86f2d2e9f4074174a2e1898ace238df6?pvs=21),1st,2026/03/10,2026年3月1日 12:14
韓国 - 2026-03-10 - 2nd,韓国,アップロード済,SUNNYSH (https://app.notion.com/p/08d06c9684c3467ba3373ef7768d2323?pvs=21),真逆韓国腰抜かす　全て奪われ壊滅　日本は完全無視,韓国 - 2026-03-10 - 2nd,要検証,YouTubeチェンネル運営ビジネス (https://app.notion.com/p/86f2d2e9f4074174a2e1898ace238df6?pvs=21),2nd,2026/03/10,2026年3月3日 14:46
韓国 - 2026-03-11 - 1st,韓国,アップロード済,SUNNYSH (https://app.notion.com/p/08d06c9684c3467ba3373ef7768d2323?pvs=21),韓国焦る絶望的　驚愕発表　日本の逆襲,韓国 - 2026-03-11 - 1st,要検証,YouTubeチェンネル運営ビジネス (https://app.notion.com/p/86f2d2e9f4074174a2e1898ace238df6?pvs=21),1st,2026/03/11,2026年3月3日 14:46
中国 - 2026-03-11 - 2nd,中国,アップロード済,SUNNYSH (https://app.notion.com/p/08d06c9684c3467ba3373ef7768d2323?pvs=21),中国、嘘だろう　反日代償これほど　高すぎて世界騒然,中国 - 2026-03-11 - 2nd,要検証,YouTubeチェンネル運営ビジネス (https://app.notion.com/p/86f2d2e9f4074174a2e1898ace238df6?pvs=21),2nd,2026/03/11,2026年3月3日 14:49
韓国 - 2026-03-12 - 1st,韓国,アップロード済,SUNNYSH (https://app.notion.com/p/08d06c9684c3467ba3373ef7768d2323?pvs=21),日本絶対助けるな　重要産業壊滅警告　韓国全てが破綻,韓国 - 2026-03-12 - 1st,,YouTubeチェンネル運営ビジネス (https://app.notion.com/p/86f2d2e9f4074174a2e1898ace238df6?pvs=21),1st,2026/03/12,2026年3月3日 14:49
韓国 - 2026-03-12 - 2nd,韓国,アップロード済,SUNNYSH (https://app.notion.com/p/08d06c9684c3467ba3373ef7768d2323?pvs=21),韓国民大混乱　まさか入国拒否　ついに日本が,韓国 - 2026-03-12 - 2nd,,YouTubeチェンネル運営ビジネス (https://app.notion.com/p/86f2d2e9f4074174a2e1898ace238df6?pvs=21),2nd,2026/03/12,2026年3月3日 14:49
韓国 - 2026-03-13 - 1st,韓国,アップロード済,SUNNYSH (https://app.notion.com/p/08d06c9684c3467ba3373ef7768d2323?pvs=21),韓国業界騒然　世界から退場　日本は完全無視,韓国 - 2026-03-13 - 1st,,YouTubeチェンネル運営ビジネス (https://app.notion.com/p/86f2d2e9f4074174a2e1898ace238df6?pvs=21),1st,2026/03/13,2026年3月4日 21:23
中国 - 2026-03-13 - 2nd,中国,アップロード済,SUNNYSH (https://app.notion.com/p/08d06c9684c3467ba3373ef7768d2323?pvs=21),国際問題批判殺到　腐った中国追放へ　日本の鋭い正論,中国 - 2026-03-13 - 2nd,,YouTubeチェンネル運営ビジネス (https://app.notion.com/p/86f2d2e9f4074174a2e1898ace238df6?pvs=21),2nd,2026/03/13,2026年3月4日 21:23
韓国 - 2026-03-14 - 1st,韓国,アップロード済,SUNNYSH (https://app.notion.com/p/08d06c9684c3467ba3373ef7768d2323?pvs=21),日本完全無視　哀れな韓国　必死の抵抗,韓国 - 2026-03-14 - 1st,,YouTubeチェンネル運営ビジネス (https://app.notion.com/p/86f2d2e9f4074174a2e1898ace238df6?pvs=21),1st,2026/03/14,2026年3月6日 17:51
韓国 - 2026-03-14 - 2nd,韓国,アップロード済,SUNNYSH (https://app.notion.com/p/08d06c9684c3467ba3373ef7768d2323?pvs=21),韓国民激怒の中　逮捕決定　資産完全凍結,韓国 - 2026-03-14 - 2nd,,YouTubeチェンネル運営ビジネス (https://app.notion.com/p/86f2d2e9f4074174a2e1898ace238df6?pvs=21),2nd,2026/03/14,2026年3月6日 17:52
中国 - 2026-03-14 - 3rd,中国,アップロード済,SUNNYSH (https://app.notion.com/p/08d06c9684c3467ba3373ef7768d2323?pvs=21),日本激怒協約破棄　中国完全に　空虚の国へ,中国 - 2026-03-14 - 3rd,,YouTubeチェンネル運営ビジネス (https://app.notion.com/p/86f2d2e9f4074174a2e1898ace238df6?pvs=21),3rd,2026/03/14,2026年3月6日 17:52
韓国 - 2026-03-15 - 1st,韓国,アップロード済,SUNNYSH (https://app.notion.com/p/08d06c9684c3467ba3373ef7768d2323?pvs=21),"日本完全離脱へ　韓国大後悔　100％暴落確定 ",韓国 - 2026-03-15 - 1st,,YouTubeチェンネル運営ビジネス (https://app.notion.com/p/86f2d2e9f4074174a2e1898ace238df6?pvs=21),1st,2026/03/15,2026年3月6日 17:53
韓国 - 2026-03-15 - 2nd,韓国,アップロード済,SUNNYSH (https://app.notion.com/p/08d06c9684c3467ba3373ef7768d2323?pvs=21),"韓国最下位転落　日本報道されない　韓民の生々しい声 ",韓国 - 2026-03-15 - 2nd,,YouTubeチェンネル運営ビジネス (https://app.notion.com/p/86f2d2e9f4074174a2e1898ace238df6?pvs=21),2nd,2026/03/15,2026年3月6日 17:53
中国 - 2026-03-15 - 3rd,中国,アップロード済,SUNNYSH (https://app.notion.com/p/08d06c9684c3467ba3373ef7768d2323?pvs=21),日本不参加決定　世界が賛同　中国100％失敗,中国 - 2026-03-15 - 3rd,普通タイトル,YouTubeチェンネル運営ビジネス (https://app.notion.com/p/86f2d2e9f4074174a2e1898ace238df6?pvs=21),3rd,2026/03/15,2026年3月6日 17:54
韓国 - 2026-03-16 - 1st,韓国,アップロード済,SUNNYSH (https://app.notion.com/p/08d06c9684c3467ba3373ef7768d2323?pvs=21),韓国基盤業界解体　日本受注し大儲け　真実に韓民絶望,韓国 - 2026-03-16 - 1st,,YouTubeチェンネル運営ビジネス (https://app.notion.com/p/86f2d2e9f4074174a2e1898ace238df6?pvs=21),1st,2026/03/16,2026年3月6日 17:54
韓国 - 2026-03-16 - 2nd,韓国,アップロード済,SUNNYSH (https://app.notion.com/p/08d06c9684c3467ba3373ef7768d2323?pvs=21),巨大組織が激怒　韓国非常事態　不安的中経済崩壊　,韓国 - 2026-03-16 - 2nd,,YouTubeチェンネル運営ビジネス (https://app.notion.com/p/86f2d2e9f4074174a2e1898ace238df6?pvs=21),2nd,2026/03/16,2026年3月8日 12:00
韓国 - 2026-03-17 - 1s,韓国,アップロード済,SUNNYSH (https://app.notion.com/p/08d06c9684c3467ba3373ef7768d2323?pvs=21),ただの阿呆？　イジェミョン妄言　韓国全土が絶句,韓国 - 2026-03-17 - 1st,,YouTubeチェンネル運営ビジネス (https://app.notion.com/p/86f2d2e9f4074174a2e1898ace238df6?pvs=21),1st,2026/03/17,2026年3月8日 12:00
ア経済｜会員向け - 2026-04-26 - 会員向け,ア経済｜会員向け,アップロード済,SUNNYSH (https://app.notion.com/p/08d06c9684c3467ba3373ef7768d2323?pvs=21),突然、大富豪になったベトナム人から　学んだ真逆な開運術,ア経済｜会員向け - 2026-04-26 - 会員向け,,YouTubeチェンネル運営ビジネス (https://app.notion.com/p/86f2d2e9f4074174a2e1898ace238df6?pvs=21),会員向け,2026/04/26,2026年3月8日 12:00
中国 - 2026-03-17 - 2nd,中国,アップロード済,SUNNYSH (https://app.notion.com/p/08d06c9684c3467ba3373ef7768d2323?pvs=21),腐り切った中国へ　ドバイまさか　資産消失開始へ,中国 - 2026-03-17 - 2nd,,YouTubeチェンネル運営ビジネス (https://app.notion.com/p/86f2d2e9f4074174a2e1898ace238df6?pvs=21),2nd,2026/03/17,2026年3月9日 22:56
韓国 - 2026-03-18 - 1st,韓国,アップロード済,SUNNYSH (https://app.notion.com/p/08d06c9684c3467ba3373ef7768d2323?pvs=21),「報道は事実です」　あの韓国がまさか　事実を認める,韓国 - 2026-03-18 - 1st,,YouTubeチェンネル運営ビジネス (https://app.notion.com/p/86f2d2e9f4074174a2e1898ace238df6?pvs=21),1st,2026/03/18,2026年3月9日 22:56
韓国 - 2026-03-18 - 2nd,韓国,アップロード済,SUNNYSH (https://app.notion.com/p/08d06c9684c3467ba3373ef7768d2323?pvs=21),日韓決裂　韓国とんでも要望　思わぬ展開に,韓国 - 2026-03-18 - 2nd,,YouTubeチェンネル運営ビジネス (https://app.notion.com/p/86f2d2e9f4074174a2e1898ace238df6?pvs=21),2nd,2026/03/18,2026年3月9日 22:57
韓国 - 2026-03-19 - 1st,韓国,アップロード済,SUNNYSH (https://app.notion.com/p/08d06c9684c3467ba3373ef7768d2323?pvs=21),韓国大統領正気？　2000ウォン突破　経済壊滅状態へ,韓国 - 2026-03-19 - 1st,,YouTubeチェンネル運営ビジネス (https://app.notion.com/p/86f2d2e9f4074174a2e1898ace238df6?pvs=21),1st,2026/03/19,2026年3月9日 22:57
中国 - 2026-03-19 - 2nd,中国,アップロード済,SUNNYSH (https://app.notion.com/p/08d06c9684c3467ba3373ef7768d2323?pvs=21),中国経済大損害　中東金融まさか　資産没収開始へ,中国 - 2026-03-19 - 2nd,,YouTubeチェンネル運営ビジネス (https://app.notion.com/p/86f2d2e9f4074174a2e1898ace238df6?pvs=21),2nd,2026/03/19,2026年3月10日 16:34
韓国 - 2026-03-20 - 1st,韓国,アップロード済,SUNNYSH (https://app.notion.com/p/08d06c9684c3467ba3373ef7768d2323?pvs=21),世界中で契約破棄　韓国経済火の車　日本は完全無視,韓国 - 2026-03-20 - 1st,,YouTubeチェンネル運営ビジネス (https://app.notion.com/p/86f2d2e9f4074174a2e1898ace238df6?pvs=21),1st,2026/03/20,2026年3月10日 16:34
韓国 - 2026-03-20 - 2nd,韓国,アップロード済,SUNNYSH (https://app.notion.com/p/08d06c9684c3467ba3373ef7768d2323?pvs=21),韓国民パニック　9割ピンチ気付く　借金限界悲惨末路,韓国 - 2026-03-20 - 2nd,,YouTubeチェンネル運営ビジネス (https://app.notion.com/p/86f2d2e9f4074174a2e1898ace238df6?pvs=21),2nd,2026/03/20,2026年3月12日 11:54
韓国 - 2026-03-21 - 1st,韓国,アップロード済,SUNNYSH (https://app.notion.com/p/08d06c9684c3467ba3373ef7768d2323?pvs=21),韓国大失態　世界中に恥晒し　三菱UFJまさか,韓国 - 2026-03-21 - 1st,,YouTubeチェンネル運営ビジネス (https://app.notion.com/p/86f2d2e9f4074174a2e1898ace238df6?pvs=21),1st,2026/03/21,2026年3月12日 11:54
中国 - 2026-03-21 - 3rd,中国,アップロード済,SUNNYSH (https://app.notion.com/p/08d06c9684c3467ba3373ef7768d2323?pvs=21),腐った中国手遅れ　国際研究所警告　もう滅びる,中国 - 2026-03-21 - 3rd,,YouTubeチェンネル運営ビジネス (https://app.notion.com/p/86f2d2e9f4074174a2e1898ace238df6?pvs=21),3rd,2026/03/21,2026年3月12日 12:11
韓国 - 2026-03-22 - 1st,韓国,アップロード済,SUNNYSH (https://app.notion.com/p/08d06c9684c3467ba3373ef7768d2323?pvs=21),まさか国際舞台で　韓国限界日本へ　土下座懇願SOS,韓国 - 2026-03-22 - 1st,,YouTubeチェンネル運営ビジネス (https://app.notion.com/p/86f2d2e9f4074174a2e1898ace238df6?pvs=21),1st,2026/03/22,2026年3月12日 12:11
韓国 - 2026-03-22 - 2nd,韓国,アップロード済,SUNNYSH (https://app.notion.com/p/08d06c9684c3467ba3373ef7768d2323?pvs=21),"韓国極貧国大転落　日本報道されない　現地の生々しい声 ",韓国 - 2026-03-22 - 2nd,,YouTubeチェンネル運営ビジネス (https://app.notion.com/p/86f2d2e9f4074174a2e1898ace238df6?pvs=21),2nd,2026/03/22,2026年3月14日 13:12
中国 - 2026-03-22 - 3rd,中国,アップロード済,SUNNYSH (https://app.notion.com/p/08d06c9684c3467ba3373ef7768d2323?pvs=21),許さん！中国　世界各地続々拒絶　巨大市場から夜逃,中国 - 2026-03-22 - 3rd,,YouTubeチェンネル運営ビジネス (https://app.notion.com/p/86f2d2e9f4074174a2e1898ace238df6?pvs=21),3rd,2026/03/22,2026年3月14日 13:12
韓国 - 2026-03-21 - 2nd,韓国,アップロード済,SUNNYSH (https://app.notion.com/p/08d06c9684c3467ba3373ef7768d2323?pvs=21),世界中で契約破棄　韓国経済火の車　人もお金も日本へ,韓国 - 2026-03-21 - 2nd,,YouTubeチェンネル運営ビジネス (https://app.notion.com/p/86f2d2e9f4074174a2e1898ace238df6?pvs=21),2nd,2026/03/21,2026年3月14日 13:12
韓国 - 2026-03-23 - 1st,韓国,アップロード済,SUNNYSH (https://app.notion.com/p/08d06c9684c3467ba3373ef7768d2323?pvs=21),日本の強力一手　財閥が生産停止へ　韓国経済壊滅へ,韓国 - 2026-03-23 - 1st,,YouTubeチェンネル運営ビジネス (https://app.notion.com/p/86f2d2e9f4074174a2e1898ace238df6?pvs=21),1st,2026/03/23,2026年3月14日 13:13
韓国 - 2026-03-23 - 2nd,韓国,アップロード済,SUNNYSH (https://app.notion.com/p/08d06c9684c3467ba3373ef7768d2323?pvs=21),韓国泣きつく　米断固拒否　日本高笑い,韓国 - 2026-03-23 - 2nd,,YouTubeチェンネル運営ビジネス (https://app.notion.com/p/86f2d2e9f4074174a2e1898ace238df6?pvs=21),2nd,2026/03/23,2026年3月16日 14:24
韓国 - 2026-03-24 - 1st,韓国,アップロード済,SUNNYSH (https://app.notion.com/p/08d06c9684c3467ba3373ef7768d2323?pvs=21),公文緊急通達　ついに日本へ　韓国号泣謝罪,韓国 - 2026-03-24 - 1st,,YouTubeチェンネル運営ビジネス (https://app.notion.com/p/86f2d2e9f4074174a2e1898ace238df6?pvs=21),1st,2026/03/24,2026年3月16日 14:24
中国 - 2026-03-24 - 2nd,中国,アップロード済,SUNNYSH (https://app.notion.com/p/08d06c9684c3467ba3373ef7768d2323?pvs=21),中国ついに異変が　まさか燃料停止　数億人が犠牲に,中国 - 2026-03-24 - 2nd,,YouTubeチェンネル運営ビジネス (https://app.notion.com/p/86f2d2e9f4074174a2e1898ace238df6?pvs=21),2nd,2026/03/24,2026年3月16日 18:22
韓国 - 2026-03-25 - 1st,韓国,アップロード済,SUNNYSH (https://app.notion.com/p/08d06c9684c3467ba3373ef7768d2323?pvs=21),輸出入停止され　1500ウォン突破　韓国ウォン紙屑へ,韓国 - 2026-03-25 - 1st,,YouTubeチェンネル運営ビジネス (https://app.notion.com/p/86f2d2e9f4074174a2e1898ace238df6?pvs=21),1st,2026/03/25,2026年3月16日 18:23
韓国 - 2026-03-25 - 2nd,韓国,アップロード済,SUNNYSH (https://app.notion.com/p/08d06c9684c3467ba3373ef7768d2323?pvs=21),世界ランキング　日本と韓の順位に　韓国民大混乱,韓国 - 2026-03-25 - 2nd,失敗タイトル,YouTubeチェンネル運営ビジネス (https://app.notion.com/p/86f2d2e9f4074174a2e1898ace238df6?pvs=21),2nd,2026/03/25,2026年3月19日 13:23
韓国 - 2026-03-26 - 1st,韓国,アップロード済,SUNNYSH (https://app.notion.com/p/08d06c9684c3467ba3373ef7768d2323?pvs=21),台湾政府キレた　世界に公式発表　韓国国家存亡危機,韓国 - 2026-03-26 - 1st,,YouTubeチェンネル運営ビジネス (https://app.notion.com/p/86f2d2e9f4074174a2e1898ace238df6?pvs=21),1st,2026/03/26,2026年3月19日 13:23
中国 - 2026-03-26 - 2nd,中国,アップロード済,SUNNYSH (https://app.notion.com/p/08d06c9684c3467ba3373ef7768d2323?pvs=21),中国銀行遂に認め　これからが地獄　日本は助けず無視,中国 - 2026-03-26 - 2nd,,YouTubeチェンネル運営ビジネス (https://app.notion.com/p/86f2d2e9f4074174a2e1898ace238df6?pvs=21),2nd,2026/03/26,2026年3月19日 13:25
韓国 - 2026-03-27 - 1st,韓国,アップロード済,SUNNYSH (https://app.notion.com/p/08d06c9684c3467ba3373ef7768d2323?pvs=21),急変韓国大慌て　貢ぐ、54兆円　日本どうか助けて,韓国 - 2026-03-27 - 1st,,YouTubeチェンネル運営ビジネス (https://app.notion.com/p/86f2d2e9f4074174a2e1898ace238df6?pvs=21),1st,2026/03/27,2026年3月19日 13:25
中国 - 2026-03-27 - 2nd,中国,アップロード済,SUNNYSH (https://app.notion.com/p/08d06c9684c3467ba3373ef7768d2323?pvs=21),中国正気か？　まさか失脚　世界が度肝抜かれ,中国 - 2026-03-27 - 2nd,,YouTubeチェンネル運営ビジネス (https://app.notion.com/p/86f2d2e9f4074174a2e1898ace238df6?pvs=21),2nd,2026/03/27,2026年3月20日 22:33
韓国 - 2026-03-28 - 1st,韓国,アップロード済,SUNNYSH (https://app.notion.com/p/08d06c9684c3467ba3373ef7768d2323?pvs=21),韓国民が絶句　一夜で完全消滅　まさか財閥が,韓国 - 2026-03-28 - 1st,,YouTubeチェンネル運営ビジネス (https://app.notion.com/p/86f2d2e9f4074174a2e1898ace238df6?pvs=21),1st,2026/03/28,2026年3月20日 22:33
韓国 - 2026-03-28 - 2nd,韓国,アップロード済,SUNNYSH (https://app.notion.com/p/08d06c9684c3467ba3373ef7768d2323?pvs=21),日本即返答　まさか不参加？　韓国懇願世界騒然,韓国 - 2026-03-28 - 2nd,,YouTubeチェンネル運営ビジネス (https://app.notion.com/p/86f2d2e9f4074174a2e1898ace238df6?pvs=21),2nd,2026/03/28,2026年3月20日 22:34
中国 - 2026-03-28 - 3rd,中国,アップロード済,SUNNYSH (https://app.notion.com/p/08d06c9684c3467ba3373ef7768d2323?pvs=21),中国極貧餓死続出　日本報道されない　中民の生々しい声,中国 - 2026-03-28 - 3rd,,YouTubeチェンネル運営ビジネス (https://app.notion.com/p/86f2d2e9f4074174a2e1898ace238df6?pvs=21),3rd,2026/03/28,2026年3月20日 22:34
韓国 - 2026-03-29 - 1st,韓国,アップロード済,SUNNYSH (https://app.notion.com/p/08d06c9684c3467ba3373ef7768d2323?pvs=21),Kコスメ消滅へ　韓国壊滅発表　まさか日本が,韓国 - 2026-03-29 - 1st,,YouTubeチェンネル運営ビジネス (https://app.notion.com/p/86f2d2e9f4074174a2e1898ace238df6?pvs=21),1st,2026/03/29,2026年3月20日 22:35
韓国 - 2026-03-29 - 2nd,韓国,アップロード済,SUNNYSH (https://app.notion.com/p/08d06c9684c3467ba3373ef7768d2323?pvs=21),日本絶対助けるな　原油奪われ　韓国民地獄絵図,韓国 - 2026-03-29 - 2nd,,YouTubeチェンネル運営ビジネス (https://app.notion.com/p/86f2d2e9f4074174a2e1898ace238df6?pvs=21),2nd,2026/03/29,2026年3月20日 22:35
中国 - 2026-03-29 - 3rd,中国,アップロード済,SUNNYSH (https://app.notion.com/p/08d06c9684c3467ba3373ef7768d2323?pvs=21),中国止まらない　バブル崩壊に悲鳴　経済停止崩壊予兆,中国 - 2026-03-29 - 3rd,,YouTubeチェンネル運営ビジネス (https://app.notion.com/p/86f2d2e9f4074174a2e1898ace238df6?pvs=21),3rd,2026/03/29,2026年3月20日 22:35
韓国 - 2026-03-30 - 1st,韓国,アップロード済,SUNNYSH (https://app.notion.com/p/08d06c9684c3467ba3373ef7768d2323?pvs=21),ついに認めた　実は日本製　韓国民大発狂,韓国 - 2026-03-30 - 1st,,YouTubeチェンネル運営ビジネス (https://app.notion.com/p/86f2d2e9f4074174a2e1898ace238df6?pvs=21),1st,2026/03/30,2026年3月20日 22:36
韓国 - 2026-03-30 - 2nd,韓国,アップロード済,SUNNYSH (https://app.notion.com/p/08d06c9684c3467ba3373ef7768d2323?pvs=21),訪日早々屈辱発表　頼みの日本が辞退　韓国本土大慌て,韓国 - 2026-03-30 - 2nd,,YouTubeチェンネル運営ビジネス (https://app.notion.com/p/86f2d2e9f4074174a2e1898ace238df6?pvs=21),2nd,2026/03/30,2026年3月23日 22:02
韓国 - 2026-03-31 - 1st,韓国,アップロード済,SUNNYSH (https://app.notion.com/p/08d06c9684c3467ba3373ef7768d2323?pvs=21),日本が三つの停止　最大の経済危機に　韓国大慌て,韓国 - 2026-03-31 - 1st,,YouTubeチェンネル運営ビジネス (https://app.notion.com/p/86f2d2e9f4074174a2e1898ace238df6?pvs=21),1st,2026/03/31,2026年3月23日 22:02
韓国 - 2026-03-31 - 2nd,韓国,アップロード済,SUNNYSH (https://app.notion.com/p/08d06c9684c3467ba3373ef7768d2323?pvs=21),遂に日本が！　韓国経済大打撃　まさか9割減,韓国 - 2026-03-31 - 2nd,,YouTubeチェンネル運営ビジネス (https://app.notion.com/p/86f2d2e9f4074174a2e1898ace238df6?pvs=21),2nd,2026/03/31,2026年3月25日 17:41
韓国 - 2026-04-03 - 1st,韓国,アップロード済,SUNNYSH (https://app.notion.com/p/08d06c9684c3467ba3373ef7768d2323?pvs=21),韓国未払い多発　計画破綻大損失　もう滅びる,韓国 - 2026-04-03 - 1st,,YouTubeチェンネル運営ビジネス (https://app.notion.com/p/86f2d2e9f4074174a2e1898ace238df6?pvs=21),1st,2026/04/03,2026年3月25日 17:42
中国 - 2026-04-03 - 2nd,中国,アップロード済,SUNNYSH (https://app.notion.com/p/08d06c9684c3467ba3373ef7768d2323?pvs=21),中国またまた　大企業90％暴落　その余波がやばい,中国 - 2026-04-03 - 2nd,,YouTubeチェンネル運営ビジネス (https://app.notion.com/p/86f2d2e9f4074174a2e1898ace238df6?pvs=21),2nd,2026/04/03,2026年3月25日 17:42
韓国 - 2026-04-02 - 1st,韓国,アップロード済,SUNNYSH (https://app.notion.com/p/08d06c9684c3467ba3373ef7768d2323?pvs=21),まさか11兆を　日本に奪われ　韓国が涙の会見,韓国 - 2026-04-02 - 1st,,YouTubeチェンネル運営ビジネス (https://app.notion.com/p/86f2d2e9f4074174a2e1898ace238df6?pvs=21),1st,2026/04/02,2026年3月25日 17:42
韓国 - 2026-04-02 - 2nd,韓国,アップロード済,SUNNYSH (https://app.notion.com/p/08d06c9684c3467ba3373ef7768d2323?pvs=21),日韓問題　原因は韓国　世界へ宣言,韓国 - 2026-04-02 - 2nd,,YouTubeチェンネル運営ビジネス (https://app.notion.com/p/86f2d2e9f4074174a2e1898ace238df6?pvs=21),2nd,2026/04/02,2026年3月25日 19:05
韓国 - 2026-04-01 - 1st,韓国,アップロード済,SUNNYSH (https://app.notion.com/p/08d06c9684c3467ba3373ef7768d2323?pvs=21),国際機関、遂に　韓国へ公式発表　支援全て消滅へ,韓国 - 2026-04-01 - 1st,,YouTubeチェンネル運営ビジネス (https://app.notion.com/p/86f2d2e9f4074174a2e1898ace238df6?pvs=21),1st,2026/04/01,2026年3月25日 19:10
中国 - 2026-04-01 - 2nd,中国,アップロード済,SUNNYSH (https://app.notion.com/p/08d06c9684c3467ba3373ef7768d2323?pvs=21),通貨98％暴落　インフレ率70％　中国財政壊滅状態,中国 - 2026-04-01 - 2nd,,YouTubeチェンネル運営ビジネス (https://app.notion.com/p/86f2d2e9f4074174a2e1898ace238df6?pvs=21),2nd,2026/04/01,2026年3月25日 19:11
中国 - 2026-03-27 - 3rd,中国,アップロード済,SUNNYSH (https://app.notion.com/p/08d06c9684c3467ba3373ef7768d2323?pvs=21),【速報】中国大使館　自衛官侵入に　日本民の鋭い正論,中国 - 2026-03-27 - 3rd,要検証,YouTubeチェンネル運営ビジネス (https://app.notion.com/p/86f2d2e9f4074174a2e1898ace238df6?pvs=21),3rd,2026/03/27,2026年3月27日 0:06
韓国 - 2026-04-04 - 1st,韓国,アップロード済,SUNNYSH (https://app.notion.com/p/08d06c9684c3467ba3373ef7768d2323?pvs=21),豪CEO電撃発表　韓国永久追放確定　日本と契約大儲け,韓国 - 2026-04-04 - 1st,,YouTubeチェンネル運営ビジネス (https://app.notion.com/p/86f2d2e9f4074174a2e1898ace238df6?pvs=21),1st,2026/04/04,2026年3月27日 16:40
韓国 - 2026-04-04 - 2nd,韓国,アップロード済,SUNNYSH (https://app.notion.com/p/08d06c9684c3467ba3373ef7768d2323?pvs=21),韓国、異常事態　協約破棄捨てられ　日本にボロ負け,韓国 - 2026-04-04 - 2nd,,YouTubeチェンネル運営ビジネス (https://app.notion.com/p/86f2d2e9f4074174a2e1898ace238df6?pvs=21),2nd,2026/04/04,2026年3月27日 16:41
中国 - 2026-04-04 - 3rd,中国,アップロード済,SUNNYSH (https://app.notion.com/p/08d06c9684c3467ba3373ef7768d2323?pvs=21),日本の驚愕一手　中国軍消滅へ　知れ渡り中民騒然,中国 - 2026-04-04 - 3rd,要検証,YouTubeチェンネル運営ビジネス (https://app.notion.com/p/86f2d2e9f4074174a2e1898ace238df6?pvs=21),3rd,2026/04/04,2026年3月27日 16:41
韓国 - 2026-04-05 - 1st,韓国,アップロード済,SUNNYSH (https://app.notion.com/p/08d06c9684c3467ba3373ef7768d2323?pvs=21),日本医薬が最高　韓国民絶句　まさか厚労省が,韓国 - 2026-04-05 - 1st,,YouTubeチェンネル運営ビジネス (https://app.notion.com/p/86f2d2e9f4074174a2e1898ace238df6?pvs=21),1st,2026/04/05,2026年3月27日 16:41
韓国 - 2026-04-05 - 2nd,韓国,アップロード済,SUNNYSH (https://app.notion.com/p/08d06c9684c3467ba3373ef7768d2323?pvs=21),Netflixまさか　韓流株大暴落　韓国民の怒り爆発,韓国 - 2026-04-05 - 2nd,要検証,YouTubeチェンネル運営ビジネス (https://app.notion.com/p/86f2d2e9f4074174a2e1898ace238df6?pvs=21),2nd,2026/04/05,2026年3月29日 19:56
中国 - 2026-04-05 - 3rd,中国,アップロード済,SUNNYSH (https://app.notion.com/p/08d06c9684c3467ba3373ef7768d2323?pvs=21),中国輸出止められ　お金がない　ついに国家破産か,中国 - 2026-04-05 - 3rd,,YouTubeチェンネル運営ビジネス (https://app.notion.com/p/86f2d2e9f4074174a2e1898ace238df6?pvs=21),3rd,2026/04/05,2026年3月29日 19:57
韓国 - 2026-04-06 - 1st,韓国,アップロード済,SUNNYSH (https://app.notion.com/p/08d06c9684c3467ba3373ef7768d2323?pvs=21),日本正気か？　世界リーダー賞賛　韓国腰抜かす,韓国 - 2026-04-06 - 1st,,YouTubeチェンネル運営ビジネス (https://app.notion.com/p/86f2d2e9f4074174a2e1898ace238df6?pvs=21),1st,2026/04/06,2026年3月29日 19:57
韓国 - 2026-04-06 - 2nd,韓国,アップロード済,SUNNYSH (https://app.notion.com/p/08d06c9684c3467ba3373ef7768d2323?pvs=21),韓国へ屈辱発表　国際機関断固拒否　完全に日本が,韓国 - 2026-04-06 - 2nd,,YouTubeチェンネル運営ビジネス (https://app.notion.com/p/86f2d2e9f4074174a2e1898ace238df6?pvs=21),2nd,2026/04/06,2026年3月31日 17:40
韓国 - 2026-04-07 - 1st,韓国,アップロード済,SUNNYSH (https://app.notion.com/p/08d06c9684c3467ba3373ef7768d2323?pvs=21),韓国に天罰？　愚かに便乗し　資産が消滅,韓国 - 2026-04-07 - 1st,,YouTubeチェンネル運営ビジネス (https://app.notion.com/p/86f2d2e9f4074174a2e1898ace238df6?pvs=21),1st,2026/04/07,2026年3月31日 17:40
中国 - 2026-04-07 - 2nd,中国,アップロード済,SUNNYSH (https://app.notion.com/p/08d06c9684c3467ba3373ef7768d2323?pvs=21),まさか習近平が　業界まるごと崩壊　北京経済壊滅へ,中国 - 2026-04-07 - 2nd,良いタイトル,YouTubeチェンネル運営ビジネス (https://app.notion.com/p/86f2d2e9f4074174a2e1898ace238df6?pvs=21),2nd,2026/04/07,2026年3月31日 17:40
韓国 - 2026-04-30 - 2nd,韓国,アップロード済,SUNNYSH (https://app.notion.com/p/08d06c9684c3467ba3373ef7768d2323?pvs=21),公文緊急通達　ついに世界へ　韓国号泣謝罪,韓国 - 2026-04-30 - 2nd,,YouTubeチェンネル運営ビジネス (https://app.notion.com/p/86f2d2e9f4074174a2e1898ace238df6?pvs=21),2nd,2026/04/30,2026年3月31日 17:40
韓国 - 2026-04-08 - 2nd,韓国,アップロード済,SUNNYSH (https://app.notion.com/p/08d06c9684c3467ba3373ef7768d2323?pvs=21),韓国緊急SOS　IMF警告無視続け　崩壊寸前の危機,韓国 - 2026-04-08 - 2nd,,YouTubeチェンネル運営ビジネス (https://app.notion.com/p/86f2d2e9f4074174a2e1898ace238df6?pvs=21),2nd,2026/04/08,2026年4月2日 13:59
韓国 - 2026-04-08 - 1st,韓国,アップロード済,SUNNYSH (https://app.notion.com/p/08d06c9684c3467ba3373ef7768d2323?pvs=21),韓国未払いバレ　国民が犠牲に　日本は助けず無視,韓国 - 2026-04-08 - 1st,,YouTubeチェンネル運営ビジネス (https://app.notion.com/p/86f2d2e9f4074174a2e1898ace238df6?pvs=21),1st,2026/04/08,2026年4月2日 13:59
韓国 - 2026-04-09 - 1st,韓国,アップロード済,SUNNYSH (https://app.notion.com/p/08d06c9684c3467ba3373ef7768d2323?pvs=21),韓国民腰抜かす　英機関電撃発表　日本の圧倒的凄さ,韓国 - 2026-04-09 - 1st,,YouTubeチェンネル運営ビジネス (https://app.notion.com/p/86f2d2e9f4074174a2e1898ace238df6?pvs=21),1st,2026/04/09,2026年4月2日 14:00
中国 - 2026-04-09 - 2nd,中国,アップロード済,SUNNYSH (https://app.notion.com/p/08d06c9684c3467ba3373ef7768d2323?pvs=21),中国人型ロボット　暴走し暴力事件　契約破棄続出大損,中国 - 2026-04-09 - 2nd,,YouTubeチェンネル運営ビジネス (https://app.notion.com/p/86f2d2e9f4074174a2e1898ace238df6?pvs=21),2nd,2026/04/09,2026年4月2日 14:01
韓国 - 2026-04-10 - 1st,韓国,アップロード済,SUNNYSH (https://app.notion.com/p/08d06c9684c3467ba3373ef7768d2323?pvs=21),もう復旧不可能　韓国国家崩壊危機　人金すべて日本へ,韓国 - 2026-04-10 - 1st,,YouTubeチェンネル運営ビジネス (https://app.notion.com/p/86f2d2e9f4074174a2e1898ace238df6?pvs=21),1st,2026/04/10,2026年4月3日 22:29
中国 - 2026-04-10 - 2nd,中国,アップロード済,SUNNYSH (https://app.notion.com/p/08d06c9684c3467ba3373ef7768d2323?pvs=21),中民が激怒大後悔　中国政府大慌て　日本が正しかった,中国 - 2026-04-10 - 2nd,,YouTubeチェンネル運営ビジネス (https://app.notion.com/p/86f2d2e9f4074174a2e1898ace238df6?pvs=21),2nd,2026/04/10,2026年4月3日 22:30
韓国 - 2026-04-11 - 1st,韓国,アップロード済,SUNNYSH (https://app.notion.com/p/08d06c9684c3467ba3373ef7768d2323?pvs=21),ただの愚か者？　イジェミョン乱心　真実に韓国民絶望,韓国 - 2026-04-11 - 1st,,YouTubeチェンネル運営ビジネス (https://app.notion.com/p/86f2d2e9f4074174a2e1898ace238df6?pvs=21),1st,2026/04/11,2026年4月3日 22:31
韓国 - 2026-04-11 - 2nd,韓国,アップロード済,SUNNYSH (https://app.notion.com/p/08d06c9684c3467ba3373ef7768d2323?pvs=21),国際問題批判殺到　腐った韓国追放へ　日本民の鋭い正論,韓国 - 2026-04-11 - 2nd,,YouTubeチェンネル運営ビジネス (https://app.notion.com/p/86f2d2e9f4074174a2e1898ace238df6?pvs=21),2nd,2026/04/11,2026年4月3日 22:32
中国 - 2026-04-11 - 3rd,中国,アップロード済,SUNNYSH (https://app.notion.com/p/08d06c9684c3467ba3373ef7768d2323?pvs=21),中国正気か？　やばい貧困原因に　世界が度肝抜かれ,中国 - 2026-04-11 - 3rd,,YouTubeチェンネル運営ビジネス (https://app.notion.com/p/86f2d2e9f4074174a2e1898ace238df6?pvs=21),3rd,2026/04/11,2026年4月3日 22:34
韓国 - 2026-04-12 - 1st,韓国,アップロード済,SUNNYSH (https://app.notion.com/p/08d06c9684c3467ba3373ef7768d2323?pvs=21),日本仏国正気か？　財産没収　韓国国家破綻危機,韓国 - 2026-04-12 - 1st,,YouTubeチェンネル運営ビジネス (https://app.notion.com/p/86f2d2e9f4074174a2e1898ace238df6?pvs=21),1st,2026/04/12,2026年4月3日 22:34
韓国 - 2026-04-12 - 2nd,韓国,アップロード済,SUNNYSH (https://app.notion.com/p/08d06c9684c3467ba3373ef7768d2323?pvs=21),韓国もう限界　最新根拠公開　国家破産か,韓国 - 2026-04-12 - 2nd,,YouTubeチェンネル運営ビジネス (https://app.notion.com/p/86f2d2e9f4074174a2e1898ace238df6?pvs=21),2nd,2026/04/12,2026年4月3日 22:37
中国 - 2026-04-12 - 3rd,中国,アップロード済,SUNNYSH (https://app.notion.com/p/08d06c9684c3467ba3373ef7768d2323?pvs=21),地獄生きる中国民　主席メンツのため　数億人が犠牲に,中国 - 2026-04-12 - 3rd,,YouTubeチェンネル運営ビジネス (https://app.notion.com/p/86f2d2e9f4074174a2e1898ace238df6?pvs=21),3rd,2026/04/12,2026年4月3日 22:38
中国 - 2026-04-13 - 2nd,中国,アップロード済,SUNNYSH (https://app.notion.com/p/08d06c9684c3467ba3373ef7768d2323?pvs=21),中企業裏工作バレ　日本中国離れ加速　契約破棄永久追放,中国 - 2026-04-13 - 2nd,,YouTubeチェンネル運営ビジネス (https://app.notion.com/p/86f2d2e9f4074174a2e1898ace238df6?pvs=21),2nd,2026/04/13,2026年4月6日 17:32
韓国 - 2026-04-13 - 1st,韓国,アップロード済,SUNNYSH (https://app.notion.com/p/08d06c9684c3467ba3373ef7768d2323?pvs=21),韓国異変が　緊急SOS　もう手遅れ,韓国 - 2026-04-13 - 1st,,YouTubeチェンネル運営ビジネス (https://app.notion.com/p/86f2d2e9f4074174a2e1898ace238df6?pvs=21),1st,2026/04/13,2026年4月6日 17:32
韓国 - 2026-04-14 - 1st,韓国,アップロード済,SUNNYSH (https://app.notion.com/p/08d06c9684c3467ba3373ef7768d2323?pvs=21),どうした韓国　数々の屈辱行為　突然後悔,韓国 - 2026-04-14 - 1st,,YouTubeチェンネル運営ビジネス (https://app.notion.com/p/86f2d2e9f4074174a2e1898ace238df6?pvs=21),1st,2026/04/14,2026年4月9日 13:44
韓国 - 2026-04-14 - 2nd,韓国,アップロード済,SUNNYSH (https://app.notion.com/p/08d06c9684c3467ba3373ef7768d2323?pvs=21),過剰負債に警告　日本が借金取立へ　韓国全てが破綻,韓国 - 2026-04-14 - 2nd,,YouTubeチェンネル運営ビジネス (https://app.notion.com/p/86f2d2e9f4074174a2e1898ace238df6?pvs=21),2nd,2026/04/14,2026年4月9日 13:45
韓国 - 2026-04-15 - 1st,韓国,アップロード済,SUNNYSH (https://app.notion.com/p/08d06c9684c3467ba3373ef7768d2323?pvs=21),日本銀行強力一手　財閥を生産停止へ　韓国経済大打撃,韓国 - 2026-04-15 - 1st,,YouTubeチェンネル運営ビジネス (https://app.notion.com/p/86f2d2e9f4074174a2e1898ace238df6?pvs=21),1st,2026/04/15,2026年4月9日 13:45
中国 - 2026-04-15 - 2nd,中国,アップロード済,SUNNYSH (https://app.notion.com/p/08d06c9684c3467ba3373ef7768d2323?pvs=21),中インフラ消滅へ　中国政府壊滅発表　日本どうか助けて　,中国 - 2026-04-15 - 2nd,失敗タイトル,YouTubeチェンネル運営ビジネス (https://app.notion.com/p/86f2d2e9f4074174a2e1898ace238df6?pvs=21),2nd,2026/04/15,2026年4月9日 13:45
中国 - 2026-04-17 - 2nd,中国,アップロード済,SUNNYSH (https://app.notion.com/p/08d06c9684c3467ba3373ef7768d2323?pvs=21),遂に中国極貧餓死　日本報道できない　末期で全土暴徒化,中国 - 2026-04-17 - 2nd,,YouTubeチェンネル運営ビジネス (https://app.notion.com/p/86f2d2e9f4074174a2e1898ace238df6?pvs=21),2nd,2026/04/17,2026年4月11日 13:59
韓国 - 2026-04-17 - 1st,韓国,アップロード済,SUNNYSH (https://app.notion.com/p/08d06c9684c3467ba3373ef7768d2323?pvs=21),日本で電撃発表　観光停止で大損害　韓国民顔面蒼白,韓国 - 2026-04-17 - 1st,,YouTubeチェンネル運営ビジネス (https://app.notion.com/p/86f2d2e9f4074174a2e1898ace238df6?pvs=21),1st,2026/04/17,2026年4月11日 13:59
韓国 - 2026-04-16 - 2nd,韓国,アップロード済,SUNNYSH (https://app.notion.com/p/08d06c9684c3467ba3373ef7768d2323?pvs=21),日韓決裂？　とんでもない要求　韓国、思わぬ展開に,韓国 - 2026-04-16 - 2nd,,YouTubeチェンネル運営ビジネス (https://app.notion.com/p/86f2d2e9f4074174a2e1898ace238df6?pvs=21),2nd,2026/04/16,2026年4月11日 13:59
韓国 - 2026-04-16 - 1st,韓国,アップロード済,SUNNYSH (https://app.notion.com/p/08d06c9684c3467ba3373ef7768d2323?pvs=21),まさかの激動予告　韓国遂に　日本から・・・,韓国 - 2026-04-16 - 1st,,YouTubeチェンネル運営ビジネス (https://app.notion.com/p/86f2d2e9f4074174a2e1898ace238df6?pvs=21),1st,2026/04/16,2026年4月11日 13:59
韓国 - 2026-04-18 - 2nd,韓国,アップロード済,SUNNYSH (https://app.notion.com/p/08d06c9684c3467ba3373ef7768d2323?pvs=21),日本調査発表　韓国の乗取り失敗　事実知り民大激怒,韓国 - 2026-04-18 - 2nd,,YouTubeチェンネル運営ビジネス (https://app.notion.com/p/86f2d2e9f4074174a2e1898ace238df6?pvs=21),2nd,2026/04/18,2026年4月11日 20:32
韓国 - 2026-04-18 - 1st,韓国,アップロード済,SUNNYSH (https://app.notion.com/p/08d06c9684c3467ba3373ef7768d2323?pvs=21),韓国政府が民に　知られたくない　屈辱事実バレ発狂,韓国 - 2026-04-18 - 1st,,YouTubeチェンネル運営ビジネス (https://app.notion.com/p/86f2d2e9f4074174a2e1898ace238df6?pvs=21),1st,2026/04/18,2026年4月11日 20:32
中国 - 2026-04-18 - 3rd,中国,アップロード済,SUNNYSH (https://app.notion.com/p/08d06c9684c3467ba3373ef7768d2323?pvs=21),極悪非道　中国ついに　世界から,中国 - 2026-04-18 - 3rd,,YouTubeチェンネル運営ビジネス (https://app.notion.com/p/86f2d2e9f4074174a2e1898ace238df6?pvs=21),3rd,2026/04/18,2026年4月11日 20:33
"韓国 - 2026-04-19 - 1st ",韓国,アップロード済,SUNNYSH (https://app.notion.com/p/08d06c9684c3467ba3373ef7768d2323?pvs=21),泣きつく韓国　重要産業大損害　日本儲り韓民騒然,韓国 - 2026-04-19 - 1st,,YouTubeチェンネル運営ビジネス (https://app.notion.com/p/86f2d2e9f4074174a2e1898ace238df6?pvs=21),1st,2026/04/19,2026年4月13日 19:37
韓国 - 2026-04-19 - 2nd,韓国,アップロード済,SUNNYSH (https://app.notion.com/p/08d06c9684c3467ba3373ef7768d2323?pvs=21),愚かな韓国　6兆奪われ極貧へ　日本儲かり大笑い,韓国 - 2026-04-19 - 2nd,,YouTubeチェンネル運営ビジネス (https://app.notion.com/p/86f2d2e9f4074174a2e1898ace238df6?pvs=21),2nd,2026/04/19,2026年4月13日 19:38
中国 - 2026-04-19 - 3rd,中国,アップロード済,SUNNYSH (https://app.notion.com/p/08d06c9684c3467ba3373ef7768d2323?pvs=21),中国非常事態　ハッカーに狙われ　軍事データ見放題,中国 - 2026-04-19 - 3rd,,YouTubeチェンネル運営ビジネス (https://app.notion.com/p/86f2d2e9f4074174a2e1898ace238df6?pvs=21),3rd,2026/04/19,2026年4月13日 19:47
ア経済｜会員向け - 2026-04-19 - 会員募集,ア経済｜会員向け,アップロード済,SUNNYSH (https://app.notion.com/p/08d06c9684c3467ba3373ef7768d2323?pvs=21),会員募集動画,ア経済｜会員向け - 2026-04-19 - 会員向け,,YouTubeチェンネル運営ビジネス (https://app.notion.com/p/86f2d2e9f4074174a2e1898ace238df6?pvs=21),会員向け,2026/04/19,2026年4月13日 19:48
韓国 - 2026-04-21 - 1st,韓国,アップロード済,SUNNYSH (https://app.notion.com/p/08d06c9684c3467ba3373ef7768d2323?pvs=21),韓国お金がない　滞納続出　ついに国家破産か,韓国 - 2026-04-21 - 1st,,YouTubeチェンネル運営ビジネス (https://app.notion.com/p/86f2d2e9f4074174a2e1898ace238df6?pvs=21),1st,2026/04/21,2026年4月15日 16:33
韓国 - 2026-04-20 - 1st,韓国,アップロード済,SUNNYSH (https://app.notion.com/p/08d06c9684c3467ba3373ef7768d2323?pvs=21),イジェミョン　大ピンチ　韓国緊急に！？,韓国 - 2026-04-20 - 1st,,YouTubeチェンネル運営ビジネス (https://app.notion.com/p/86f2d2e9f4074174a2e1898ace238df6?pvs=21),1st,2026/04/20,2026年4月15日 16:33
韓国 - 2026-04-20 - 2nd,韓国,アップロード済,SUNNYSH (https://app.notion.com/p/08d06c9684c3467ba3373ef7768d2323?pvs=21),公研究所解析　崩壊断言　韓国地獄絵図,韓国 - 2026-04-20 - 2nd,,YouTubeチェンネル運営ビジネス (https://app.notion.com/p/86f2d2e9f4074174a2e1898ace238df6?pvs=21),2nd,2026/04/20,2026年4月15日 16:33
韓国 - 2026-05-31 - 1st,韓国,Not     　Started,SUNNYSH (https://app.notion.com/p/08d06c9684c3467ba3373ef7768d2323?pvs=21),,韓国 - 2026-06-30 - 1st,,YouTubeチェンネル運営ビジネス (https://app.notion.com/p/86f2d2e9f4074174a2e1898ace238df6?pvs=21),1st,2026/06/30,2026年4月15日 16:33
韓国 - 2026-04-21 - 2nd,韓国,アップロード済,SUNNYSH (https://app.notion.com/p/08d06c9684c3467ba3373ef7768d2323?pvs=21),韓国ついに不渡り　国民が犠牲に　日本は助けず無視,韓国 - 2026-04-21 - 2nd,,YouTubeチェンネル運営ビジネス (https://app.notion.com/p/86f2d2e9f4074174a2e1898ace238df6?pvs=21),2nd,2026/04/21,2026年4月15日 16:39
ア経済｜会員向け - 2026-04-19 - 会員向け,ア経済｜会員向け,アップロード済,SUNNYSH (https://app.notion.com/p/08d06c9684c3467ba3373ef7768d2323?pvs=21),,ア経済｜会員向け - 2026-04-19 - 会員向け,,YouTubeチェンネル運営ビジネス (https://app.notion.com/p/86f2d2e9f4074174a2e1898ace238df6?pvs=21),会員向け,2026/04/19,2026年4月15日 23:09
ア経済｜会員向け - 2026-04-19 - 会員向け,ア経済｜会員向け,アップロード済,SUNNYSH (https://app.notion.com/p/08d06c9684c3467ba3373ef7768d2323?pvs=21),時流の智慧　論理的サイクルで　人生の後半戦を賢く豊かに生き抜く,ア経済｜会員向け - 2026-04-19 - 会員向け,,YouTubeチェンネル運営ビジネス (https://app.notion.com/p/86f2d2e9f4074174a2e1898ace238df6?pvs=21),会員向け,2026/04/19,2026年4月16日 18:29
韓国 - 2026-04-23 - 2nd,韓国,アップロード済,SUNNYSH (https://app.notion.com/p/08d06c9684c3467ba3373ef7768d2323?pvs=21),韓国へ公式発表　3度国家破綻寸前　世界が支援拒否,韓国 - 2026-04-23 - 2nd,,YouTubeチェンネル運営ビジネス (https://app.notion.com/p/86f2d2e9f4074174a2e1898ace238df6?pvs=21),2nd,2026/04/23,2026年4月17日 13:15
韓国 - 2026-04-23 - 1st,韓国,アップロード済,SUNNYSH (https://app.notion.com/p/08d06c9684c3467ba3373ef7768d2323?pvs=21),韓国大騒ぎ　イランが参加拒否　完全に日本が,韓国 - 2026-04-23 - 1st,,YouTubeチェンネル運営ビジネス (https://app.notion.com/p/86f2d2e9f4074174a2e1898ace238df6?pvs=21),1st,2026/04/23,2026年4月17日 13:15
韓国 - 2026-04-22 - 2nd,韓国,アップロード済,SUNNYSH (https://app.notion.com/p/08d06c9684c3467ba3373ef7768d2323?pvs=21),韓国に批判の嵐　すでに手遅れ　もう止まりません,韓国 - 2026-04-22 - 2nd,,YouTubeチェンネル運営ビジネス (https://app.notion.com/p/86f2d2e9f4074174a2e1898ace238df6?pvs=21),2nd,2026/04/22,2026年4月17日 13:15
韓国 - 2026-04-22 - 1st,韓国,アップロード済,SUNNYSH (https://app.notion.com/p/08d06c9684c3467ba3373ef7768d2323?pvs=21),韓国絶句　イスラエル世界に　電撃表明,韓国 - 2026-04-22 - 1st,,YouTubeチェンネル運営ビジネス (https://app.notion.com/p/86f2d2e9f4074174a2e1898ace238df6?pvs=21),1st,2026/04/22,2026年4月17日 13:16
韓国 - 2026-04-25 - 2nd,韓国,アップロード済,SUNNYSH (https://app.notion.com/p/08d06c9684c3467ba3373ef7768d2323?pvs=21),まさかの逆転に　韓国経済大打撃　日本は助けず無視,韓国 - 2026-04-25 - 2nd,,YouTubeチェンネル運営ビジネス (https://app.notion.com/p/86f2d2e9f4074174a2e1898ace238df6?pvs=21),2nd,2026/04/25,2026年4月19日 12:54
韓国 - 2026-04-25 - 1st,韓国,アップロード済,SUNNYSH (https://app.notion.com/p/08d06c9684c3467ba3373ef7768d2323?pvs=21),やめてくれ　相次ぐ辞退に　韓国政府顔面蒼白,韓国 - 2026-04-25 - 1st,,YouTubeチェンネル運営ビジネス (https://app.notion.com/p/86f2d2e9f4074174a2e1898ace238df6?pvs=21),1st,2026/04/25,2026年4月19日 12:54
韓国 - 2026-04-24 - 2nd,韓国,アップロード済,SUNNYSH (https://app.notion.com/p/08d06c9684c3467ba3373ef7768d2323?pvs=21),日本唖然　必至の韓国　態度激変？,韓国 - 2026-04-24 - 2nd,,YouTubeチェンネル運営ビジネス (https://app.notion.com/p/86f2d2e9f4074174a2e1898ace238df6?pvs=21),2nd,2026/04/24,2026年4月19日 12:54
韓国 - 2026-04-24 - 1st,韓国,アップロード済,SUNNYSH (https://app.notion.com/p/08d06c9684c3467ba3373ef7768d2323?pvs=21),まさかの全停止で　韓国経済崩壊へ　完全に日本が,韓国 - 2026-04-24 - 1st,,YouTubeチェンネル運営ビジネス (https://app.notion.com/p/86f2d2e9f4074174a2e1898ace238df6?pvs=21),1st,2026/04/24,2026年4月19日 12:54
韓国 - 2026-04-27 - 1st,韓国,アップロード済,SUNNYSH (https://app.notion.com/p/08d06c9684c3467ba3373ef7768d2323?pvs=21),韓企業へ緊急命令　資産凍結上納金へ　まさか日本は,韓国 - 2026-04-27 - 1st,,YouTubeチェンネル運営ビジネス (https://app.notion.com/p/86f2d2e9f4074174a2e1898ace238df6?pvs=21),1st,2026/04/27,2026年4月19日 12:56
韓国 - 2026-04-26 - 2nd,韓国,アップロード済,SUNNYSH (https://app.notion.com/p/08d06c9684c3467ba3373ef7768d2323?pvs=21),日韓問題　日本が激怒し　韓国大慌て,韓国 - 2026-04-26 - 2nd,,YouTubeチェンネル運営ビジネス (https://app.notion.com/p/86f2d2e9f4074174a2e1898ace238df6?pvs=21),2nd,2026/04/26,2026年4月21日 16:21
韓国 - 2026-04-26 - 1st,韓国,アップロード済,SUNNYSH (https://app.notion.com/p/08d06c9684c3467ba3373ef7768d2323?pvs=21),韓国政府大混乱　入国証改ざんバレ　世界入国拒否へ,韓国 - 2026-04-26 - 1st,,YouTubeチェンネル運営ビジネス (https://app.notion.com/p/86f2d2e9f4074174a2e1898ace238df6?pvs=21),1st,2026/04/26,2026年4月21日 16:22
韓国 - 2026-04-27 - 2nd,韓国,アップロード済,SUNNYSH (https://app.notion.com/p/08d06c9684c3467ba3373ef7768d2323?pvs=21),日本完全独占　韓国大後悔　100％暴落,韓国 - 2026-04-27 - 2nd,,YouTubeチェンネル運営ビジネス (https://app.notion.com/p/86f2d2e9f4074174a2e1898ace238df6?pvs=21),2nd,2026/04/27,2026年4月21日 16:23
韓国 - 2026-04-29 - 2nd,韓国,アップロード済,SUNNYSH (https://app.notion.com/p/08d06c9684c3467ba3373ef7768d2323?pvs=21),世界で嫌韓爆増中　無言の制裁に　韓国パニック,韓国 - 2026-04-29 - 2nd,,YouTubeチェンネル運営ビジネス (https://app.notion.com/p/86f2d2e9f4074174a2e1898ace238df6?pvs=21),2nd,2026/04/29,2026年4月22日 20:56
韓国 - 2026-04-29 - 1st,韓国,アップロード済,SUNNYSH (https://app.notion.com/p/08d06c9684c3467ba3373ef7768d2323?pvs=21),愚昧な韓国　反日代償ここまで　無慈悲に韓民狂乱,韓国 - 2026-04-29 - 1st,,YouTubeチェンネル運営ビジネス (https://app.notion.com/p/86f2d2e9f4074174a2e1898ace238df6?pvs=21),1st,2026/04/29,2026年4月22日 20:56
韓国 - 2026-04-28 - 1st,韓国,アップロード済,SUNNYSH (https://app.notion.com/p/08d06c9684c3467ba3373ef7768d2323?pvs=21),韓国絶句　IMF最終警告　まったなし,韓国 - 2026-04-28 - 1st,,YouTubeチェンネル運営ビジネス (https://app.notion.com/p/86f2d2e9f4074174a2e1898ace238df6?pvs=21),1st,2026/04/28,2026年4月22日 20:56
韓国 - 2026-04-28 - 2nd,韓国,アップロード済,SUNNYSH (https://app.notion.com/p/08d06c9684c3467ba3373ef7768d2323?pvs=21),日本絶対助けるな　必死の要求するが　韓国拒否られ破綻,韓国 - 2026-04-28 - 2nd,,YouTubeチェンネル運営ビジネス (https://app.notion.com/p/86f2d2e9f4074174a2e1898ace238df6?pvs=21),2nd,2026/04/28,2026年4月22日 20:56
韓国 - 2026-04-30 - 1st,韓国,アップロード済,SUNNYSH (https://app.notion.com/p/08d06c9684c3467ba3373ef7768d2323?pvs=21),韓国が完全終了　日本の英断で　国家が壊滅危機へ,韓国 - 2026-04-30 - 1st,,YouTubeチェンネル運営ビジネス (https://app.notion.com/p/86f2d2e9f4074174a2e1898ace238df6?pvs=21),1st,2026/04/30,2026年4月24日 16:35
韓国 - 2026-05-29 - 2nd,韓国,アップロード済,SUNNYSH (https://app.notion.com/p/08d06c9684c3467ba3373ef7768d2323?pvs=21),韓国批判の嵐　世界も警戒　収拾不能緊迫状態,韓国 - 2026-05-29 - 2nd,,YouTubeチェンネル運営ビジネス (https://app.notion.com/p/86f2d2e9f4074174a2e1898ace238df6?pvs=21),2nd,2026/05/29,2026年4月25日 17:15
韓国 - 2026-05-01 - 1st,韓国,アップロード済,SUNNYSH (https://app.notion.com/p/08d06c9684c3467ba3373ef7768d2323?pvs=21),韓国ひれ伏す　日本が支援停止で　韓財閥大パニック,韓国 - 2026-05-01 - 1st,,YouTubeチェンネル運営ビジネス (https://app.notion.com/p/86f2d2e9f4074174a2e1898ace238df6?pvs=21),1st,2026/05/01,2026年4月25日 17:15
韓国 - 2026-05-01 - 2nd,韓国,アップロード済,SUNNYSH (https://app.notion.com/p/08d06c9684c3467ba3373ef7768d2323?pvs=21),韓国から　日本企業完全撤退　日韓関係終了へ,韓国 - 2026-05-01 - 2nd,,YouTubeチェンネル運営ビジネス (https://app.notion.com/p/86f2d2e9f4074174a2e1898ace238df6?pvs=21),2nd,2026/05/01,2026年4月25日 17:17
韓国 - 2026-05-02 - 2nd,韓国,アップロード済,SUNNYSH (https://app.notion.com/p/08d06c9684c3467ba3373ef7768d2323?pvs=21),韓国緊急SOS　米の同盟破棄恐れ　まさか日本へ,韓国 - 2026-05-02 - 2nd,,YouTubeチェンネル運営ビジネス (https://app.notion.com/p/86f2d2e9f4074174a2e1898ace238df6?pvs=21),2nd,2026/05/02,2026年4月26日 9:43
韓国 - 2026-05-02 - 1st,韓国,アップロード済,SUNNYSH (https://app.notion.com/p/08d06c9684c3467ba3373ef7768d2323?pvs=21),ポーランド契約中止　各国続々と・・　韓国、お金消滅,韓国 - 2026-05-02 - 1st,,YouTubeチェンネル運営ビジネス (https://app.notion.com/p/86f2d2e9f4074174a2e1898ace238df6?pvs=21),1st,2026/05/02,2026年4月26日 9:43
韓国 - 2026-05-03 - 2nd,韓国,アップロード済,SUNNYSH (https://app.notion.com/p/08d06c9684c3467ba3373ef7768d2323?pvs=21),韓国正気か　世界が　度肝抜かれ,韓国 - 2026-05-03 - 2nd,要検証,YouTubeチェンネル運営ビジネス (https://app.notion.com/p/86f2d2e9f4074174a2e1898ace238df6?pvs=21),2nd,2026/05/03,2026年4月27日 15:22
韓国 - 2026-05-03 - 1st,韓国,アップロード済,SUNNYSH (https://app.notion.com/p/08d06c9684c3467ba3373ef7768d2323?pvs=21),世界中で契約解除　韓国破産危機へ　日本契約大儲け,韓国 - 2026-05-03 - 1st,,YouTubeチェンネル運営ビジネス (https://app.notion.com/p/86f2d2e9f4074174a2e1898ace238df6?pvs=21),1st,2026/05/03,2026年4月27日 15:22
韓国 - 2026-05-04 - 1st,韓国,アップロード済,SUNNYSH (https://app.notion.com/p/08d06c9684c3467ba3373ef7768d2323?pvs=21),韓国屈辱　契約停止　見捨てられ,韓国 - 2026-05-04 - 1st,要検証,YouTubeチェンネル運営ビジネス (https://app.notion.com/p/86f2d2e9f4074174a2e1898ace238df6?pvs=21),1st,2026/05/04,2026年4月28日 15:10
韓国 - 2026-05-04 - 2nd,韓国,アップロード済,SUNNYSH (https://app.notion.com/p/08d06c9684c3467ba3373ef7768d2323?pvs=21),日米不参加へ　世界騒然　韓国政府大混乱,韓国 - 2026-05-04 - 2nd,,YouTubeチェンネル運営ビジネス (https://app.notion.com/p/86f2d2e9f4074174a2e1898ace238df6?pvs=21),2nd,2026/05/04,2026年4月28日 18:44
韓国 - 2026-05-05 - 2nd,韓国,アップロード済,SUNNYSH (https://app.notion.com/p/08d06c9684c3467ba3373ef7768d2323?pvs=21),急遽辞退され　韓国大騒ぎ　国内倒産多発,韓国 - 2026-05-05 - 2nd,,YouTubeチェンネル運営ビジネス (https://app.notion.com/p/86f2d2e9f4074174a2e1898ace238df6?pvs=21),2nd,2026/05/05,2026年4月29日 12:01
韓国 - 2026-05-05 - 1st,韓国,アップロード済,SUNNYSH (https://app.notion.com/p/08d06c9684c3467ba3373ef7768d2323?pvs=21),日本も輸入拒否　世界が賛同　韓国経済大損害,韓国 - 2026-05-05 - 1st,,YouTubeチェンネル運営ビジネス (https://app.notion.com/p/86f2d2e9f4074174a2e1898ace238df6?pvs=21),1st,2026/05/05,2026年4月29日 12:01
韓国 - 2026-05-06 - 1st,韓国,アップロード済,SUNNYSH (https://app.notion.com/p/08d06c9684c3467ba3373ef7768d2323?pvs=21),韓国製造業界騒然　敗北決定大損害　日本契約韓民激怒,韓国 - 2026-05-06 - 1st,,YouTubeチェンネル運営ビジネス (https://app.notion.com/p/86f2d2e9f4074174a2e1898ace238df6?pvs=21),1st,2026/05/06,2026年4月29日 22:28
韓国 - 2026-05-07 - 2nd,韓国,アップロード済,SUNNYSH (https://app.notion.com/p/08d06c9684c3467ba3373ef7768d2323?pvs=21),ホルムズ海峡で　日本は無料通過　韓国1兆円踏倒し,韓国 - 2026-05-07 - 2nd,,YouTubeチェンネル運営ビジネス (https://app.notion.com/p/86f2d2e9f4074174a2e1898ace238df6?pvs=21),2nd,2026/05/07,2026年4月30日 15:41
韓国 - 2026-05-07 - 1st,韓国,アップロード済,SUNNYSH (https://app.notion.com/p/08d06c9684c3467ba3373ef7768d2323?pvs=21),韓国輸出増加で　国民生活崩壊へ　リアルな極貧生活,韓国 - 2026-05-07 - 1st,,YouTubeチェンネル運営ビジネス (https://app.notion.com/p/86f2d2e9f4074174a2e1898ace238df6?pvs=21),1st,2026/05/07,2026年4月30日 15:41
韓国 - 2026-05-06 - 2nd,韓国,アップロード済,SUNNYSH (https://app.notion.com/p/08d06c9684c3467ba3373ef7768d2323?pvs=21),韓国ノージャパン　現在の姿に・・　　世界騒然,韓国 - 2026-05-06 - 2nd,,YouTubeチェンネル運営ビジネス (https://app.notion.com/p/86f2d2e9f4074174a2e1898ace238df6?pvs=21),2nd,2026/05/06,2026年4月30日 15:41
韓国 - 2026-05-08 - 2nd,韓国,アップロード済,SUNNYSH (https://app.notion.com/p/08d06c9684c3467ba3373ef7768d2323?pvs=21),日本の隣国　韓国どうやっても　消滅が確定する,韓国 - 2026-05-08 - 2nd,,YouTubeチェンネル運営ビジネス (https://app.notion.com/p/86f2d2e9f4074174a2e1898ace238df6?pvs=21),2nd,2026/05/08,2026年5月2日 16:24
韓国 - 2026-05-08 - 1st,韓国,アップロード済,SUNNYSH (https://app.notion.com/p/08d06c9684c3467ba3373ef7768d2323?pvs=21),韓国除外され悲鳴　常時スワップ　確実に来る崩壊,韓国 - 2026-05-08 - 1st,,YouTubeチェンネル運営ビジネス (https://app.notion.com/p/86f2d2e9f4074174a2e1898ace238df6?pvs=21),1st,2026/05/08,2026年5月2日 16:24
ア経済｜会員向け - 2026-05-03 - 会員向け,ア経済｜会員向け,アップロード済,SUNNYSH (https://app.notion.com/p/08d06c9684c3467ba3373ef7768d2323?pvs=21),ASEAN8年連続1位の真実　世界が日本に「最強の信頼」を託す本当の理由,ア経済｜会員向け - 2026-05-03 - 会員向け,,YouTubeチェンネル運営ビジネス (https://app.notion.com/p/86f2d2e9f4074174a2e1898ace238df6?pvs=21),会員向け,2026/05/03,2026年5月2日 22:11
韓国 - 2026-05-09 - 2nd,韓国,アップロード済,SUNNYSH (https://app.notion.com/p/08d06c9684c3467ba3373ef7768d2323?pvs=21),日本入国拒否　危険さに世界賛同　韓国緊急事態,韓国 - 2026-05-09 - 2nd,,YouTubeチェンネル運営ビジネス (https://app.notion.com/p/86f2d2e9f4074174a2e1898ace238df6?pvs=21),2nd,2026/05/09,2026年5月3日 11:31
韓国 - 2026-05-09 - 1st,韓国,アップロード済,SUNNYSH (https://app.notion.com/p/08d06c9684c3467ba3373ef7768d2323?pvs=21),ついに日本増収が　韓産業を駆逐し　韓国ついに・・,韓国 - 2026-05-09 - 1st,,YouTubeチェンネル運営ビジネス (https://app.notion.com/p/86f2d2e9f4074174a2e1898ace238df6?pvs=21),1st,2026/05/09,2026年5月3日 11:32
韓国 - 2026-05-10 - 2nd,韓国,アップロード済,SUNNYSH (https://app.notion.com/p/08d06c9684c3467ba3373ef7768d2323?pvs=21),韓国屈辱　地獄！無償の契約　見捨てられ,韓国 - 2026-05-10 - 2nd,,YouTubeチェンネル運営ビジネス (https://app.notion.com/p/86f2d2e9f4074174a2e1898ace238df6?pvs=21),2nd,2026/05/10,2026年5月4日 15:12
韓国 - 2026-05-10 - 1st,韓国,アップロード済,SUNNYSH (https://app.notion.com/p/08d06c9684c3467ba3373ef7768d2323?pvs=21),バカには追加制裁　米国発狂し発表　韓国経済が窮地に,韓国 - 2026-05-10 - 1st,,YouTubeチェンネル運営ビジネス (https://app.notion.com/p/86f2d2e9f4074174a2e1898ace238df6?pvs=21),1st,2026/05/10,2026年5月4日 15:12
韓国 - 2026-05-11 - 2nd,韓国,アップロード済,SUNNYSH (https://app.notion.com/p/08d06c9684c3467ba3373ef7768d2323?pvs=21),日本に勝てません　財閥トップが白状　韓国世界に恥晒す,韓国 - 2026-05-11 - 2nd,,YouTubeチェンネル運営ビジネス (https://app.notion.com/p/86f2d2e9f4074174a2e1898ace238df6?pvs=21),2nd,2026/05/11,2026年5月5日 0:22
韓国 - 2026-05-11 - 1st,韓国,アップロード済,SUNNYSH (https://app.notion.com/p/08d06c9684c3467ba3373ef7768d2323?pvs=21),なぜなんだ欧州　相次ぐ却下に　韓国経済壊滅状態,韓国 - 2026-05-11 - 1st,,YouTubeチェンネル運営ビジネス (https://app.notion.com/p/86f2d2e9f4074174a2e1898ace238df6?pvs=21),1st,2026/05/11,2026年5月5日 0:22
韓国 - 2026-05-12 - 2nd,韓国,アップロード済,SUNNYSH (https://app.notion.com/p/08d06c9684c3467ba3373ef7768d2323?pvs=21),韓国に批判の嵐　既に手遅れ　もう止まりません,韓国 - 2026-05-12 - 2nd,,YouTubeチェンネル運営ビジネス (https://app.notion.com/p/86f2d2e9f4074174a2e1898ace238df6?pvs=21),2nd,2026/05/12,2026年5月6日 13:15
韓国 - 2026-05-12 - 1st,韓国,アップロード済,SUNNYSH (https://app.notion.com/p/08d06c9684c3467ba3373ef7768d2323?pvs=21),韓国民激怒　入国禁止　完全違日本が,韓国 - 2026-05-12 - 1st,,YouTubeチェンネル運営ビジネス (https://app.notion.com/p/86f2d2e9f4074174a2e1898ace238df6?pvs=21),1st,2026/05/12,2026年5月6日 13:15
韓国 - 2026-05-13 - 2nd,韓国,アップロード済,SUNNYSH (https://app.notion.com/p/08d06c9684c3467ba3373ef7768d2323?pvs=21),韓国、完全終了へ　日本企業が大英断　緊急国家消滅危機,韓国 - 2026-05-13 - 2nd,,YouTubeチェンネル運営ビジネス (https://app.notion.com/p/86f2d2e9f4074174a2e1898ace238df6?pvs=21),2nd,2026/05/13,2026年5月7日 11:56
韓国 - 2026-05-13 - 1st,韓国,アップロード済,SUNNYSH (https://app.notion.com/p/08d06c9684c3467ba3373ef7768d2323?pvs=21),韓国極貧国に転落　滞納続出　国家破産か,韓国 - 2026-05-13 - 1st,,YouTubeチェンネル運営ビジネス (https://app.notion.com/p/86f2d2e9f4074174a2e1898ace238df6?pvs=21),1st,2026/05/13,2026年5月7日 11:56
韓国 - 2026-05-14 - 2nd,韓国,アップロード済,SUNNYSH (https://app.notion.com/p/08d06c9684c3467ba3373ef7768d2323?pvs=21),韓国真逆　腰抜かす　予想外の驚愕事実,韓国 - 2026-05-14 - 2nd,,YouTubeチェンネル運営ビジネス (https://app.notion.com/p/86f2d2e9f4074174a2e1898ace238df6?pvs=21),2nd,2026/05/14,2026年5月8日 14:14
韓国 - 2026-05-14 - 1st,韓国,アップロード済,SUNNYSH (https://app.notion.com/p/08d06c9684c3467ba3373ef7768d2323?pvs=21),愚かな韓国　スワップに絶望し　緊急SOS,韓国 - 2026-05-14 - 1st,,YouTubeチェンネル運営ビジネス (https://app.notion.com/p/86f2d2e9f4074174a2e1898ace238df6?pvs=21),1st,2026/05/14,2026年5月8日 14:14
ア経済｜会員向け - 2026-05-10 - 会員向け,ア経済｜会員向け,アップロード済,SUNNYSH (https://app.notion.com/p/08d06c9684c3467ba3373ef7768d2323?pvs=21),,ア経済｜会員向け - 2026-05-10 - 会員向け,,YouTubeチェンネル運営ビジネス (https://app.notion.com/p/86f2d2e9f4074174a2e1898ace238df6?pvs=21),会員向け,2026/05/10,2026年5月8日 18:40
韓国 - 2026-05-15 - 2nd,韓国,アップロード済,SUNNYSH (https://app.notion.com/p/08d06c9684c3467ba3373ef7768d2323?pvs=21),突如フィリピン　韓国へ契約中止　あっさり日本契約,韓国 - 2026-05-15 - 2nd,,YouTubeチェンネル運営ビジネス (https://app.notion.com/p/86f2d2e9f4074174a2e1898ace238df6?pvs=21),2nd,2026/05/15,2026年5月9日 13:52
韓国 - 2026-05-15 - 1st,韓国,アップロード済,SUNNYSH (https://app.notion.com/p/08d06c9684c3467ba3373ef7768d2323?pvs=21),日本完全無視　哀れよ韓国大損害　ついに家電総撤退,韓国 - 2026-05-15 - 1st,,YouTubeチェンネル運営ビジネス (https://app.notion.com/p/86f2d2e9f4074174a2e1898ace238df6?pvs=21),1st,2026/05/15,2026年5月9日 13:52
韓国 - 2026-05-16 - 1st,韓国,アップロード済,SUNNYSH (https://app.notion.com/p/08d06c9684c3467ba3373ef7768d2323?pvs=21),韓国非常事態　ドル流出　経済崩壊へ,韓国 - 2026-05-16 - 1st,,YouTubeチェンネル運営ビジネス (https://app.notion.com/p/86f2d2e9f4074174a2e1898ace238df6?pvs=21),1st,2026/05/16,2026年5月10日 21:08
韓国 - 2026-05-16 - 2nd,韓国,アップロード済,SUNNYSH (https://app.notion.com/p/08d06c9684c3467ba3373ef7768d2323?pvs=21),日本に謝れ　オランダ急変　韓国大慌て,韓国 - 2026-05-16 - 2nd,,YouTubeチェンネル運営ビジネス (https://app.notion.com/p/86f2d2e9f4074174a2e1898ace238df6?pvs=21),2nd,2026/05/16,2026年5月10日 21:08
韓国 - 2026-05-17 - 2nd,韓国,アップロード済,SUNNYSH (https://app.notion.com/p/08d06c9684c3467ba3373ef7768d2323?pvs=21),日本に謝れ　在日韓国人激怒　本国大騒ぎ,韓国 - 2026-05-17 - 2nd,,YouTubeチェンネル運営ビジネス (https://app.notion.com/p/86f2d2e9f4074174a2e1898ace238df6?pvs=21),2nd,2026/05/17,2026年5月11日 14:09
韓国 - 2026-05-17 - 1st,韓国,アップロード済,SUNNYSH (https://app.notion.com/p/08d06c9684c3467ba3373ef7768d2323?pvs=21),ついに認めた　世界の村上宗隆　韓国民大発狂,韓国 - 2026-05-17 - 1st,要検証,YouTubeチェンネル運営ビジネス (https://app.notion.com/p/86f2d2e9f4074174a2e1898ace238df6?pvs=21),1st,2026/05/17,2026年5月11日 14:10
韓国 - 2026-05-18 - 2nd,韓国,アップロード済,SUNNYSH (https://app.notion.com/p/08d06c9684c3467ba3373ef7768d2323?pvs=21),韓国の本当の没落　ついに判明　毎日2千億円消失,韓国 - 2026-05-18 - 2nd,,YouTubeチェンネル運営ビジネス (https://app.notion.com/p/86f2d2e9f4074174a2e1898ace238df6?pvs=21),2nd,2026/05/18,2026年5月12日 17:56
韓国 - 2026-05-18 - 1st,韓国,アップロード済,SUNNYSH (https://app.notion.com/p/08d06c9684c3467ba3373ef7768d2323?pvs=21),イジェミョン空言　韓国退場　世界が怒り心頭,韓国 - 2026-05-18 - 1st,,YouTubeチェンネル運営ビジネス (https://app.notion.com/p/86f2d2e9f4074174a2e1898ace238df6?pvs=21),1st,2026/05/18,2026年5月12日 18:00
ア経済｜会員向け - 2026-05-24 - 会員向け,ア経済｜会員向け,アップロード済,SUNNYSH (https://app.notion.com/p/08d06c9684c3467ba3373ef7768d2323?pvs=21),激動の時代に辿り着く場所　成功者たちが最後に求めた『絶対的仕合わせ』,ア経済｜会員向け - 2026-05-24 - 会員向け,,YouTubeチェンネル運営ビジネス (https://app.notion.com/p/86f2d2e9f4074174a2e1898ace238df6?pvs=21),会員向け,2026/05/24,2026年5月12日 21:52
ア経済｜会員向け - 2026-05-17 - 会員向け,ア経済｜会員向け,アップロード済,SUNNYSH (https://app.notion.com/p/08d06c9684c3467ba3373ef7768d2323?pvs=21),ある富豪の決断　私たちが最後に辿り着く『報恩』の境地,ア経済｜会員向け - 2026-05-17 - 会員向け,,YouTubeチェンネル運営ビジネス (https://app.notion.com/p/86f2d2e9f4074174a2e1898ace238df6?pvs=21),会員向け,2026/05/17,2026年5月12日 21:53
韓国 - 2026-05-19 - 2nd,韓国,アップロード済,SUNNYSH (https://app.notion.com/p/08d06c9684c3467ba3373ef7768d2323?pvs=21),韓国号泣　日本断固拒否　受け入れ先無し,韓国 - 2026-05-19 - 2nd,,YouTubeチェンネル運営ビジネス (https://app.notion.com/p/86f2d2e9f4074174a2e1898ace238df6?pvs=21),2nd,2026/05/19,2026年5月13日 13:33
韓国 - 2026-05-19 - 1st,韓国,アップロード済,SUNNYSH (https://app.notion.com/p/08d06c9684c3467ba3373ef7768d2323?pvs=21),日本緊急通達　あの一大勢力が　日韓全面対決へ,韓国 - 2026-05-19 - 1st,,YouTubeチェンネル運営ビジネス (https://app.notion.com/p/86f2d2e9f4074174a2e1898ace238df6?pvs=21),1st,2026/05/19,2026年5月13日 13:33
韓国 - 2026-05-20 - 2nd,韓国,アップロード済,SUNNYSH (https://app.notion.com/p/08d06c9684c3467ba3373ef7768d2323?pvs=21),どうした韓国　日本にこだわり　必死の抵抗,韓国 - 2026-05-20 - 2nd,,YouTubeチェンネル運営ビジネス (https://app.notion.com/p/86f2d2e9f4074174a2e1898ace238df6?pvs=21),2nd,2026/05/20,2026年5月14日 13:42
韓国 - 2026-05-20 - 1st,韓国,アップロード済,SUNNYSH (https://app.notion.com/p/08d06c9684c3467ba3373ef7768d2323?pvs=21),韓国、大失敗　国の生命線産業　日本にボロ負け,韓国 - 2026-05-20 - 1st,,YouTubeチェンネル運営ビジネス (https://app.notion.com/p/86f2d2e9f4074174a2e1898ace238df6?pvs=21),1st,2026/05/20,2026年5月14日 13:42
韓国 - 2026-05-21 - 2nd,韓国,アップロード済,SUNNYSH (https://app.notion.com/p/08d06c9684c3467ba3373ef7768d2323?pvs=21),韓国が息巻き決裂　愚かすぎる計画に　寝言は寝て言え,韓国 - 2026-05-21 - 2nd,要検証,YouTubeチェンネル運営ビジネス (https://app.notion.com/p/86f2d2e9f4074174a2e1898ace238df6?pvs=21),2nd,2026/05/21,2026年5月15日 11:59
韓国 - 2026-05-21 - 1st,韓国,アップロード済,SUNNYSH (https://app.notion.com/p/08d06c9684c3467ba3373ef7768d2323?pvs=21),韓国もう限界　国際報道発表　完全に日本が,韓国 - 2026-05-21 - 1st,,YouTubeチェンネル運営ビジネス (https://app.notion.com/p/86f2d2e9f4074174a2e1898ace238df6?pvs=21),1st,2026/05/21,2026年5月15日 11:59
韓国 - 2026-05-22 - 2nd,韓国,アップロード済,SUNNYSH (https://app.notion.com/p/08d06c9684c3467ba3373ef7768d2323?pvs=21),もう、やめて・・　日本民に暴露され　韓国政府が大狂乱,韓国 - 2026-05-22 - 2nd,,YouTubeチェンネル運営ビジネス (https://app.notion.com/p/86f2d2e9f4074174a2e1898ace238df6?pvs=21),2nd,2026/05/22,2026年5月16日 13:20
韓国 - 2026-05-22 - 1st,韓国,アップロード済,SUNNYSH (https://app.notion.com/p/08d06c9684c3467ba3373ef7768d2323?pvs=21),韓国絶句　国際協力断固拒否　屈辱公式発表,韓国 - 2026-05-22 - 1st,,YouTubeチェンネル運営ビジネス (https://app.notion.com/p/86f2d2e9f4074174a2e1898ace238df6?pvs=21),1st,2026/05/22,2026年5月16日 13:21
韓国 - 2026-05-23 - 2nd,韓国,アップロード済,SUNNYSH (https://app.notion.com/p/08d06c9684c3467ba3373ef7768d2323?pvs=21),ニュージー辞退し　世界で炎上　韓国大慌て,韓国 - 2026-05-23 - 2nd,,YouTubeチェンネル運営ビジネス (https://app.notion.com/p/86f2d2e9f4074174a2e1898ace238df6?pvs=21),2nd,2026/05/23,2026年5月17日 13:56
韓国 - 2026-05-23 - 1st,韓国,アップロード済,SUNNYSH (https://app.notion.com/p/08d06c9684c3467ba3373ef7768d2323?pvs=21),裏で泣きつく　韓国大損害　日本儲り腰抜かす,韓国 - 2026-05-23 - 1st,,YouTubeチェンネル運営ビジネス (https://app.notion.com/p/86f2d2e9f4074174a2e1898ace238df6?pvs=21),1st,2026/05/23,2026年5月17日 13:56
韓国 - 2026-05-25 - 1st,韓国,アップロード済,SUNNYSH (https://app.notion.com/p/08d06c9684c3467ba3373ef7768d2323?pvs=21),韓国、重要産業　収益半減地獄絵図　人金も全て日本へ,韓国 - 2026-05-25 - 1st,,YouTubeチェンネル運営ビジネス (https://app.notion.com/p/86f2d2e9f4074174a2e1898ace238df6?pvs=21),1st,2026/05/25,2026年5月18日 11:32
韓国 - 2026-05-24 - 1st,韓国,アップロード済,SUNNYSH (https://app.notion.com/p/08d06c9684c3467ba3373ef7768d2323?pvs=21),アラブ本気か？　全利益没収　韓国政府騒然,韓国 - 2026-05-24 - 1st,,YouTubeチェンネル運営ビジネス (https://app.notion.com/p/86f2d2e9f4074174a2e1898ace238df6?pvs=21),1st,2026/05/24,2026年5月18日 11:33
韓国 - 2026-05-25 - 2nd,韓国,アップロード済,SUNNYSH (https://app.notion.com/p/08d06c9684c3467ba3373ef7768d2323?pvs=21),韓国の計画大失敗　日本が完全拒否　事実知り韓民屈辱,韓国 - 2026-05-25 - 2nd,,YouTubeチェンネル運営ビジネス (https://app.notion.com/p/86f2d2e9f4074174a2e1898ace238df6?pvs=21),2nd,2026/05/25,2026年5月19日 8:52
韓国 - 2026-05-24 - 2nd,韓国,アップロード済,SUNNYSH (https://app.notion.com/p/08d06c9684c3467ba3373ef7768d2323?pvs=21),泣きつく　韓国正気？　日本絶句,韓国 - 2026-05-24 - 2nd,,YouTubeチェンネル運営ビジネス (https://app.notion.com/p/86f2d2e9f4074174a2e1898ace238df6?pvs=21),2nd,2026/05/24,2026年5月19日 8:52
アジア経済 07月20日,,アップロード済,SUNNYSH (https://app.notion.com/p/08d06c9684c3467ba3373ef7768d2323?pvs=21),,- 2023-07-20 -,,YouTubeチェンネル運営ビジネス (https://app.notion.com/p/86f2d2e9f4074174a2e1898ace238df6?pvs=21),,2023/07/20,2023年7月19日 18:23
アジア経済 07月21日,,アップロード済,SUNNYSH (https://app.notion.com/p/08d06c9684c3467ba3373ef7768d2323?pvs=21),,- 2023-07-21 -,,YouTubeチェンネル運営ビジネス (https://app.notion.com/p/86f2d2e9f4074174a2e1898ace238df6?pvs=21),,2023/07/21,2023年7月19日 18:23
アジア経済 07月18日,,アップロード済,SUNNYSH (https://app.notion.com/p/08d06c9684c3467ba3373ef7768d2323?pvs=21),,- 2023-07-18 -,,YouTubeチェンネル運営ビジネス (https://app.notion.com/p/86f2d2e9f4074174a2e1898ace238df6?pvs=21),,2023/07/18,2023年7月19日 18:23
アジア経済 07月15日,,アップロード済,SUNNYSH (https://app.notion.com/p/08d06c9684c3467ba3373ef7768d2323?pvs=21),,- 2023-07-15 -,,YouTubeチェンネル運営ビジネス (https://app.notion.com/p/86f2d2e9f4074174a2e1898ace238df6?pvs=21),,2023/07/15,2023年7月19日 18:23
アジア経済 07月25日,,アップロード済,SUNNYSH (https://app.notion.com/p/08d06c9684c3467ba3373ef7768d2323?pvs=21),,- 2023-07-25 -,,YouTubeチェンネル運営ビジネス (https://app.notion.com/p/86f2d2e9f4074174a2e1898ace238df6?pvs=21),,2023/07/25,2023年7月22日 12:34
アジア経済 07月26日,,アップロード済,SUNNYSH (https://app.notion.com/p/08d06c9684c3467ba3373ef7768d2323?pvs=21),,- 2023-07-26 -,,YouTubeチェンネル運営ビジネス (https://app.notion.com/p/86f2d2e9f4074174a2e1898ace238df6?pvs=21),,2023/07/26,2023年7月22日 14:28
アジア経済 07月30日,,アップロード済,SUNNYSH (https://app.notion.com/p/08d06c9684c3467ba3373ef7768d2323?pvs=21),,- 2023-07-30 -,,YouTubeチェンネル運営ビジネス (https://app.notion.com/p/86f2d2e9f4074174a2e1898ace238df6?pvs=21),,2023/07/30,2023年7月26日 13:32
アジア経済 08月01日,,アップロード済,SUNNYSH (https://app.notion.com/p/08d06c9684c3467ba3373ef7768d2323?pvs=21),,- 2023-08-01 -,,YouTubeチェンネル運営ビジネス (https://app.notion.com/p/86f2d2e9f4074174a2e1898ace238df6?pvs=21),,2023/08/01,2023年7月29日 14:17
アジア経済 08月04日,,アップロード済,SUNNYSH (https://app.notion.com/p/08d06c9684c3467ba3373ef7768d2323?pvs=21),,- 2023-08-04 -,,YouTubeチェンネル運営ビジネス (https://app.notion.com/p/86f2d2e9f4074174a2e1898ace238df6?pvs=21),,2023/08/04,2023年8月1日 14:52
アジア経済 08月05日,,アップロード済,SUNNYSH (https://app.notion.com/p/08d06c9684c3467ba3373ef7768d2323?pvs=21),,- 2023-08-05 -,,YouTubeチェンネル運営ビジネス (https://app.notion.com/p/86f2d2e9f4074174a2e1898ace238df6?pvs=21),,2023/08/05,2023年8月2日 13:27
アジア経済 08月07日,,アップロード済,SUNNYSH (https://app.notion.com/p/08d06c9684c3467ba3373ef7768d2323?pvs=21),,- 2023-08-07 -,,YouTubeチェンネル運営ビジネス (https://app.notion.com/p/86f2d2e9f4074174a2e1898ace238df6?pvs=21),,2023/08/07,2023年8月4日 15:52
アジア経済 08月08日,,アップロード済,SUNNYSH (https://app.notion.com/p/08d06c9684c3467ba3373ef7768d2323?pvs=21),,- 2023-08-08 -,,YouTubeチェンネル運営ビジネス (https://app.notion.com/p/86f2d2e9f4074174a2e1898ace238df6?pvs=21),,2023/08/08,2023年8月5日 13:37
アジア経済 08月10日,,アップロード済,SUNNYSH (https://app.notion.com/p/08d06c9684c3467ba3373ef7768d2323?pvs=21),,- 2023-08-10 -,,YouTubeチェンネル運営ビジネス (https://app.notion.com/p/86f2d2e9f4074174a2e1898ace238df6?pvs=21),,2023/08/10,2023年8月7日 13:58
アジア経済 08月16日,,アップロード済,SUNNYSH (https://app.notion.com/p/08d06c9684c3467ba3373ef7768d2323?pvs=21),,- 2023-08-16 -,,YouTubeチェンネル運営ビジネス (https://app.notion.com/p/86f2d2e9f4074174a2e1898ace238df6?pvs=21),,2023/08/16,2023年8月13日 14:38
アジア経済 08月17日,,アップロード済,SUNNYSH (https://app.notion.com/p/08d06c9684c3467ba3373ef7768d2323?pvs=21),,- 2023-08-17 -,,YouTubeチェンネル運営ビジネス (https://app.notion.com/p/86f2d2e9f4074174a2e1898ace238df6?pvs=21),,2023/08/17,2023年8月14日 12:42
アジア経済 08月21日,,アップロード済,SUNNYSH (https://app.notion.com/p/08d06c9684c3467ba3373ef7768d2323?pvs=21),,- 2023-08-21 -,,YouTubeチェンネル運営ビジネス (https://app.notion.com/p/86f2d2e9f4074174a2e1898ace238df6?pvs=21),,2023/08/21,2023年8月17日 16:04
アジア経済 08月22日,,アップロード済,SUNNYSH (https://app.notion.com/p/08d06c9684c3467ba3373ef7768d2323?pvs=21),,- 2023-08-22 -,,YouTubeチェンネル運営ビジネス (https://app.notion.com/p/86f2d2e9f4074174a2e1898ace238df6?pvs=21),,2023/08/22,2023年8月17日 16:39
アジア経済 08月24日,,アップロード済,SUNNYSH (https://app.notion.com/p/08d06c9684c3467ba3373ef7768d2323?pvs=21),,- 2023-08-24 -,,YouTubeチェンネル運営ビジネス (https://app.notion.com/p/86f2d2e9f4074174a2e1898ace238df6?pvs=21),,2023/08/24,2023年8月19日 17:28
アジア経済 08月23日,,アップロード済,SUNNYSH (https://app.notion.com/p/08d06c9684c3467ba3373ef7768d2323?pvs=21),,- 2023-08-23 -,,YouTubeチェンネル運営ビジネス (https://app.notion.com/p/86f2d2e9f4074174a2e1898ace238df6?pvs=21),,2023/08/23,2023年8月21日 16:14
アジア経済 08月25日,,アップロード済,SUNNYSH (https://app.notion.com/p/08d06c9684c3467ba3373ef7768d2323?pvs=21),,- 2023-08-25 -,,YouTubeチェンネル運営ビジネス (https://app.notion.com/p/86f2d2e9f4074174a2e1898ace238df6?pvs=21),,2023/08/25,2023年8月22日 15:32
アジア経済 08月28日,,アップロード済,SUNNYSH (https://app.notion.com/p/08d06c9684c3467ba3373ef7768d2323?pvs=21),,- 2023-08-28 -,,YouTubeチェンネル運営ビジネス (https://app.notion.com/p/86f2d2e9f4074174a2e1898ace238df6?pvs=21),,2023/08/28,2023年8月25日 12:20
アジア経済 08月29日,,アップロード済,SUNNYSH (https://app.notion.com/p/08d06c9684c3467ba3373ef7768d2323?pvs=21),,- 2023-08-29 -,,YouTubeチェンネル運営ビジネス (https://app.notion.com/p/86f2d2e9f4074174a2e1898ace238df6?pvs=21),,2023/08/29,2023年8月26日 10:08
アジア経済 08月31日,,アップロード済,SUNNYSH (https://app.notion.com/p/08d06c9684c3467ba3373ef7768d2323?pvs=21),,- 2023-08-31 -,,YouTubeチェンネル運営ビジネス (https://app.notion.com/p/86f2d2e9f4074174a2e1898ace238df6?pvs=21),,2023/08/31,2023年8月28日 13:53
アジア経済 09月07日,,アップロード済,SUNNYSH (https://app.notion.com/p/08d06c9684c3467ba3373ef7768d2323?pvs=21),,- 2023-09-07 -,,YouTubeチェンネル運営ビジネス (https://app.notion.com/p/86f2d2e9f4074174a2e1898ace238df6?pvs=21),,2023/09/07,2023年9月4日 14:13
アジア経済 09月08日,,アップロード済,SUNNYSH (https://app.notion.com/p/08d06c9684c3467ba3373ef7768d2323?pvs=21),,- 2023-09-08 -,,YouTubeチェンネル運営ビジネス (https://app.notion.com/p/86f2d2e9f4074174a2e1898ace238df6?pvs=21),,2023/09/08,2023年9月6日 14:58
アジア経済 09月11日,,アップロード済,SUNNYSH (https://app.notion.com/p/08d06c9684c3467ba3373ef7768d2323?pvs=21),,- 2023-09-11 -,,YouTubeチェンネル運営ビジネス (https://app.notion.com/p/86f2d2e9f4074174a2e1898ace238df6?pvs=21),,2023/09/11,2023年9月8日 15:43
アジア経済 09月14日,,アップロード済,SUNNYSH (https://app.notion.com/p/08d06c9684c3467ba3373ef7768d2323?pvs=21),,- 2023-09-14 -,,YouTubeチェンネル運営ビジネス (https://app.notion.com/p/86f2d2e9f4074174a2e1898ace238df6?pvs=21),,2023/09/14,2023年9月11日 14:36
韓国 09月22日,韓国,アップロード済,SUNNYSH (https://app.notion.com/p/08d06c9684c3467ba3373ef7768d2323?pvs=21),,韓国 - 2023-09-22 -,,YouTubeチェンネル運営ビジネス (https://app.notion.com/p/86f2d2e9f4074174a2e1898ace238df6?pvs=21),,2023/09/22,2023年9月17日 16:07
中国 09月19日,中国,アップロード済,SUNNYSH (https://app.notion.com/p/08d06c9684c3467ba3373ef7768d2323?pvs=21),,中国 - 2023-09-19 -,,YouTubeチェンネル運営ビジネス (https://app.notion.com/p/86f2d2e9f4074174a2e1898ace238df6?pvs=21),,2023/09/19,2023年9月17日 17:20
中国 09月20日,中国,アップロード済,SUNNYSH (https://app.notion.com/p/08d06c9684c3467ba3373ef7768d2323?pvs=21),,中国 - 2023-09-20 -,,YouTubeチェンネル運営ビジネス (https://app.notion.com/p/86f2d2e9f4074174a2e1898ace238df6?pvs=21),,2023/09/20,2023年9月17日 22:55
中国 09月21日,中国,アップロード済,SUNNYSH (https://app.notion.com/p/08d06c9684c3467ba3373ef7768d2323?pvs=21),,中国 - 2023-09-21 -,,YouTubeチェンネル運営ビジネス (https://app.notion.com/p/86f2d2e9f4074174a2e1898ace238df6?pvs=21),,2023/09/21,2023年9月19日 0:07
中国 09月22日,中国,アップロード済,SUNNYSH (https://app.notion.com/p/08d06c9684c3467ba3373ef7768d2323?pvs=21),,中国 - 2023-09-22 -,,YouTubeチェンネル運営ビジネス (https://app.notion.com/p/86f2d2e9f4074174a2e1898ace238df6?pvs=21),,2023/09/22,2023年9月19日 0:55
中国 09月26日,中国,アップロード済,SUNNYSH (https://app.notion.com/p/08d06c9684c3467ba3373ef7768d2323?pvs=21),中国大騒ぎ　馬国契約破棄　完全に日本へ,中国 - 2023-09-26 -,,YouTubeチェンネル運営ビジネス (https://app.notion.com/p/86f2d2e9f4074174a2e1898ace238df6?pvs=21),,2023/09/26,2023年9月19日 15:21
川本 09月24日,川本,アップロード済,SUNNYSH (https://app.notion.com/p/08d06c9684c3467ba3373ef7768d2323?pvs=21),ビビリが　秘訣の　コーチング力,川本 - 2023-09-24 -,,YouTubeチェンネル運営ビジネス (https://app.notion.com/p/86f2d2e9f4074174a2e1898ace238df6?pvs=21),,2023/09/24,2023年9月22日 17:12
韓国 10月01日,韓国,アップロード済,SUNNYSH (https://app.notion.com/p/08d06c9684c3467ba3373ef7768d2323?pvs=21),いいぞ日台　必死の韓国　あっさり拒否,韓国 - 2023-10-01 -,,YouTubeチェンネル運営ビジネス (https://app.notion.com/p/86f2d2e9f4074174a2e1898ace238df6?pvs=21),,2023/10/01,2023年9月23日 1:18
川本 09月25日,川本,アップロード済,SUNNYSH (https://app.notion.com/p/08d06c9684c3467ba3373ef7768d2323?pvs=21),苦しみを　和らげるための　本当のコーチの　役割とは？,川本 - 2023-09-25 -,,YouTubeチェンネル運営ビジネス (https://app.notion.com/p/86f2d2e9f4074174a2e1898ace238df6?pvs=21),,2023/09/25,2023年9月23日 16:11
,中国,,,,中国 - 2023-09-25 -,,,,2023/09/25,2023年9月25日 9:44
,中国,,,,中国 - 2023-09-25 -,,,,2023/09/25,2023年9月25日 9:45
中国 09月28日,中国,アップロード済,SUNNYSH (https://app.notion.com/p/08d06c9684c3467ba3373ef7768d2323?pvs=21),日本の冷酷計略　中国大騒ぎ　国内倒産多発,中国 - 2023-09-28 -,,YouTubeチェンネル運営ビジネス (https://app.notion.com/p/86f2d2e9f4074174a2e1898ace238df6?pvs=21),,2023/09/28,2023年9月26日 16:07
韓国 09月29日,韓国,アップロード済,SUNNYSH (https://app.notion.com/p/08d06c9684c3467ba3373ef7768d2323?pvs=21),崩壊間近　韓国希望失う　世界仰天,韓国 - 2023-09-29 -,,YouTubeチェンネル運営ビジネス (https://app.notion.com/p/86f2d2e9f4074174a2e1898ace238df6?pvs=21),,2023/09/29,2023年9月27日 12:39
韓国 09月30日,韓国,アップロード済,SUNNYSH (https://app.notion.com/p/08d06c9684c3467ba3373ef7768d2323?pvs=21),まず筋を通せ！　徴用工嘘を追及　韓国大慌て,韓国 - 2023-09-30 -,,YouTubeチェンネル運営ビジネス (https://app.notion.com/p/86f2d2e9f4074174a2e1898ace238df6?pvs=21),,2023/09/30,2023年9月28日 14:15
中国 10月02日,中国,アップロード済,SUNNYSH (https://app.notion.com/p/08d06c9684c3467ba3373ef7768d2323?pvs=21),中国絶句　越南が電撃表明　世界が日本を,中国 - 2023-10-02 -,,YouTubeチェンネル運営ビジネス (https://app.notion.com/p/86f2d2e9f4074174a2e1898ace238df6?pvs=21),,2023/10/02,2023年9月29日 13:28
韓国 10月06日,韓国,アップロード済,SUNNYSH (https://app.notion.com/p/08d06c9684c3467ba3373ef7768d2323?pvs=21),日本怒り心頭　国際的圧力開始　韓国腰抜かす,韓国 - 2023-10-06 -,,YouTubeチェンネル運営ビジネス (https://app.notion.com/p/86f2d2e9f4074174a2e1898ace238df6?pvs=21),,2023/10/06,2023年9月29日 14:43
ユニ 10月 02日,ユニ,アップロード済,SUNNYSH (https://app.notion.com/p/08d06c9684c3467ba3373ef7768d2323?pvs=21),,ユニ - 2023-10-02 -,,YouTubeチェンネル運営ビジネス (https://app.notion.com/p/86f2d2e9f4074174a2e1898ace238df6?pvs=21),,2023/10/02,2023年10月2日 12:17
韓国 10月05日,韓国,アップロード済,SUNNYSH (https://app.notion.com/p/08d06c9684c3467ba3373ef7768d2323?pvs=21),日本完全無視　哀れな韓国　必死の抵抗,韓国 - 2023-10-05 -,,YouTubeチェンネル運営ビジネス (https://app.notion.com/p/86f2d2e9f4074174a2e1898ace238df6?pvs=21),,2023/10/05,2023年10月2日 13:13
中国 10月09日,中国,アップロード済,SUNNYSH (https://app.notion.com/p/08d06c9684c3467ba3373ef7768d2323?pvs=21),やめてくれ　英が公式暴露　中国政府狂乱,中国 - 2023-10-09 -,,YouTubeチェンネル運営ビジネス (https://app.notion.com/p/86f2d2e9f4074174a2e1898ace238df6?pvs=21),,2023/10/09,2023年10月5日 13:25
韓国 10月08日,韓国,アップロード済,SUNNYSH (https://app.notion.com/p/08d06c9684c3467ba3373ef7768d2323?pvs=21),韓国大慌て　NHKが世界に　緊急発表,韓国 - 2023-10-08 -,,YouTubeチェンネル運営ビジネス (https://app.notion.com/p/86f2d2e9f4074174a2e1898ace238df6?pvs=21),,2023/10/08,2023年10月6日 14:34
韓国 10月11日,韓国,アップロード済,SUNNYSH (https://app.notion.com/p/08d06c9684c3467ba3373ef7768d2323?pvs=21),ついに世界で　資産没収　韓国産業壊滅へ,韓国 - 2023-10-11 -,,YouTubeチェンネル運営ビジネス (https://app.notion.com/p/86f2d2e9f4074174a2e1898ace238df6?pvs=21),,2023/10/11,2023年10月8日 12:34
中国 10月12日,中国,アップロード済,SUNNYSH (https://app.notion.com/p/08d06c9684c3467ba3373ef7768d2323?pvs=21),中国手遅れ　国際裁判判決　210兆大損害,中国 - 2023-10-12 -,,YouTubeチェンネル運営ビジネス (https://app.notion.com/p/86f2d2e9f4074174a2e1898ace238df6?pvs=21),,2023/10/12,2023年10月9日 14:34
川本 10月07日,川本,アップロード済,SUNNYSH (https://app.notion.com/p/08d06c9684c3467ba3373ef7768d2323?pvs=21),今、辛い　あなたへの　特別なメッセージ,川本 - 2023-10-07 -,,YouTubeチェンネル運営ビジネス (https://app.notion.com/p/86f2d2e9f4074174a2e1898ace238df6?pvs=21),,2023/10/07,2023年10月12日 16:59
ユニ 10月 12日,ユニ,アップロード済,SUNNYSH (https://app.notion.com/p/08d06c9684c3467ba3373ef7768d2323?pvs=21),物語でわかる思考と現実の関係,ユニ - 2023-10-12 -,,YouTubeチェンネル運営ビジネス (https://app.notion.com/p/86f2d2e9f4074174a2e1898ace238df6?pvs=21),,2023/10/12,2023年10月13日 10:07
中国 10月18日,中国,アップロード済,SUNNYSH (https://app.notion.com/p/08d06c9684c3467ba3373ef7768d2323?pvs=21),中国金持ち村　実質デフォルト　暴落倒産多発,中国 - 2023-10-18 -,,YouTubeチェンネル運営ビジネス (https://app.notion.com/p/86f2d2e9f4074174a2e1898ace238df6?pvs=21),,2023/10/18,2023年10月15日 13:35
川本 10月14日,川本,アップロード済,SUNNYSH (https://app.notion.com/p/08d06c9684c3467ba3373ef7768d2323?pvs=21),うつ病って　伝染るんですか？ 　これに気をつけよう,川本 - 2023-10-14 -,,YouTubeチェンネル運営ビジネス (https://app.notion.com/p/86f2d2e9f4074174a2e1898ace238df6?pvs=21),,2023/10/14,2023年10月16日 15:19
ユニ 10月 14日,ユニ,アップロード済,SUNNYSH (https://app.notion.com/p/08d06c9684c3467ba3373ef7768d2323?pvs=21),,ユニ - 2023-10-14 -,,YouTubeチェンネル運営ビジネス (https://app.notion.com/p/86f2d2e9f4074174a2e1898ace238df6?pvs=21),,2023/10/14,2023年10月16日 16:42
韓国 10月21日,韓国,アップロード済,SUNNYSH (https://app.notion.com/p/08d06c9684c3467ba3373ef7768d2323?pvs=21),韓国民大混乱　入国拒否続出　世界が一斉に,韓国 - 2023-10-21 -,,YouTubeチェンネル運営ビジネス (https://app.notion.com/p/86f2d2e9f4074174a2e1898ace238df6?pvs=21),,2023/10/21,2023年10月17日 15:44
韓国 10月22日,韓国,アップロード済,SUNNYSH (https://app.notion.com/p/08d06c9684c3467ba3373ef7768d2323?pvs=21),まさかそこで　墜落事故続出　韓国民悲鳴,韓国 - 2023-10-22 -,,YouTubeチェンネル運営ビジネス (https://app.notion.com/p/86f2d2e9f4074174a2e1898ace238df6?pvs=21),,2023/10/22,2023年10月18日 13:22
韓国 11月18日,韓国,アップロード済,SUNNYSH (https://app.notion.com/p/08d06c9684c3467ba3373ef7768d2323?pvs=21),韓国絶句　トルコ急変　協約破棄表明,韓国 - 2023-11-18 -,NO,YouTubeチェンネル運営ビジネス (https://app.notion.com/p/86f2d2e9f4074174a2e1898ace238df6?pvs=21),,2023/11/18,2023年10月18日 16:47
中国 10月22日,中国,アップロード済,SUNNYSH (https://app.notion.com/p/08d06c9684c3467ba3373ef7768d2323?pvs=21),中国民激震　国際報道嘘証明　まさか日本が,中国 - 2023-10-22 -,,YouTubeチェンネル運営ビジネス (https://app.notion.com/p/86f2d2e9f4074174a2e1898ace238df6?pvs=21),,2023/10/22,2023年10月18日 16:48
中国 10月23日,中国,アップロード済,SUNNYSH (https://app.notion.com/p/08d06c9684c3467ba3373ef7768d2323?pvs=21),中国民激震　国際報道嘘証明　まさか日本が,中国 - 2023-10-23 -,,YouTubeチェンネル運営ビジネス (https://app.notion.com/p/86f2d2e9f4074174a2e1898ace238df6?pvs=21),,2023/10/23,2023年10月19日 12:47
韓国 10月25日,韓国,アップロード済,SUNNYSH (https://app.notion.com/p/08d06c9684c3467ba3373ef7768d2323?pvs=21),米国緊急通達　ついに世界へ　韓国号泣謝罪,韓国 - 2023-10-25 -,,YouTubeチェンネル運営ビジネス (https://app.notion.com/p/86f2d2e9f4074174a2e1898ace238df6?pvs=21),,2023/10/25,2023年10月21日 12:51
中国 10月25日,中国,アップロード済,SUNNYSH (https://app.notion.com/p/08d06c9684c3467ba3373ef7768d2323?pvs=21),絶対に許さん　中国の主張に　世界が奇襲撤退,中国 - 2023-10-25 -,,YouTubeチェンネル運営ビジネス (https://app.notion.com/p/86f2d2e9f4074174a2e1898ace238df6?pvs=21),,2023/10/25,2023年10月21日 13:53
韓国 10月26日,韓国,アップロード済,SUNNYSH (https://app.notion.com/p/08d06c9684c3467ba3373ef7768d2323?pvs=21),韓国大崩壊　国連違反バレ　経済支援停止,韓国 - 2023-10-26 -,,YouTubeチェンネル運営ビジネス (https://app.notion.com/p/86f2d2e9f4074174a2e1898ace238df6?pvs=21),,2023/10/26,2023年10月22日 13:09
ユニ 10月 26日,ユニ,アップロード済,SUNNYSH (https://app.notion.com/p/08d06c9684c3467ba3373ef7768d2323?pvs=21),願望を叶える、クセの特徴,ユニ - 2023-10-26 -,,YouTubeチェンネル運営ビジネス (https://app.notion.com/p/86f2d2e9f4074174a2e1898ace238df6?pvs=21),,2023/10/26,2023年10月25日 17:26
韓国 10月30日,韓国,アップロード済,SUNNYSH (https://app.notion.com/p/08d06c9684c3467ba3373ef7768d2323?pvs=21),韓国しっぺ返し　非道に加国激怒　即退場処分,韓国 - 2023-10-30 -,,YouTubeチェンネル運営ビジネス (https://app.notion.com/p/86f2d2e9f4074174a2e1898ace238df6?pvs=21),,2023/10/30,2023年10月27日 15:01
中国 11月02日,中国,アップロード済,SUNNYSH (https://app.notion.com/p/08d06c9684c3467ba3373ef7768d2323?pvs=21),ドイツ急変　協約破棄表明　中国腰抜かす,中国 - 2023-11-02 -,,YouTubeチェンネル運営ビジネス (https://app.notion.com/p/86f2d2e9f4074174a2e1898ace238df6?pvs=21),,2023/11/02,2023年10月30日 13:56
中国 11月04日,中国,アップロード済,SUNNYSH (https://app.notion.com/p/08d06c9684c3467ba3373ef7768d2323?pvs=21),責任放棄逃亡へ　中国民激震　まさか習近平が,中国 - 2023-11-04 -,NO,YouTubeチェンネル運営ビジネス (https://app.notion.com/p/86f2d2e9f4074174a2e1898ace238df6?pvs=21),,2023/11/04,2023年11月1日 13:37
韓国 11月05日,韓国,アップロード済,SUNNYSH (https://app.notion.com/p/08d06c9684c3467ba3373ef7768d2323?pvs=21),韓国事大ピンチ　世界共同声明　日本がまさか,韓国 - 2023-11-05 -,NO,YouTubeチェンネル運営ビジネス (https://app.notion.com/p/86f2d2e9f4074174a2e1898ace238df6?pvs=21),,2023/11/05,2023年11月2日 14:23
韓国 11月06日,韓国,アップロード済,SUNNYSH (https://app.notion.com/p/08d06c9684c3467ba3373ef7768d2323?pvs=21),韓国大慌て　権利剥奪　まさかの追放か,韓国 - 2023-11-06 -,NO,YouTubeチェンネル運営ビジネス (https://app.notion.com/p/86f2d2e9f4074174a2e1898ace238df6?pvs=21),,2023/11/06,2023年11月3日 14:14
中国 11月06日,中国,アップロード済,SUNNYSH (https://app.notion.com/p/08d06c9684c3467ba3373ef7768d2323?pvs=21),放射能問題　原因は中国　国際専門家断言,中国 - 2023-11-06 -,要検証,YouTubeチェンネル運営ビジネス (https://app.notion.com/p/86f2d2e9f4074174a2e1898ace238df6?pvs=21),,2023/11/06,2023年11月3日 14:57
韓国 11月11日,韓国,アップロード済,SUNNYSH (https://app.notion.com/p/08d06c9684c3467ba3373ef7768d2323?pvs=21),世界急変断韓　焦る韓国　現在70％壊滅,韓国 - 2023-11-11 -,NO,YouTubeチェンネル運営ビジネス (https://app.notion.com/p/86f2d2e9f4074174a2e1898ace238df6?pvs=21),,2023/11/11,2023年11月7日 14:53
中国 11月11日,中国,アップロード済,SUNNYSH (https://app.notion.com/p/08d06c9684c3467ba3373ef7768d2323?pvs=21),中国賠償請求？　完全却下　大ピンチ,中国 - 2023-11-11 -,NO,YouTubeチェンネル運営ビジネス (https://app.notion.com/p/86f2d2e9f4074174a2e1898ace238df6?pvs=21),,2023/11/11,2023年11月7日 16:06
川本 11月04日,川本,アップロード済,SUNNYSH (https://app.notion.com/p/08d06c9684c3467ba3373ef7768d2323?pvs=21),自分がダメと　思えても、　それで全然OK！,川本 - 2023-11-04 -,,YouTubeチェンネル運営ビジネス (https://app.notion.com/p/86f2d2e9f4074174a2e1898ace238df6?pvs=21),,2023/11/04,2023年11月8日 12:58
中国 11月12日,中国,アップロード済,SUNNYSH (https://app.notion.com/p/08d06c9684c3467ba3373ef7768d2323?pvs=21),嘘バレ地獄絵　財産消滅で　中国民パニック,中国 - 2023-11-12 -,NO,YouTubeチェンネル運営ビジネス (https://app.notion.com/p/86f2d2e9f4074174a2e1898ace238df6?pvs=21),,2023/11/12,2023年11月8日 16:07
韓国 11月13日,韓国,アップロード済,SUNNYSH (https://app.notion.com/p/08d06c9684c3467ba3373ef7768d2323?pvs=21),まずルール守れ　国連激怒し勧告　韓国腰抜かす,韓国 - 2023-11-13 -,要検証,YouTubeチェンネル運営ビジネス (https://app.notion.com/p/86f2d2e9f4074174a2e1898ace238df6?pvs=21),,2023/11/13,2023年11月9日 13:16
中国 11月15日,中国,アップロード済,SUNNYSH (https://app.notion.com/p/08d06c9684c3467ba3373ef7768d2323?pvs=21),EV産業壊滅　仏伊の冷酷策略　中国大慌て,中国 - 2023-11-15 -,要検証,YouTubeチェンネル運営ビジネス (https://app.notion.com/p/86f2d2e9f4074174a2e1898ace238df6?pvs=21),,2023/11/15,2023年11月11日 14:13
中国 11月17日,中国,アップロード済,SUNNYSH (https://app.notion.com/p/08d06c9684c3467ba3373ef7768d2323?pvs=21),待ってくれ　中国不安的中　資産消滅,中国 - 2023-11-17 -,NO,YouTubeチェンネル運営ビジネス (https://app.notion.com/p/86f2d2e9f4074174a2e1898ace238df6?pvs=21),,2023/11/17,2023年11月13日 15:12
韓国 12月04日,韓国,アップロード済,SUNNYSH (https://app.notion.com/p/08d06c9684c3467ba3373ef7768d2323?pvs=21),もうダメだ　ロボ錯乱車墜落　韓国一兆損失　,韓国 - 2023-12-04 -,要検証,YouTubeチェンネル運営ビジネス (https://app.notion.com/p/86f2d2e9f4074174a2e1898ace238df6?pvs=21),,2023/12/04,2023年11月14日 16:26
韓国 11月19日,韓国,アップロード済,SUNNYSH (https://app.notion.com/p/08d06c9684c3467ba3373ef7768d2323?pvs=21),断末魔韓国　弱点みとめ　完全消滅へ,韓国 - 2023-11-19 -,NO,YouTubeチェンネル運営ビジネス (https://app.notion.com/p/86f2d2e9f4074174a2e1898ace238df6?pvs=21),,2023/11/19,2023年11月15日 14:53
韓国 11月21日,韓国,アップロード済,SUNNYSH (https://app.notion.com/p/08d06c9684c3467ba3373ef7768d2323?pvs=21),嫌なら出ていけ　米銀行取引停止　韓国自業自得,韓国 - 2023-11-21 -,要検証,YouTubeチェンネル運営ビジネス (https://app.notion.com/p/86f2d2e9f4074174a2e1898ace238df6?pvs=21),,2023/11/21,2023年11月17日 15:04
韓国 11月23日,韓国,アップロード済,SUNNYSH (https://app.notion.com/p/08d06c9684c3467ba3373ef7768d2323?pvs=21),国連が詐欺警告　逮捕続出　韓国民発狂,韓国 - 2023-11-23 -,要検証,YouTubeチェンネル運営ビジネス (https://app.notion.com/p/86f2d2e9f4074174a2e1898ace238df6?pvs=21),,2023/11/23,2023年11月19日 13:02
中国 11月23日,中国,アップロード済,SUNNYSH (https://app.notion.com/p/08d06c9684c3467ba3373ef7768d2323?pvs=21),デフォルト決定　米国公式発表　中国もうお金が,中国 - 2023-11-23 -,NO,YouTubeチェンネル運営ビジネス (https://app.notion.com/p/86f2d2e9f4074174a2e1898ace238df6?pvs=21),,2023/11/23,2023年11月19日 15:05
中国 11月24日,中国,アップロード済,SUNNYSH (https://app.notion.com/p/08d06c9684c3467ba3373ef7768d2323?pvs=21),米国激怒実行へ　強制退去続出　中国手遅れ,中国 - 2023-11-24 -,NO,YouTubeチェンネル運営ビジネス (https://app.notion.com/p/86f2d2e9f4074174a2e1898ace238df6?pvs=21),,2023/11/24,2023年11月20日 15:45
中国 11月25日,中国,アップロード済,SUNNYSH (https://app.notion.com/p/08d06c9684c3467ba3373ef7768d2323?pvs=21),いいぞ緬国軍　中国非常事態　計画崩壊へ,中国 - 2023-11-25 -,NO,YouTubeチェンネル運営ビジネス (https://app.notion.com/p/86f2d2e9f4074174a2e1898ace238df6?pvs=21),,2023/11/25,2023年11月21日 16:17
韓国 11月26日,韓国,アップロード済,SUNNYSH (https://app.notion.com/p/08d06c9684c3467ba3373ef7768d2323?pvs=21),ドイツ露骨に　排除実行　韓国騒然,韓国 - 2023-11-26 -,NO,YouTubeチェンネル運営ビジネス (https://app.notion.com/p/86f2d2e9f4074174a2e1898ace238df6?pvs=21),,2023/11/26,2023年11月22日 13:58
中国 11月26日,中国,アップロード済,SUNNYSH (https://app.notion.com/p/08d06c9684c3467ba3373ef7768d2323?pvs=21),日本が大胆に　資金没収　中国腰抜かす,中国 - 2023-11-26 -,NO,YouTubeチェンネル運営ビジネス (https://app.notion.com/p/86f2d2e9f4074174a2e1898ace238df6?pvs=21),,2023/11/26,2023年11月22日 17:01
韓国 11月27日,韓国,アップロード済,SUNNYSH (https://app.notion.com/p/08d06c9684c3467ba3373ef7768d2323?pvs=21),ついに認めた　韓国情報院　日本への嘘,韓国 - 2023-11-27 -,NO,YouTubeチェンネル運営ビジネス (https://app.notion.com/p/86f2d2e9f4074174a2e1898ace238df6?pvs=21),,2023/11/27,2023年11月23日 12:59
韓国 12月02日,韓国,アップロード済,SUNNYSH (https://app.notion.com/p/08d06c9684c3467ba3373ef7768d2323?pvs=21),韓国政府認めた　国際法違反　日本怒りの審判,韓国 - 2023-12-02 -,NO,YouTubeチェンネル運営ビジネス (https://app.notion.com/p/86f2d2e9f4074174a2e1898ace238df6?pvs=21),,2023/12/02,2023年11月28日 15:36
中国 12月02日,中国,アップロード済,SUNNYSH (https://app.notion.com/p/08d06c9684c3467ba3373ef7768d2323?pvs=21),中国異変が　滞納続出で限界　遂に国際会合で,中国 - 2023-12-02 -,NO,YouTubeチェンネル運営ビジネス (https://app.notion.com/p/86f2d2e9f4074174a2e1898ace238df6?pvs=21),,2023/12/02,2023年11月28日 17:30
中国 12月04日,中国,アップロード済,SUNNYSH (https://app.notion.com/p/08d06c9684c3467ba3373ef7768d2323?pvs=21),裏で中国急展　真相唖然　タイが入国禁止,中国 - 2023-12-04 -,NO,YouTubeチェンネル運営ビジネス (https://app.notion.com/p/86f2d2e9f4074174a2e1898ace238df6?pvs=21),,2023/12/04,2023年11月30日 15:49
韓国 12月09日,韓国,アップロード済,SUNNYSH (https://app.notion.com/p/08d06c9684c3467ba3373ef7768d2323?pvs=21),なぜなんだ　相次ぐ無視に　韓国大混乱,韓国 - 2023-12-09 -,NO,YouTubeチェンネル運営ビジネス (https://app.notion.com/p/86f2d2e9f4074174a2e1898ace238df6?pvs=21),,2023/12/09,2023年12月4日 15:31
中国 12月09日,中国,アップロード済,SUNNYSH (https://app.notion.com/p/08d06c9684c3467ba3373ef7768d2323?pvs=21),中国もう手遅れ　カンボジア拒絶　無法崩壊決定,中国 - 2023-12-09 -,NO,YouTubeチェンネル運営ビジネス (https://app.notion.com/p/86f2d2e9f4074174a2e1898ace238df6?pvs=21),,2023/12/09,2023年12月5日 15:20
韓国 12月10日,韓国,アップロード済,SUNNYSH (https://app.notion.com/p/08d06c9684c3467ba3373ef7768d2323?pvs=21),世界8カ国動く　急遽支援中止　韓国民仰天,韓国 - 2023-12-10 -,NO,YouTubeチェンネル運営ビジネス (https://app.notion.com/p/86f2d2e9f4074174a2e1898ace238df6?pvs=21),,2023/12/10,2023年12月5日 17:07
中国 12月10日,中国,アップロード済,SUNNYSH (https://app.notion.com/p/08d06c9684c3467ba3373ef7768d2323?pvs=21),製薬業壊滅決定　まさかインドが　中国民悲鳴の嵐,中国 - 2023-12-10 -,NO,YouTubeチェンネル運営ビジネス (https://app.notion.com/p/86f2d2e9f4074174a2e1898ace238df6?pvs=21),,2023/12/10,2023年12月5日 20:04
中国 12月13日,中国,アップロード済,SUNNYSH (https://app.notion.com/p/08d06c9684c3467ba3373ef7768d2323?pvs=21),いいぞ警視庁　強気の逮捕　中国緊急対応へ,中国 - 2023-12-13 -,NO,YouTubeチェンネル運営ビジネス (https://app.notion.com/p/86f2d2e9f4074174a2e1898ace238df6?pvs=21),,2023/12/13,2023年12月8日 15:44
韓国 12月13日,韓国,アップロード済,SUNNYSH (https://app.notion.com/p/08d06c9684c3467ba3373ef7768d2323?pvs=21),愚かな韓国　国際的罠の恐怖　請求続出で破滅,韓国 - 2023-12-13 -,NO,YouTubeチェンネル運営ビジネス (https://app.notion.com/p/86f2d2e9f4074174a2e1898ace238df6?pvs=21),,2023/12/13,2023年12月11日 12:53
中国 12月17日,中国,アップロード済,SUNNYSH (https://app.notion.com/p/08d06c9684c3467ba3373ef7768d2323?pvs=21),まさか国連で　日本が真実暴露　中国大騒ぎ,中国 - 2023-12-17 -,NO,YouTubeチェンネル運営ビジネス (https://app.notion.com/p/86f2d2e9f4074174a2e1898ace238df6?pvs=21),,2023/12/17,2023年12月14日 15:55
韓国 12月19日,韓国,アップロード済,SUNNYSH (https://app.notion.com/p/08d06c9684c3467ba3373ef7768d2323?pvs=21),韓国急変　暴落で倒産多発　日本へSOS,韓国 - 2023-12-19 -,NO,YouTubeチェンネル運営ビジネス (https://app.notion.com/p/86f2d2e9f4074174a2e1898ace238df6?pvs=21),,2023/12/19,2023年12月16日 12:19
中国 12月19日,中国,アップロード済,SUNNYSH (https://app.notion.com/p/08d06c9684c3467ba3373ef7768d2323?pvs=21),米国公式発表　中国事実を認め　銀行連鎖倒産へ　,中国 - 2023-12-19 -,NO,YouTubeチェンネル運営ビジネス (https://app.notion.com/p/86f2d2e9f4074174a2e1898ace238df6?pvs=21),,2023/12/19,2023年12月16日 12:33
中国 12月20日,中国,アップロード済,SUNNYSH (https://app.notion.com/p/08d06c9684c3467ba3373ef7768d2323?pvs=21),ついにベトナム　完全に日本へ　中国民大発狂,中国 - 2023-12-20 -,NO,YouTubeチェンネル運営ビジネス (https://app.notion.com/p/86f2d2e9f4074174a2e1898ace238df6?pvs=21),,2023/12/20,2023年12月17日 15:59
韓国 12月21日,韓国,アップロード済,SUNNYSH (https://app.notion.com/p/08d06c9684c3467ba3373ef7768d2323?pvs=21),断韓寸前　韓国大慌て　強制出国へ,韓国 - 2023-12-21 -,NO,YouTubeチェンネル運営ビジネス (https://app.notion.com/p/86f2d2e9f4074174a2e1898ace238df6?pvs=21),,2023/12/21,2023年12月18日 13:56
韓国 12月22日,韓国,アップロード済,SUNNYSH (https://app.notion.com/p/08d06c9684c3467ba3373ef7768d2323?pvs=21),韓国仰天　オランダ激怒　協約破棄表明か,韓国 - 2023-12-22 -,NO,YouTubeチェンネル運営ビジネス (https://app.notion.com/p/86f2d2e9f4074174a2e1898ace238df6?pvs=21),,2023/12/22,2023年12月19日 15:26
中国 12月23日,中国,アップロード済,SUNNYSH (https://app.notion.com/p/08d06c9684c3467ba3373ef7768d2323?pvs=21),中国手遅れ　国際報道され　入国禁止へ,中国 - 2023-12-23 -,NO,YouTubeチェンネル運営ビジネス (https://app.notion.com/p/86f2d2e9f4074174a2e1898ace238df6?pvs=21),,2023/12/23,2023年12月20日 12:31
韓国 12月24日,韓国,アップロード済,SUNNYSH (https://app.notion.com/p/08d06c9684c3467ba3373ef7768d2323?pvs=21),韓国異常が　緊急SOS　奪われ極貧へ,韓国 - 2023-12-24 -,NO,YouTubeチェンネル運営ビジネス (https://app.notion.com/p/86f2d2e9f4074174a2e1898ace238df6?pvs=21),,2023/12/24,2023年12月22日 22:36
韓国 12月26日,韓国,アップロード済,SUNNYSH (https://app.notion.com/p/08d06c9684c3467ba3373ef7768d2323?pvs=21),遂に裁判決着　日本完全無視で　韓国民発狂,韓国 - 2023-12-26 -,NO,YouTubeチェンネル運営ビジネス (https://app.notion.com/p/86f2d2e9f4074174a2e1898ace238df6?pvs=21),,2023/12/26,2023年12月24日 13:47
韓国 12月27日,韓国,アップロード済,SUNNYSH (https://app.notion.com/p/08d06c9684c3467ba3373ef7768d2323?pvs=21),韓国もう限界　国際洗脳大失敗　国民大暴動か,韓国 - 2023-12-27 -,NO,YouTubeチェンネル運営ビジネス (https://app.notion.com/p/86f2d2e9f4074174a2e1898ace238df6?pvs=21),,2023/12/27,2023年12月25日 12:57
中国 12月27日,中国,アップロード済,SUNNYSH (https://app.notion.com/p/08d06c9684c3467ba3373ef7768d2323?pvs=21),日台協力策成功　反日のつもりが　中国民大後悔,中国 - 2023-12-27 -,NO,YouTubeチェンネル運営ビジネス (https://app.notion.com/p/86f2d2e9f4074174a2e1898ace238df6?pvs=21),,2023/12/27,2023年12月25日 13:15
韓国 02月08日,韓国,アップロード済,SUNNYSH (https://app.notion.com/p/08d06c9684c3467ba3373ef7768d2323?pvs=21),韓国汚職半狂乱　まさか公機関が　屈辱発表,韓国 - 2024-02-08 -,NO,YouTubeチェンネル運営ビジネス (https://app.notion.com/p/86f2d2e9f4074174a2e1898ace238df6?pvs=21),,2024/02/08,2023年12月28日 14:37
川本 12月23日,川本,アップロード済,SUNNYSH (https://app.notion.com/p/08d06c9684c3467ba3373ef7768d2323?pvs=21),完璧主義に　とらわれないで　幸せに生き方法,川本 - 2023-12-23 -,,YouTubeチェンネル運営ビジネス (https://app.notion.com/p/86f2d2e9f4074174a2e1898ace238df6?pvs=21),,2023/12/23,2023年12月28日 17:40
中国 01月02日,中国,アップロード済,SUNNYSH (https://app.notion.com/p/08d06c9684c3467ba3373ef7768d2323?pvs=21),震え上がる中国　最強潜水艦完成　日本の秘策,中国 - 2024-01-02 -,NO,YouTubeチェンネル運営ビジネス (https://app.notion.com/p/86f2d2e9f4074174a2e1898ace238df6?pvs=21),,2024/01/02,2024年1月1日 12:10
韓国 01月08日,韓国,アップロード済,SUNNYSH (https://app.notion.com/p/08d06c9684c3467ba3373ef7768d2323?pvs=21),完璧証拠で　国際的逮捕炸裂　韓国民大混乱,韓国 - 2024-01-08 -,NO,YouTubeチェンネル運営ビジネス (https://app.notion.com/p/86f2d2e9f4074174a2e1898ace238df6?pvs=21),,2024/01/08,2024年1月5日 15:21
韓国 01月09日,韓国,アップロード済,SUNNYSH (https://app.notion.com/p/08d06c9684c3467ba3373ef7768d2323?pvs=21),あっさり認めた　実はパクリ　韓国民発狂,韓国 - 2024-01-09 -,NO,YouTubeチェンネル運営ビジネス (https://app.notion.com/p/86f2d2e9f4074174a2e1898ace238df6?pvs=21),,2024/01/09,2024年1月7日 15:30
中国 01月11日,中国,アップロード済,SUNNYSH (https://app.notion.com/p/08d06c9684c3467ba3373ef7768d2323?pvs=21),台湾重大発表　世界戦犯裁判へ　中国腰抜かす,中国 - 2024-01-11 -,NO,YouTubeチェンネル運営ビジネス (https://app.notion.com/p/86f2d2e9f4074174a2e1898ace238df6?pvs=21),,2024/01/11,2024年1月8日 14:45
韓国 01月14日,韓国,アップロード済,SUNNYSH (https://app.notion.com/p/08d06c9684c3467ba3373ef7768d2323?pvs=21),ついに始まった　韓国民大発狂　議員半数逮捕,韓国 - 2024-01-14 -,NO,YouTubeチェンネル運営ビジネス (https://app.notion.com/p/86f2d2e9f4074174a2e1898ace238df6?pvs=21),,2024/01/14,2024年1月10日 13:53
中国 01月13日,中国,アップロード済,SUNNYSH (https://app.notion.com/p/08d06c9684c3467ba3373ef7768d2323?pvs=21),さよなら中国　製薬会社壊滅　やはり日本製へ,中国 - 2024-01-13 -,NO,YouTubeチェンネル運営ビジネス (https://app.notion.com/p/86f2d2e9f4074174a2e1898ace238df6?pvs=21),,2024/01/13,2024年1月10日 14:19
中国 01月14日,中国,アップロード済,SUNNYSH (https://app.notion.com/p/08d06c9684c3467ba3373ef7768d2323?pvs=21),世界が結託　中国EV排除へ　やばい冷酷戦略,中国 - 2024-01-14 -,NO,YouTubeチェンネル運営ビジネス (https://app.notion.com/p/86f2d2e9f4074174a2e1898ace238df6?pvs=21),,2024/01/14,2024年1月12日 16:38
韓国 01月16日,韓国,アップロード済,SUNNYSH (https://app.notion.com/p/08d06c9684c3467ba3373ef7768d2323?pvs=21),遂に韓国断末魔　先進国破棄宣言　もうお金が,韓国 - 2024-01-16 -,NO,YouTubeチェンネル運営ビジネス (https://app.notion.com/p/86f2d2e9f4074174a2e1898ace238df6?pvs=21),,2024/01/16,2024年1月13日 15:52
中国 01月15日,中国,アップロード済,SUNNYSH (https://app.notion.com/p/08d06c9684c3467ba3373ef7768d2323?pvs=21),中国異変　軍半数強制解雇　隣国が平和に,中国 - 2024-01-15 -,NO,YouTubeチェンネル運営ビジネス (https://app.notion.com/p/86f2d2e9f4074174a2e1898ace238df6?pvs=21),,2024/01/15,2024年1月13日 17:10
中国 01月16日,中国,アップロード済,SUNNYSH (https://app.notion.com/p/08d06c9684c3467ba3373ef7768d2323?pvs=21),中国民大混乱　入国拒否続出　遂に国際報道で,中国 - 2024-01-16 -,NO,YouTubeチェンネル運営ビジネス (https://app.notion.com/p/86f2d2e9f4074174a2e1898ace238df6?pvs=21),,2024/01/16,2024年1月14日 13:55
韓国 01月18日,韓国,アップロード済,SUNNYSH (https://app.notion.com/p/08d06c9684c3467ba3373ef7768d2323?pvs=21),韓国は不要だ　世界に拒否され　続々日本へ,韓国 - 2024-01-18 -,要検証,YouTubeチェンネル運営ビジネス (https://app.notion.com/p/86f2d2e9f4074174a2e1898ace238df6?pvs=21),,2024/01/18,2024年1月15日 14:06
中国 01月19日,中国,アップロード済,SUNNYSH (https://app.notion.com/p/08d06c9684c3467ba3373ef7768d2323?pvs=21),契約中止決定　アラブの決断に　中国必死の懇願,中国 - 2024-01-19 -,NO,YouTubeチェンネル運営ビジネス (https://app.notion.com/p/86f2d2e9f4074174a2e1898ace238df6?pvs=21),,2024/01/19,2024年1月15日 15:03
中国 01月20日,中国,アップロード済,SUNNYSH (https://app.notion.com/p/08d06c9684c3467ba3373ef7768d2323?pvs=21),習近平認めた　バレて　中国民地獄絵図,中国 - 2024-01-20 -,NO,YouTubeチェンネル運営ビジネス (https://app.notion.com/p/86f2d2e9f4074174a2e1898ace238df6?pvs=21),,2024/01/20,2024年1月16日 16:08
韓国 01月22日,韓国,アップロード済,SUNNYSH (https://app.notion.com/p/08d06c9684c3467ba3373ef7768d2323?pvs=21),極悪非道　韓国許さん　日本8名の命が,韓国 - 2024-01-22 -,要検証,YouTubeチェンネル運営ビジネス (https://app.notion.com/p/86f2d2e9f4074174a2e1898ace238df6?pvs=21),,2024/01/22,2024年1月19日 15:36
中国 01月22日,中国,アップロード済,SUNNYSH (https://app.notion.com/p/08d06c9684c3467ba3373ef7768d2323?pvs=21),裏で中国急転　日本海事件勃発　豪国海軍激怒,中国 - 2024-01-22 -,NO,YouTubeチェンネル運営ビジネス (https://app.notion.com/p/86f2d2e9f4074174a2e1898ace238df6?pvs=21),,2024/01/22,2024年1月19日 17:18
中国 01月23日,中国,アップロード済,SUNNYSH (https://app.notion.com/p/08d06c9684c3467ba3373ef7768d2323?pvs=21),日本へSOS　崩壊間近バレ　中国民続々避難,中国 - 2024-01-23 -,NO,YouTubeチェンネル運営ビジネス (https://app.notion.com/p/86f2d2e9f4074174a2e1898ace238df6?pvs=21),,2024/01/23,2024年1月20日 14:00
韓国 01月25日,韓国,アップロード済,SUNNYSH (https://app.notion.com/p/08d06c9684c3467ba3373ef7768d2323?pvs=21),さよなら韓国　残念な結果に　米国が排除決定,韓国 - 2024-01-25 -,NO,YouTubeチェンネル運営ビジネス (https://app.notion.com/p/86f2d2e9f4074174a2e1898ace238df6?pvs=21),,2024/01/25,2024年1月21日 13:58
中国 01月25日,中国,アップロード済,SUNNYSH (https://app.notion.com/p/08d06c9684c3467ba3373ef7768d2323?pvs=21),中国もう手遅れ　金融清算で壊滅　もう止まらん,中国 - 2024-01-25 -,NO,YouTubeチェンネル運営ビジネス (https://app.notion.com/p/86f2d2e9f4074174a2e1898ace238df6?pvs=21),,2024/01/25,2024年1月22日 13:05
中国 01月26日,中国,アップロード済,SUNNYSH (https://app.notion.com/p/08d06c9684c3467ba3373ef7768d2323?pvs=21),中国嘘が限界　国際洗脳暴露　世界続々拒絶,中国 - 2024-01-26 -,NO,YouTubeチェンネル運営ビジネス (https://app.notion.com/p/86f2d2e9f4074174a2e1898ace238df6?pvs=21),,2024/01/26,2024年1月22日 17:17
韓国 01月27日,韓国,アップロード済,SUNNYSH (https://app.notion.com/p/08d06c9684c3467ba3373ef7768d2323?pvs=21),世界がまさか　日本が正しい　韓国激怒の理由,韓国 - 2024-01-27 -,NO,YouTubeチェンネル運営ビジネス (https://app.notion.com/p/86f2d2e9f4074174a2e1898ace238df6?pvs=21),,2024/01/27,2024年1月23日 15:57
韓国 01月28日,韓国,アップロード済,SUNNYSH (https://app.notion.com/p/08d06c9684c3467ba3373ef7768d2323?pvs=21),韓国内で絶句　内乱勃発　遂に末期か,韓国 - 2024-01-28 -,NO,YouTubeチェンネル運営ビジネス (https://app.notion.com/p/86f2d2e9f4074174a2e1898ace238df6?pvs=21),,2024/01/28,2024年1月24日 12:13
韓国 01月29日,韓国,アップロード済,SUNNYSH (https://app.notion.com/p/08d06c9684c3467ba3373ef7768d2323?pvs=21),完全に南非国が　韓国致命的損害　もう一文なし,韓国 - 2024-01-29 -,NO,YouTubeチェンネル運営ビジネス (https://app.notion.com/p/86f2d2e9f4074174a2e1898ace238df6?pvs=21),,2024/01/29,2024年1月25日 12:54
中国 01月30日,中国,アップロード済,SUNNYSH (https://app.notion.com/p/08d06c9684c3467ba3373ef7768d2323?pvs=21),中国大慌て　豪国入国拒否　遂に国際報道へ,中国 - 2024-01-30 -,NO,YouTubeチェンネル運営ビジネス (https://app.notion.com/p/86f2d2e9f4074174a2e1898ace238df6?pvs=21),,2024/01/30,2024年1月26日 14:34
中国 01月31日,中国,アップロード済,SUNNYSH (https://app.notion.com/p/08d06c9684c3467ba3373ef7768d2323?pvs=21),残念ですが　中国航空壊滅　連鎖倒産の恐怖,中国 - 2024-01-31 -,要検証,YouTubeチェンネル運営ビジネス (https://app.notion.com/p/86f2d2e9f4074174a2e1898ace238df6?pvs=21),,2024/01/31,2024年1月26日 15:59
韓国 02月02日,韓国,アップロード済,SUNNYSH (https://app.notion.com/p/08d06c9684c3467ba3373ef7768d2323?pvs=21),米国驚愕一手　完全協約拒否　韓国もうお金が,韓国 - 2024-02-02 -,NO,YouTubeチェンネル運営ビジネス (https://app.notion.com/p/86f2d2e9f4074174a2e1898ace238df6?pvs=21),,2024/02/02,2024年1月28日 12:46
中国 02月01日,中国,アップロード済,SUNNYSH (https://app.notion.com/p/08d06c9684c3467ba3373ef7768d2323?pvs=21),緊急拘束！　中国民騒然　まさか習近平が,中国 - 2024-02-01 -,NO,YouTubeチェンネル運営ビジネス (https://app.notion.com/p/86f2d2e9f4074174a2e1898ace238df6?pvs=21),,2024/02/01,2024年1月28日 14:02
韓国 02月03日,韓国,アップロード済,SUNNYSH (https://app.notion.com/p/08d06c9684c3467ba3373ef7768d2323?pvs=21),いいぞ群馬県　大嘘反日団体を　徹底排除へ,韓国 - 2024-02-03 -,要検証,YouTubeチェンネル運営ビジネス (https://app.notion.com/p/86f2d2e9f4074174a2e1898ace238df6?pvs=21),,2024/02/03,2024年1月29日 15:15
韓国 02月04日,韓国,アップロード済,SUNNYSH (https://app.notion.com/p/08d06c9684c3467ba3373ef7768d2323?pvs=21),すでに社会崩壊　韓国の急所　米著名人暴露,韓国 - 2024-02-04 -,NO,YouTubeチェンネル運営ビジネス (https://app.notion.com/p/86f2d2e9f4074174a2e1898ace238df6?pvs=21),,2024/02/04,2024年1月30日 16:06
韓国 02月06日,韓国,アップロード済,SUNNYSH (https://app.notion.com/p/08d06c9684c3467ba3373ef7768d2323?pvs=21),悪質密輸バレ　韓国貿易壊滅　連鎖逮捕の恐怖　,韓国 - 2024-02-06 -,NO,YouTubeチェンネル運営ビジネス (https://app.notion.com/p/86f2d2e9f4074174a2e1898ace238df6?pvs=21),,2024/02/06,2024年2月1日 13:37
中国 02月07日,中国,アップロード済,SUNNYSH (https://app.notion.com/p/08d06c9684c3467ba3373ef7768d2323?pvs=21),まずルール守れ　比国越南共闘へ　中国絶句,中国 - 2024-02-07 -,NO,YouTubeチェンネル運営ビジネス (https://app.notion.com/p/86f2d2e9f4074174a2e1898ace238df6?pvs=21),,2024/02/07,2024年2月2日 15:29
韓国 03月05日,韓国,アップロード済,SUNNYSH (https://app.notion.com/p/08d06c9684c3467ba3373ef7768d2323?pvs=21),いいぞ日本台湾　とどめの秘策で　韓国崩壊間,韓国 - 2024-03-05 -,NO,YouTubeチェンネル運営ビジネス (https://app.notion.com/p/86f2d2e9f4074174a2e1898ace238df6?pvs=21),,2024/03/05,2024年2月3日 15:24
韓国 02月09日,韓国,アップロード済,SUNNYSH (https://app.notion.com/p/08d06c9684c3467ba3373ef7768d2323?pvs=21),ロシアが世界へ　竹島は日本領　韓国慌てさらに,韓国 - 2024-02-09 -,NO,YouTubeチェンネル運営ビジネス (https://app.notion.com/p/86f2d2e9f4074174a2e1898ace238df6?pvs=21),,2024/02/09,2024年2月4日 13:47
韓国 02月10日,韓国,アップロード済,SUNNYSH (https://app.notion.com/p/08d06c9684c3467ba3373ef7768d2323?pvs=21),韓国緊急事態　ついに不渡り　国家破産か,韓国 - 2024-02-10 -,NO,YouTubeチェンネル運営ビジネス (https://app.notion.com/p/86f2d2e9f4074174a2e1898ace238df6?pvs=21),,2024/02/10,2024年2月5日 14:55
韓国 02月12日,韓国,アップロード済,SUNNYSH (https://app.notion.com/p/08d06c9684c3467ba3373ef7768d2323?pvs=21),急変ロシア激怒　無礼無知偏向　韓国絶叫,韓国 - 2024-02-12 -,要検証,YouTubeチェンネル運営ビジネス (https://app.notion.com/p/86f2d2e9f4074174a2e1898ace238df6?pvs=21),,2024/02/12,2024年2月7日 13:15
中国 02月14日,中国,アップロード済,SUNNYSH (https://app.notion.com/p/08d06c9684c3467ba3373ef7768d2323?pvs=21),中国へ屈辱発表　英国世界で称賛　完全に日本が,中国 - 2024-02-14 -,NO,YouTubeチェンネル運営ビジネス (https://app.notion.com/p/86f2d2e9f4074174a2e1898ace238df6?pvs=21),,2024/02/14,2024年2月7日 14:13
韓国 02月13日,韓国,アップロード済,SUNNYSH (https://app.notion.com/p/08d06c9684c3467ba3373ef7768d2323?pvs=21),指紋顔捕捉悪用　習近平恐怖審査　韓国腰抜かす,韓国 - 2024-02-13 -,要検証,YouTubeチェンネル運営ビジネス (https://app.notion.com/p/86f2d2e9f4074174a2e1898ace238df6?pvs=21),,2024/02/13,2024年2月8日 14:58
中国 04月17日,中国,アップロード済,SUNNYSH (https://app.notion.com/p/08d06c9684c3467ba3373ef7768d2323?pvs=21),中国軍壊滅 　ベトナム本気　非常事態に民兵が,中国 - 2024-04-17 -,NO,YouTubeチェンネル運営ビジネス (https://app.notion.com/p/86f2d2e9f4074174a2e1898ace238df6?pvs=21),,2024/04/17,2024年2月8日 15:56
中国 02月16日,中国,アップロード済,SUNNYSH (https://app.notion.com/p/08d06c9684c3467ba3373ef7768d2323?pvs=21),世界が見放す　破産投獄続出　中国民地獄絵図,中国 - 2024-02-16 -,NO,YouTubeチェンネル運営ビジネス (https://app.notion.com/p/86f2d2e9f4074174a2e1898ace238df6?pvs=21),,2024/02/16,2024年2月10日 13:48
中国 02月17日,中国,アップロード済,SUNNYSH (https://app.notion.com/p/08d06c9684c3467ba3373ef7768d2323?pvs=21),中国非常事態　100％大暴落　遂に解任決定,中国 - 2024-02-17 -,NO,YouTubeチェンネル運営ビジネス (https://app.notion.com/p/86f2d2e9f4074174a2e1898ace238df6?pvs=21),,2024/02/17,2024年2月11日 13:51
中国 02月18日,中国,アップロード済,SUNNYSH (https://app.notion.com/p/08d06c9684c3467ba3373ef7768d2323?pvs=21),中国崖っぷち  豪国へ必死懇願　我武者羅売却,中国 - 2024-02-18 -,NO,YouTubeチェンネル運営ビジネス (https://app.notion.com/p/86f2d2e9f4074174a2e1898ace238df6?pvs=21),,2024/02/18,2024年2月12日 12:35
韓国 02月21日,韓国,アップロード済,SUNNYSH (https://app.notion.com/p/08d06c9684c3467ba3373ef7768d2323?pvs=21),まさかそこで　国際有識者らが　韓国腰抜かす,韓国 - 2024-02-21 -,NO,YouTubeチェンネル運営ビジネス (https://app.notion.com/p/86f2d2e9f4074174a2e1898ace238df6?pvs=21),,2024/02/21,2024年2月15日 16:30
中国 02月21日,中国,アップロード済,SUNNYSH (https://app.notion.com/p/08d06c9684c3467ba3373ef7768d2323?pvs=21),中国商取引壊滅　連鎖破綻の恐怖　もう止まらん,中国 - 2024-02-21 -,NO,YouTubeチェンネル運営ビジネス (https://app.notion.com/p/86f2d2e9f4074174a2e1898ace238df6?pvs=21),,2024/02/21,2024年2月16日 11:53
中国 02月23日,中国,アップロード済,SUNNYSH (https://app.notion.com/p/08d06c9684c3467ba3373ef7768d2323?pvs=21),中国絶体絶命　銀行停止　遂に国際報道で,中国 - 2024-02-23 -,NO,YouTubeチェンネル運営ビジネス (https://app.notion.com/p/86f2d2e9f4074174a2e1898ace238df6?pvs=21),,2024/02/23,2024年2月19日 12:49
中国 02月24日,中国,アップロード済,SUNNYSH (https://app.notion.com/p/08d06c9684c3467ba3373ef7768d2323?pvs=21),米緊急通達　まさかの新措置　中国崩壊最終章,中国 - 2024-02-24 -,NO,YouTubeチェンネル運営ビジネス (https://app.notion.com/p/86f2d2e9f4074174a2e1898ace238df6?pvs=21),,2024/02/24,2024年2月19日 13:38
未来予測で　03月00日,特化,台本生成 - 済,SUNNYSH (https://app.notion.com/p/08d06c9684c3467ba3373ef7768d2323?pvs=21),,特化 - 2024-02-29 -,,YouTubeチェンネル運営ビジネス (https://app.notion.com/p/86f2d2e9f4074174a2e1898ace238df6?pvs=21),,2024/02/29,2024年2月22日 13:47
韓国 02月28日,韓国,アップロード済,SUNNYSH (https://app.notion.com/p/08d06c9684c3467ba3373ef7768d2323?pvs=21),台湾突如暴露　韓国拒否され　完全に日本へ,韓国 - 2024-02-28 -,NO,YouTubeチェンネル運営ビジネス (https://app.notion.com/p/86f2d2e9f4074174a2e1898ace238df6?pvs=21),,2024/02/28,2024年2月24日 13:16
中国 02月28日,中国,アップロード済,SUNNYSH (https://app.notion.com/p/08d06c9684c3467ba3373ef7768d2323?pvs=21),いいぞ岐阜県　中国民大混乱　入国拒否続出,中国 - 2024-02-28 -,NO,YouTubeチェンネル運営ビジネス (https://app.notion.com/p/86f2d2e9f4074174a2e1898ace238df6?pvs=21),,2024/02/28,2024年2月24日 14:09
その他 02月22日,日本・その他のニュース,アップロード済,SUNNYSH (https://app.notion.com/p/08d06c9684c3467ba3373ef7768d2323?pvs=21),日本に謝れ　あっさり処刑！　印尼国資産消滅,日本・その他のニュース - 2024-02-22 -,NO,YouTubeチェンネル運営ビジネス (https://app.notion.com/p/86f2d2e9f4074174a2e1898ace238df6?pvs=21),,2024/02/22,2024年2月25日 15:43
SEO対策　02月22日,特化,台本生成 - 済,SUNNYSH (https://app.notion.com/p/08d06c9684c3467ba3373ef7768d2323?pvs=21),,特化 - 2024-02-29 -,,YouTubeチェンネル運営ビジネス (https://app.notion.com/p/86f2d2e9f4074174a2e1898ace238df6?pvs=21),,2024/02/29,2024年2月25日 15:50
韓国 03月03日,韓国,アップロード済,SUNNYSH (https://app.notion.com/p/08d06c9684c3467ba3373ef7768d2323?pvs=21),アップルが称賛　日本の技術　韓国崩壊を言及,韓国 - 2024-03-03 -,NO,YouTubeチェンネル運営ビジネス (https://app.notion.com/p/86f2d2e9f4074174a2e1898ace238df6?pvs=21),,2024/03/03,2024年2月28日 15:25
知らない着信に名前を表示させるアプリ紹介,特化,台本生成 - 済,SUNNYSH (https://app.notion.com/p/08d06c9684c3467ba3373ef7768d2323?pvs=21),,,,YouTubeチェンネル運営ビジネス (https://app.notion.com/p/86f2d2e9f4074174a2e1898ace238df6?pvs=21),,,2024年3月2日 12:54
韓国 03月12日,韓国,アップロード済,SUNNYSH (https://app.notion.com/p/08d06c9684c3467ba3373ef7768d2323?pvs=21),遂に政府系企業　赤字で崩壊開始　韓国大パニック,韓国 - 2024-03-12 -,NO,YouTubeチェンネル運営ビジネス (https://app.notion.com/p/86f2d2e9f4074174a2e1898ace238df6?pvs=21),,2024/03/12,2024年3月6日 13:47
その他 03月12日,日本・その他のニュース,アップロード済,SUNNYSH (https://app.notion.com/p/08d06c9684c3467ba3373ef7768d2323?pvs=21),トヨタが勝利？　英国完全終了　伝統企業がまさか,日本・その他のニュース - 2024-03-12 -,NO,YouTubeチェンネル運営ビジネス (https://app.notion.com/p/86f2d2e9f4074174a2e1898ace238df6?pvs=21),,2024/03/12,2024年3月7日 16:47
川本03月02日,川本,,SUNNYSH (https://app.notion.com/p/08d06c9684c3467ba3373ef7768d2323?pvs=21),うつにならない・うつにさせない８つ1-1,川本 - 2024-03-02 -,NO,YouTubeチェンネル運営ビジネス (https://app.notion.com/p/86f2d2e9f4074174a2e1898ace238df6?pvs=21),,2024/03/02,2024年3月8日 0:51
韓国 03月28日,韓国,アップロード済,SUNNYSH (https://app.notion.com/p/08d06c9684c3467ba3373ef7768d2323?pvs=21),韓国民驚嘆　反日選手追放へ　日本怒りの審判,韓国 - 2024-03-28 -,NO,YouTubeチェンネル運営ビジネス (https://app.notion.com/p/86f2d2e9f4074174a2e1898ace238df6?pvs=21),,2024/03/28,2024年3月8日 14:39
韓国 03月14日,韓国,アップロード済,SUNNYSH (https://app.notion.com/p/08d06c9684c3467ba3373ef7768d2323?pvs=21),国家機関恥さらす　あっさり強奪され　韓国政府大慌て,韓国 - 2024-03-14 -,NO,YouTubeチェンネル運営ビジネス (https://app.notion.com/p/86f2d2e9f4074174a2e1898ace238df6?pvs=21),,2024/03/14,2024年3月8日 14:56
中国 03月14日,中国,アップロード済,SUNNYSH (https://app.notion.com/p/08d06c9684c3467ba3373ef7768d2323?pvs=21),米国務元長官　中国崩壊元凶発言　まさか習近平が,中国 - 2024-03-14 -,NO,YouTubeチェンネル運営ビジネス (https://app.notion.com/p/86f2d2e9f4074174a2e1898ace238df6?pvs=21),,2024/03/14,2024年3月9日 14:23
韓国 03月16日,韓国,アップロード済,SUNNYSH (https://app.notion.com/p/08d06c9684c3467ba3373ef7768d2323?pvs=21),比国の英断　完全入国禁止　韓国腰抜かす,韓国 - 2024-03-16 -,NO,YouTubeチェンネル運営ビジネス (https://app.notion.com/p/86f2d2e9f4074174a2e1898ace238df6?pvs=21),,2024/03/16,2024年3月10日 13:21
韓国 03月18日,韓国,アップロード済,SUNNYSH (https://app.notion.com/p/08d06c9684c3467ba3373ef7768d2323?pvs=21),韓国ひどすぎる　米教授事実を告発　日本に土下座しろ,韓国 - 2024-03-18 -,NO,YouTubeチェンネル運営ビジネス (https://app.notion.com/p/86f2d2e9f4074174a2e1898ace238df6?pvs=21),,2024/03/18,2024年3月12日 16:48
中国 03月18日,中国,アップロード済,SUNNYSH (https://app.notion.com/p/08d06c9684c3467ba3373ef7768d2323?pvs=21),ドロ沼の中国経済　カナダ契約無効へ　想像以上ヤバすぎ,中国 - 2024-03-18 -,NO,YouTubeチェンネル運営ビジネス (https://app.notion.com/p/86f2d2e9f4074174a2e1898ace238df6?pvs=21),,2024/03/18,2024年3月12日 17:12
その他 03月19日,日本・その他のニュース,アップロード済,SUNNYSH (https://app.notion.com/p/08d06c9684c3467ba3373ef7768d2323?pvs=21),中国政府大慌て　情報操作を失敗　まさか米大領選で,日本・その他のニュース - 2024-03-17 -,NO,YouTubeチェンネル運営ビジネス (https://app.notion.com/p/86f2d2e9f4074174a2e1898ace238df6?pvs=21),,2024/03/17,2024年3月13日 15:16
中国 03月19日,中国,アップロード済,SUNNYSH (https://app.notion.com/p/08d06c9684c3467ba3373ef7768d2323?pvs=21),中国文無支払無理　ファミマ契約解除　撤退開始か,中国 - 2024-03-19 -,NO,YouTubeチェンネル運営ビジネス (https://app.notion.com/p/86f2d2e9f4074174a2e1898ace238df6?pvs=21),,2024/03/19,2024年3月14日 12:47
占いから学ぶ,Mc茶会,,SUNNYSH (https://app.notion.com/p/08d06c9684c3467ba3373ef7768d2323?pvs=21),,Mc茶会 - 2024-10-15 -,,YouTubeチェンネル運営ビジネス (https://app.notion.com/p/86f2d2e9f4074174a2e1898ace238df6?pvs=21),,2024/10/15,2024年3月15日 8:54
韓国 03月21日,韓国,アップロード済,SUNNYSH (https://app.notion.com/p/08d06c9684c3467ba3373ef7768d2323?pvs=21),スイスの復讐　韓国の闇を暴き　世界で醜態晒す,韓国 - 2024-03-21 -,NO,YouTubeチェンネル運営ビジネス (https://app.notion.com/p/86f2d2e9f4074174a2e1898ace238df6?pvs=21),,2024/03/21,2024年3月16日 13:47
韓国 03月22日,韓国,アップロード済,SUNNYSH (https://app.notion.com/p/08d06c9684c3467ba3373ef7768d2323?pvs=21),韓国民涙目　詐欺られ返り討ち　日本に阻まれ終了,韓国 - 2024-03-22 -,NO,YouTubeチェンネル運営ビジネス (https://app.notion.com/p/86f2d2e9f4074174a2e1898ace238df6?pvs=21),,2024/03/22,2024年3月16日 13:59
中国 03月22日,中国,アップロード済,SUNNYSH (https://app.notion.com/p/08d06c9684c3467ba3373ef7768d2323?pvs=21),秘密文書公開で　世界大慌一斉撤退　中国腰抜かす,中国 - 2024-03-22 -,NO,YouTubeチェンネル運営ビジネス (https://app.notion.com/p/86f2d2e9f4074174a2e1898ace238df6?pvs=21),,2024/03/22,2024年3月17日 12:32
その他 03月30日,日本・その他のニュース,アップロード済,SUNNYSH (https://app.notion.com/p/08d06c9684c3467ba3373ef7768d2323?pvs=21),中国裏切られ終了　世界金融英断で　確実に来る崩壊,日本・その他のニュース - 2024-03-30 -,NO,YouTubeチェンネル運営ビジネス (https://app.notion.com/p/86f2d2e9f4074174a2e1898ace238df6?pvs=21),,2024/03/30,2024年3月17日 13:45
韓国 03月23日,韓国,アップロード済,SUNNYSH (https://app.notion.com/p/08d06c9684c3467ba3373ef7768d2323?pvs=21),韓国経済崩壊示す　毎月千社倒産　最悪な数値を発表,韓国 - 2024-03-23 -,要検証,YouTubeチェンネル運営ビジネス (https://app.notion.com/p/86f2d2e9f4074174a2e1898ace238df6?pvs=21),,2024/03/23,2024年3月17日 14:09
韓国 03月25日,韓国,アップロード済,SUNNYSH (https://app.notion.com/p/08d06c9684c3467ba3373ef7768d2323?pvs=21),哀れな韓国へ　日英伊が断固拒否　事実知り国民屈辱,韓国 - 2024-03-25 -,NO,YouTubeチェンネル運営ビジネス (https://app.notion.com/p/86f2d2e9f4074174a2e1898ace238df6?pvs=21),,2024/03/25,2024年3月19日 16:34
その他 03月23日,日本・その他のニュース,アップロード済,SUNNYSH (https://app.notion.com/p/08d06c9684c3467ba3373ef7768d2323?pvs=21),世界航空致命欠陥　あまりのヤバさに　内部告発者が◯亡,日本・その他のニュース - 2024-03-23 -,NO,YouTubeチェンネル運営ビジネス (https://app.notion.com/p/86f2d2e9f4074174a2e1898ace238df6?pvs=21),,2024/03/23,2024年3月21日 13:55
その他 03月28日,日本・その他のニュース,アップロード済,SUNNYSH (https://app.notion.com/p/08d06c9684c3467ba3373ef7768d2323?pvs=21),ついにレクサスが　車業界を駆逐する　世界圧倒の新技術,日本・その他のニュース - 2024-03-28 -,要検証,YouTubeチェンネル運営ビジネス (https://app.notion.com/p/86f2d2e9f4074174a2e1898ace238df6?pvs=21),,2024/03/28,2024年3月21日 18:09
韓国 03月30日,韓国,アップロード済,SUNNYSH (https://app.notion.com/p/08d06c9684c3467ba3373ef7768d2323?pvs=21),日本を見習え　韓国要人激怒　国民大騒ぎ,韓国 - 2024-03-30 -,NO,YouTubeチェンネル運営ビジネス (https://app.notion.com/p/86f2d2e9f4074174a2e1898ace238df6?pvs=21),,2024/03/30,2024年3月23日 12:50
その他 03月24日,日本・その他のニュース,アップロード済,SUNNYSH (https://app.notion.com/p/08d06c9684c3467ba3373ef7768d2323?pvs=21),河野の奇策　極秘資料急速拡散　中国大慌て,日本・その他のニュース - 2024-03-24 -,NO,YouTubeチェンネル運営ビジネス (https://app.notion.com/p/86f2d2e9f4074174a2e1898ace238df6?pvs=21),,2024/03/24,2024年3月24日 12:59
韓国 04月13日,韓国,アップロード済,SUNNYSH (https://app.notion.com/p/08d06c9684c3467ba3373ef7768d2323?pvs=21),韓国異常事態　米国完全拒否　遂に国際報道へ,韓国 - 2024-04-13 -,NO,YouTubeチェンネル運営ビジネス (https://app.notion.com/p/86f2d2e9f4074174a2e1898ace238df6?pvs=21),,2024/04/13,2024年3月24日 15:36
潜在意識の綱引き。作られた価値観,Mc茶会,,SUNNYSH (https://app.notion.com/p/08d06c9684c3467ba3373ef7768d2323?pvs=21),,Mc茶会 - 2024-03-19 -,,YouTubeチェンネル運営ビジネス (https://app.notion.com/p/86f2d2e9f4074174a2e1898ace238df6?pvs=21),,2024/03/19,2024年3月25日 11:15
中国 04月02日,中国,アップロード済,SUNNYSH (https://app.notion.com/p/08d06c9684c3467ba3373ef7768d2323?pvs=21),恐怖の橋崩落事故　人車多数水面落下　中国地獄絵図,中国 - 2024-04-02 -,NO,YouTubeチェンネル運営ビジネス (https://app.notion.com/p/86f2d2e9f4074174a2e1898ace238df6?pvs=21),,2024/04/02,2024年3月25日 14:26
韓国 04月01日,韓国,アップロード済,SUNNYSH (https://app.notion.com/p/08d06c9684c3467ba3373ef7768d2323?pvs=21),金欠韓国石油崩壊　どうあがいても　消滅が確定へ,韓国 - 2024-04-01 -,NO,YouTubeチェンネル運営ビジネス (https://app.notion.com/p/86f2d2e9f4074174a2e1898ace238df6?pvs=21),,2024/04/01,2024年3月26日 15:42
潜在意識の綱引き。作られた価値観,Mc茶会,,SUNNYSH (https://app.notion.com/p/08d06c9684c3467ba3373ef7768d2323?pvs=21),,Mc茶会 - 2024-03-26 -,,YouTubeチェンネル運営ビジネス (https://app.notion.com/p/86f2d2e9f4074174a2e1898ace238df6?pvs=21),,2024/03/26,2024年3月27日 18:41
中国 04月07日,中国,アップロード済,SUNNYSH (https://app.notion.com/p/08d06c9684c3467ba3373ef7768d2323?pvs=21),どん底の中国経済　実態調査を発表　あの一大勢力も,中国 - 2024-04-07 -,NO,YouTubeチェンネル運営ビジネス (https://app.notion.com/p/86f2d2e9f4074174a2e1898ace238df6?pvs=21),,2024/04/07,2024年3月30日 14:23
その他 04月02日,日本・その他のニュース,アップロード済,SUNNYSH (https://app.notion.com/p/08d06c9684c3467ba3373ef7768d2323?pvs=21),さよなら中韓涙目　世界一斉乗り換え　やはり日本製へ,日本・その他のニュース - 2024-04-02 -,NO,YouTubeチェンネル運営ビジネス (https://app.notion.com/p/86f2d2e9f4074174a2e1898ace238df6?pvs=21),,2024/04/02,2024年3月30日 15:11
潜在意識の綱引き。作られた価値観,Mc茶会,,SUNNYSH (https://app.notion.com/p/08d06c9684c3467ba3373ef7768d2323?pvs=21),,Mc茶会 - 2024-03-29 -,,YouTubeチェンネル運営ビジネス (https://app.notion.com/p/86f2d2e9f4074174a2e1898ace238df6?pvs=21),,2024/03/29,2024年3月31日 17:21
中国 04月19日,中国,アップロード済,SUNNYSH (https://app.notion.com/p/08d06c9684c3467ba3373ef7768d2323?pvs=21),これが本当の中国　欧州続々拒絶　信頼の日本へ,中国 - 2024-04-19 -,NO,YouTubeチェンネル運営ビジネス (https://app.notion.com/p/86f2d2e9f4074174a2e1898ace238df6?pvs=21),,2024/04/19,2024年4月1日 14:24
中国 04月11日,中国,アップロード済,SUNNYSH (https://app.notion.com/p/08d06c9684c3467ba3373ef7768d2323?pvs=21),バブル崩壊地獄絵　中国で異常現象が　崩壊確定十の証拠,中国 - 2024-04-11 -,要検証,YouTubeチェンネル運営ビジネス (https://app.notion.com/p/86f2d2e9f4074174a2e1898ace238df6?pvs=21),,2024/04/11,2024年4月3日 14:35
韓国 04月14日,韓国,アップロード済,SUNNYSH (https://app.notion.com/p/08d06c9684c3467ba3373ef7768d2323?pvs=21),哀れな韓国へ　米国企業断固拒否　新事実に国民屈辱,韓国 - 2024-04-14 -,NO,YouTubeチェンネル運営ビジネス (https://app.notion.com/p/86f2d2e9f4074174a2e1898ace238df6?pvs=21),,2024/04/14,2024年4月4日 12:40
中国 04月15日,,,SUNNYSH (https://app.notion.com/p/08d06c9684c3467ba3373ef7768d2323?pvs=21),中国政府大混乱　契約中止続出　遂に国際報道で,- 2024-04-15 -,NO,YouTubeチェンネル運営ビジネス (https://app.notion.com/p/86f2d2e9f4074174a2e1898ace238df6?pvs=21),,2024/04/15,2024年4月5日 15:16
韓国 04月17日,韓国,アップロード済,SUNNYSH (https://app.notion.com/p/08d06c9684c3467ba3373ef7768d2323?pvs=21),台湾が認めた　圧倒的に日本製　韓国民悔し涙,韓国 - 2024-04-17 -,NO,YouTubeチェンネル運営ビジネス (https://app.notion.com/p/86f2d2e9f4074174a2e1898ace238df6?pvs=21),,2024/04/17,2024年4月9日 17:19
中国 04月21日,中国,アップロード済,SUNNYSH (https://app.notion.com/p/08d06c9684c3467ba3373ef7768d2323?pvs=21),中国手詰まり　干ばつ決壊黒い水　民病気多発地獄絵,中国 - 2024-04-21 -,NO,YouTubeチェンネル運営ビジネス (https://app.notion.com/p/86f2d2e9f4074174a2e1898ace238df6?pvs=21),,2024/04/21,2024年4月13日 13:27
中国 04月23日,中国,アップロード済,SUNNYSH (https://app.notion.com/p/08d06c9684c3467ba3373ef7768d2323?pvs=21),香港市場急変　急遽停止命令　中国資産消滅へ,中国 - 2024-04-23 -,NO,YouTubeチェンネル運営ビジネス (https://app.notion.com/p/86f2d2e9f4074174a2e1898ace238df6?pvs=21),,2024/04/23,2024年4月14日 13:35
韓国 04月21日,韓国,アップロード済,SUNNYSH (https://app.notion.com/p/08d06c9684c3467ba3373ef7768d2323?pvs=21),韓国腰抜かす　国際報道発表　遂に日本が制圧,韓国 - 2024-04-21 -,NO,YouTubeチェンネル運営ビジネス (https://app.notion.com/p/86f2d2e9f4074174a2e1898ace238df6?pvs=21),,2024/04/21,2024年4月14日 14:21
韓国 04月23日,韓国,アップロード済,SUNNYSH (https://app.notion.com/p/08d06c9684c3467ba3373ef7768d2323?pvs=21),うちには入れん　各国続々拒絶に　韓国全土大打撃,韓国 - 2024-04-23 -,NO,YouTubeチェンネル運営ビジネス (https://app.notion.com/p/86f2d2e9f4074174a2e1898ace238df6?pvs=21),,2024/04/23,2024年4月16日 14:54
韓国 04月24日,韓国,アップロード済,SUNNYSH (https://app.notion.com/p/08d06c9684c3467ba3373ef7768d2323?pvs=21),もう許さん！　国際裁判で判決　韓国へ支払命令,韓国 - 2024-04-24 -,NO,YouTubeチェンネル運営ビジネス (https://app.notion.com/p/86f2d2e9f4074174a2e1898ace238df6?pvs=21),,2024/04/24,2024年4月16日 15:17
韓国 04月25日,韓国,アップロード済,SUNNYSH (https://app.notion.com/p/08d06c9684c3467ba3373ef7768d2323?pvs=21),韓国非常事態　やばい毒ガス蔓延　入国禁止か,韓国 - 2024-04-25 -,NO,YouTubeチェンネル運営ビジネス (https://app.notion.com/p/86f2d2e9f4074174a2e1898ace238df6?pvs=21),,2024/04/25,2024年4月16日 16:42
中国 04月24日,中国,アップロード済,SUNNYSH (https://app.notion.com/p/08d06c9684c3467ba3373ef7768d2323?pvs=21),ついに認めた中国　4億人も減少バレ　遂に国際報道へ,中国 - 2024-04-24 -,NO,YouTubeチェンネル運営ビジネス (https://app.notion.com/p/86f2d2e9f4074174a2e1898ace238df6?pvs=21),,2024/04/24,2024年4月17日 12:53
川本04月13日,川本,,SUNNYSH (https://app.notion.com/p/08d06c9684c3467ba3373ef7768d2323?pvs=21),うつにならない・うつにさせない８つ5,川本 - 2024-04-13 -,NO,YouTubeチェンネル運営ビジネス (https://app.notion.com/p/86f2d2e9f4074174a2e1898ace238df6?pvs=21),,2024/04/13,2024年4月18日 16:22
中国 04月30日,中国,アップロード済,SUNNYSH (https://app.notion.com/p/08d06c9684c3467ba3373ef7768d2323?pvs=21),中国大屈辱　国連WHO急変　完全に英外交会が,中国 - 2024-04-30 -,NO,YouTubeチェンネル運営ビジネス (https://app.notion.com/p/86f2d2e9f4074174a2e1898ace238df6?pvs=21),,2024/04/30,2024年4月23日 15:49
中国 05月04日,中国,アップロード済,SUNNYSH (https://app.notion.com/p/08d06c9684c3467ba3373ef7768d2323?pvs=21),中国もうお金が　遂に身売り宣言　まさか日本へ,中国 - 2024-05-04 -,NO,YouTubeチェンネル運営ビジネス (https://app.notion.com/p/86f2d2e9f4074174a2e1898ace238df6?pvs=21),,2024/05/04,2024年4月23日 15:59
中国 05月02日,中国,アップロード済,SUNNYSH (https://app.notion.com/p/08d06c9684c3467ba3373ef7768d2323?pvs=21),宇宙問題　原因は中国　米国が世界に宣言,中国 - 2024-05-02 -,要検証,YouTubeチェンネル運営ビジネス (https://app.notion.com/p/86f2d2e9f4074174a2e1898ace238df6?pvs=21),,2024/05/02,2024年4月23日 17:17
韓国 05月04日,韓国,アップロード済,SUNNYSH (https://app.notion.com/p/08d06c9684c3467ba3373ef7768d2323?pvs=21),韓国資産消滅　世界中が契約拒否　完全に日本へ,韓国 - 2024-05-04 -,NO,YouTubeチェンネル運営ビジネス (https://app.notion.com/p/86f2d2e9f4074174a2e1898ace238df6?pvs=21),,2024/05/04,2024年4月24日 18:09
中国 05月05日,中国,アップロード済,SUNNYSH (https://app.notion.com/p/08d06c9684c3467ba3373ef7768d2323?pvs=21),欧州が緊急拘束　中国民唖然　まさか習近平が,中国 - 2024-05-05 -,NO,YouTubeチェンネル運営ビジネス (https://app.notion.com/p/86f2d2e9f4074174a2e1898ace238df6?pvs=21),,2024/05/05,2024年4月25日 16:12
韓国 05月05日,韓国,アップロード済,SUNNYSH (https://app.notion.com/p/08d06c9684c3467ba3373ef7768d2323?pvs=21),真実ついに漏洩　国家滅亡国際報道　韓国民大混乱,韓国 - 2024-05-05 -,NO,YouTubeチェンネル運営ビジネス (https://app.notion.com/p/86f2d2e9f4074174a2e1898ace238df6?pvs=21),,2024/05/05,2024年4月25日 16:14
中国 05月06日,中国,アップロード済,SUNNYSH (https://app.notion.com/p/08d06c9684c3467ba3373ef7768d2323?pvs=21),中国大惨事　UFO炎玉氷落下　地震血空地獄絵図,中国 - 2024-05-06 -,NO,YouTubeチェンネル運営ビジネス (https://app.notion.com/p/86f2d2e9f4074174a2e1898ace238df6?pvs=21),,2024/05/06,2024年4月27日 13:37
,中国,,SUNNYSH (https://app.notion.com/p/08d06c9684c3467ba3373ef7768d2323?pvs=21),,中国 - 2024-03-30 -,,YouTubeチェンネル運営ビジネス (https://app.notion.com/p/86f2d2e9f4074174a2e1898ace238df6?pvs=21),,2024/03/30,2024年4月29日 13:12
中国 05月09日,中国,アップロード済,SUNNYSH (https://app.notion.com/p/08d06c9684c3467ba3373ef7768d2323?pvs=21),一世紀に一度の　洪水土砂倒壊地獄　中国300万被災,中国 - 2024-05-09 -,NO,YouTubeチェンネル運営ビジネス (https://app.notion.com/p/86f2d2e9f4074174a2e1898ace238df6?pvs=21),,2024/05/09,2024年4月29日 13:12
湧き水、潜在意識のコントロール,Mc茶会,,SUNNYSH (https://app.notion.com/p/08d06c9684c3467ba3373ef7768d2323?pvs=21),,Mc茶会 - 2024-04-19 -,,YouTubeチェンネル運営ビジネス (https://app.notion.com/p/86f2d2e9f4074174a2e1898ace238df6?pvs=21),,2024/04/19,2024年4月29日 15:49
中国 05月10日,中国,アップロード済,SUNNYSH (https://app.notion.com/p/08d06c9684c3467ba3373ef7768d2323?pvs=21),領土問題に新展開　アジア続々日本へ　中国打つ手なし,中国 - 2024-05-10 -,NO,YouTubeチェンネル運営ビジネス (https://app.notion.com/p/86f2d2e9f4074174a2e1898ace238df6?pvs=21),,2024/05/10,2024年4月30日 15:29
韓国 05月11日,韓国,アップロード済,SUNNYSH (https://app.notion.com/p/08d06c9684c3467ba3373ef7768d2323?pvs=21),米大手半導体急変　急遽投資妨害　韓国資産消滅,韓国 - 2024-05-11 -,NO,YouTubeチェンネル運営ビジネス (https://app.notion.com/p/86f2d2e9f4074174a2e1898ace238df6?pvs=21),,2024/05/11,2024年5月1日 13:00
中国 05月12日,中国,アップロード済,SUNNYSH (https://app.notion.com/p/08d06c9684c3467ba3373ef7768d2323?pvs=21),英国政府怒り心頭　中国暴走の末路　急遽輸入拒否へ,中国 - 2024-05-12 -,NO,YouTubeチェンネル運営ビジネス (https://app.notion.com/p/86f2d2e9f4074174a2e1898ace238df6?pvs=21),,2024/05/12,2024年5月2日 13:09
中国 05月13日,中国,アップロード済,SUNNYSH (https://app.notion.com/p/08d06c9684c3467ba3373ef7768d2323?pvs=21),中国軍壊滅　日本本気の策略　突如最強要塞が,中国 - 2024-05-13 -,NO,YouTubeチェンネル運営ビジネス (https://app.notion.com/p/86f2d2e9f4074174a2e1898ace238df6?pvs=21),,2024/05/13,2024年5月4日 14:22
思考をカット,Mc茶会,,SUNNYSH (https://app.notion.com/p/08d06c9684c3467ba3373ef7768d2323?pvs=21),,Mc茶会 - 2024-04-30 -,,YouTubeチェンネル運営ビジネス (https://app.notion.com/p/86f2d2e9f4074174a2e1898ace238df6?pvs=21),,2024/04/30,2024年5月5日 15:05
中国 05月18日,中国,アップロード済,SUNNYSH (https://app.notion.com/p/08d06c9684c3467ba3373ef7768d2323?pvs=21),中国崩壊国際報道　欧州次々輸入拒否　連鎖倒産始まる,中国 - 2024-05-18 -,NO,YouTubeチェンネル運営ビジネス (https://app.notion.com/p/86f2d2e9f4074174a2e1898ace238df6?pvs=21),,2024/05/18,2024年5月8日 13:40
韓国 05月21日,韓国,アップロード済,SUNNYSH (https://app.notion.com/p/08d06c9684c3467ba3373ef7768d2323?pvs=21),韓国重大発表　竹島は日本領へ　国民激怒大混乱,韓国 - 2024-05-21 -,NO,YouTubeチェンネル運営ビジネス (https://app.notion.com/p/86f2d2e9f4074174a2e1898ace238df6?pvs=21),,2024/05/21,2024年5月12日 10:22
中国 05月21日,中国,アップロード済,SUNNYSH (https://app.notion.com/p/08d06c9684c3467ba3373ef7768d2323?pvs=21)," 中国大使大騒ぎ　日本で詐欺られ　資産消滅へ",中国 - 2024-05-21 -,NO,YouTubeチェンネル運営ビジネス (https://app.notion.com/p/86f2d2e9f4074174a2e1898ace238df6?pvs=21),,2024/05/21,2024年5月12日 10:46
仮想現実,Mc茶会,,SUNNYSH (https://app.notion.com/p/08d06c9684c3467ba3373ef7768d2323?pvs=21),,Mc茶会 - 2024-05-07 -,,YouTubeチェンネル運営ビジネス (https://app.notion.com/p/86f2d2e9f4074174a2e1898ace238df6?pvs=21),,2024/05/07,2024年5月13日 16:16
韓国 05月24日,韓国,アップロード済,SUNNYSH (https://app.notion.com/p/08d06c9684c3467ba3373ef7768d2323?pvs=21),まさか世界が　続々禁止へ　韓国全土大打撃,韓国 - 2024-05-24 -,NO,YouTubeチェンネル運営ビジネス (https://app.notion.com/p/86f2d2e9f4074174a2e1898ace238df6?pvs=21),,2024/05/24,2024年5月15日 13:16
中国 05月27日,中国,アップロード済,SUNNYSH (https://app.notion.com/p/08d06c9684c3467ba3373ef7768d2323?pvs=21),遂にSWAT強行　中国民騒然　まさか習近平が,中国 - 2024-05-27 -,NO,YouTubeチェンネル運営ビジネス (https://app.notion.com/p/86f2d2e9f4074174a2e1898ace238df6?pvs=21),,2024/05/27,2024年5月18日 15:09
韓国 05月28日,韓国,アップロード済,SUNNYSH (https://app.notion.com/p/08d06c9684c3467ba3373ef7768d2323?pvs=21),韓国お金がない　欧州中国契約解除　完全に日本製へ,韓国 - 2024-05-28 -,NO,YouTubeチェンネル運営ビジネス (https://app.notion.com/p/86f2d2e9f4074174a2e1898ace238df6?pvs=21),,2024/05/28,2024年5月18日 15:44
中国 05月28日,中国,アップロード済,SUNNYSH (https://app.notion.com/p/08d06c9684c3467ba3373ef7768d2323?pvs=21),中国メディア　隠蔽失敗突如暴露　世界続々非難,中国 - 2024-05-28 -,NO,YouTubeチェンネル運営ビジネス (https://app.notion.com/p/86f2d2e9f4074174a2e1898ace238df6?pvs=21),,2024/05/28,2024年5月19日 14:29
仮想現実を二重スリット実験から考察する,Mc茶会,,SUNNYSH (https://app.notion.com/p/08d06c9684c3467ba3373ef7768d2323?pvs=21),,Mc茶会 - 2024-05-14 -,,YouTubeチェンネル運営ビジネス (https://app.notion.com/p/86f2d2e9f4074174a2e1898ace238df6?pvs=21),,2024/05/14,2024年5月19日 17:35
韓国 05月31日,韓国,アップロード済,SUNNYSH (https://app.notion.com/p/08d06c9684c3467ba3373ef7768d2323?pvs=21),韓国滞納続出　裁判開始？　完全に日本の勝利,韓国 - 2024-05-31 -,NO,YouTubeチェンネル運営ビジネス (https://app.notion.com/p/86f2d2e9f4074174a2e1898ace238df6?pvs=21),,2024/05/31,2024年5月22日 13:22
韓国 06月01日,韓国,アップロード済,SUNNYSH (https://app.notion.com/p/08d06c9684c3467ba3373ef7768d2323?pvs=21),韓国メディア公開　反日名誉教授追放　日本怒りの審判,韓国 - 2024-06-01 -,NO,YouTubeチェンネル運営ビジネス (https://app.notion.com/p/86f2d2e9f4074174a2e1898ace238df6?pvs=21),,2024/06/01,2024年5月22日 13:46
中国 06月02日,中国,アップロード済,SUNNYSH (https://app.notion.com/p/08d06c9684c3467ba3373ef7768d2323?pvs=21),遂に隠蔽癖の代償　100％入国禁止へ　中国民腰抜かす,中国 - 2024-06-02 -,NO,YouTubeチェンネル運営ビジネス (https://app.notion.com/p/86f2d2e9f4074174a2e1898ace238df6?pvs=21),,2024/06/02,2024年5月23日 13:46
韓国 06月03日,韓国,アップロード済,SUNNYSH (https://app.notion.com/p/08d06c9684c3467ba3373ef7768d2323?pvs=21),独国事実知り決断　日本に謝れ！　韓国民大混乱,韓国 - 2024-06-03 -,NO,YouTubeチェンネル運営ビジネス (https://app.notion.com/p/86f2d2e9f4074174a2e1898ace238df6?pvs=21),,2024/06/03,2024年5月23日 16:22
中国 06月03日,中国,アップロード済,SUNNYSH (https://app.notion.com/p/08d06c9684c3467ba3373ef7768d2323?pvs=21),中国大使絶体絶命　今直ぐ追放だ！　日本怒りの審判,中国 - 2024-06-03 -,NO,YouTubeチェンネル運営ビジネス (https://app.notion.com/p/86f2d2e9f4074174a2e1898ace238df6?pvs=21),,2024/06/03,2024年5月25日 13:12
韓国 06月04日,韓国,アップロード済,SUNNYSH (https://app.notion.com/p/08d06c9684c3467ba3373ef7768d2323?pvs=21),韓国全土大打撃　爆発続出地獄絵図　驚愕理由に世界が,韓国 - 2024-06-04 -,NO,YouTubeチェンネル運営ビジネス (https://app.notion.com/p/86f2d2e9f4074174a2e1898ace238df6?pvs=21),,2024/06/04,2024年5月25日 14:26
韓国 06月05日,韓国,アップロード済,SUNNYSH (https://app.notion.com/p/08d06c9684c3467ba3373ef7768d2323?pvs=21),韓国もう限界　裁判決定大損害　世界報道発表,韓国 - 2024-06-05 -,NO,YouTubeチェンネル運営ビジネス (https://app.notion.com/p/86f2d2e9f4074174a2e1898ace238df6?pvs=21),,2024/06/05,2024年5月25日 15:43
中国 06月05日,中国,アップロード済,SUNNYSH (https://app.notion.com/p/08d06c9684c3467ba3373ef7768d2323?pvs=21),隠蔽失敗大病　中国民激震　まさか習近平が,中国 - 2024-06-05 -,NO,YouTubeチェンネル運営ビジネス (https://app.notion.com/p/86f2d2e9f4074174a2e1898ace238df6?pvs=21),,2024/06/05,2024年5月26日 13:29
中国 06月06日,中国,アップロード済,SUNNYSH (https://app.notion.com/p/08d06c9684c3467ba3373ef7768d2323?pvs=21),遂に地下鉄破産へ　中国事実認め　国民大パニック,中国 - 2024-06-06 -,NO,YouTubeチェンネル運営ビジネス (https://app.notion.com/p/86f2d2e9f4074174a2e1898ace238df6?pvs=21),,2024/06/06,2024年5月27日 13:09
韓国 06月08日,韓国,アップロード済,SUNNYSH (https://app.notion.com/p/08d06c9684c3467ba3373ef7768d2323?pvs=21),嘘粗悪は許さん　世界が契約辞退　韓国経済大打撃,韓国 - 2024-06-08 -,NO,YouTubeチェンネル運営ビジネス (https://app.notion.com/p/86f2d2e9f4074174a2e1898ace238df6?pvs=21),,2024/06/08,2024年5月27日 13:30
中国 06月12日,中国,アップロード済,SUNNYSH (https://app.notion.com/p/08d06c9684c3467ba3373ef7768d2323?pvs=21),大パニック中国へ　日米欧が断固拒否　驚愕事実世界発表,中国 - 2024-06-12 -,NO,YouTubeチェンネル運営ビジネス (https://app.notion.com/p/86f2d2e9f4074174a2e1898ace238df6?pvs=21),,2024/06/12,2024年6月1日 14:40
宝くじを当てる練習-パズドラ,Mc茶会,,SUNNYSH (https://app.notion.com/p/08d06c9684c3467ba3373ef7768d2323?pvs=21),,Mc茶会 - 2024-05-28 -,,YouTubeチェンネル運営ビジネス (https://app.notion.com/p/86f2d2e9f4074174a2e1898ace238df6?pvs=21),,2024/05/28,2024年6月2日 22:32
中国 06月18日,中国,アップロード済,SUNNYSH (https://app.notion.com/p/08d06c9684c3467ba3373ef7768d2323?pvs=21),いいぞ日本警視庁　強気の逮捕　中国緊急対応へ,中国 - 2024-06-18 -,NO,YouTubeチェンネル運営ビジネス (https://app.notion.com/p/86f2d2e9f4074174a2e1898ace238df6?pvs=21),,2024/06/18,2024年6月6日 15:51
韓国 06月17日,韓国,アップロード済,SUNNYSH (https://app.notion.com/p/08d06c9684c3467ba3373ef7768d2323?pvs=21),韓国重大発表　自衛隊へ服従決定　国民激怒大混乱,韓国 - 2024-06-17 -,NO,YouTubeチェンネル運営ビジネス (https://app.notion.com/p/86f2d2e9f4074174a2e1898ace238df6?pvs=21),,2024/06/17,2024年6月8日 15:40
韓国 06月21日,韓国,アップロード済,SUNNYSH (https://app.notion.com/p/08d06c9684c3467ba3373ef7768d2323?pvs=21),韓国急転地獄絵図　米当局が重大指令　事実知り韓民驚歎,韓国 - 2024-06-21 -,NO,YouTubeチェンネル運営ビジネス (https://app.notion.com/p/86f2d2e9f4074174a2e1898ace238df6?pvs=21),,2024/06/21,2024年6月12日 12:32
中国 06月24日,中国,アップロード済,SUNNYSH (https://app.notion.com/p/08d06c9684c3467ba3373ef7768d2323?pvs=21),イギリス判事動く　最高裁で宣戦布告　中国大慌て,中国 - 2024-06-24 -,NO,YouTubeチェンネル運営ビジネス (https://app.notion.com/p/86f2d2e9f4074174a2e1898ace238df6?pvs=21),,2024/06/24,2024年6月15日 14:51
韓国 06月24日,韓国,アップロード済,SUNNYSH (https://app.notion.com/p/08d06c9684c3467ba3373ef7768d2323?pvs=21),韓国離れ世界加速　もう信用できない　無礼の末路,韓国 - 2024-06-24 -,NO,YouTubeチェンネル運営ビジネス (https://app.notion.com/p/86f2d2e9f4074174a2e1898ace238df6?pvs=21),,2024/06/24,2024年6月15日 16:01
韓国 06月27日,韓国,アップロード済,SUNNYSH (https://app.notion.com/p/08d06c9684c3467ba3373ef7768d2323?pvs=21),韓国もう嘘が限界　日本が洗脳暴露　世界続々拒絶,韓国 - 2024-06-27 -,NO,YouTubeチェンネル運営ビジネス (https://app.notion.com/p/86f2d2e9f4074174a2e1898ace238df6?pvs=21),,2024/06/27,2024年6月17日 12:24
中国 07月27日,中国,アップロード済,SUNNYSH (https://app.notion.com/p/08d06c9684c3467ba3373ef7768d2323?pvs=21),グアテマラ輸入禁　日本が独占開始　中国打つ手ない　,中国 - 2024-07-27 -,NO,YouTubeチェンネル運営ビジネス (https://app.notion.com/p/86f2d2e9f4074174a2e1898ace238df6?pvs=21),,2024/07/27,2024年6月20日 12:58
中国 06月28日,中国,アップロード済,SUNNYSH (https://app.notion.com/p/08d06c9684c3467ba3373ef7768d2323?pvs=21),うちには入れん　各国続々拒絶に　中国全土大打撃,中国 - 2024-06-28 -,NO,YouTubeチェンネル運営ビジネス (https://app.notion.com/p/86f2d2e9f4074174a2e1898ace238df6?pvs=21),,2024/06/28,2024年6月20日 13:47
中国 06月29日,中国,アップロード済,SUNNYSH (https://app.notion.com/p/08d06c9684c3467ba3373ef7768d2323?pvs=21),遂に国有企業崩壊　中国事実認め　国民大パニック,中国 - 2024-06-29 -,NO,YouTubeチェンネル運営ビジネス (https://app.notion.com/p/86f2d2e9f4074174a2e1898ace238df6?pvs=21),,2024/06/29,2024年6月20日 13:48
中国 06月30日,中国,アップロード済,SUNNYSH (https://app.notion.com/p/08d06c9684c3467ba3373ef7768d2323?pvs=21),世界有名企業警告　国際問題にまで　中国大慌て,中国 - 2024-06-30 -,NO,YouTubeチェンネル運営ビジネス (https://app.notion.com/p/86f2d2e9f4074174a2e1898ace238df6?pvs=21),,2024/06/30,2024年6月20日 13:48
韓国 07月04日,韓国,アップロード済,SUNNYSH (https://app.notion.com/p/08d06c9684c3467ba3373ef7768d2323?pvs=21),イタリア協定破棄　韓国反日公後悔　完全に日本が,韓国 - 2024-07-04 -,NO,YouTubeチェンネル運営ビジネス (https://app.notion.com/p/86f2d2e9f4074174a2e1898ace238df6?pvs=21),,2024/07/04,2024年6月24日 16:55
最高の将来にするために,Mc茶会,,SUNNYSH (https://app.notion.com/p/08d06c9684c3467ba3373ef7768d2323?pvs=21),,Mc茶会 - 2024-06-18 -,,YouTubeチェンネル運営ビジネス (https://app.notion.com/p/86f2d2e9f4074174a2e1898ace238df6?pvs=21),,2024/06/18,2024年6月25日 0:02
中国 07月05日,中国,アップロード済,SUNNYSH (https://app.notion.com/p/08d06c9684c3467ba3373ef7768d2323?pvs=21),中国異変が　連鎖倒産の恐怖　遂にG7会合で,中国 - 2024-07-05 -,NO,YouTubeチェンネル運営ビジネス (https://app.notion.com/p/86f2d2e9f4074174a2e1898ace238df6?pvs=21),,2024/07/05,2024年6月27日 13:00
中国 07月06日,中国,アップロード済,SUNNYSH (https://app.notion.com/p/08d06c9684c3467ba3373ef7768d2323?pvs=21),裏切りのブラジル　中国の商品は不要　世界次々不買開始,中国 - 2024-07-06 -,NO,YouTubeチェンネル運営ビジネス (https://app.notion.com/p/86f2d2e9f4074174a2e1898ace238df6?pvs=21),,2024/07/06,2024年6月27日 14:55
韓国 07月08日,韓国,アップロード済,SUNNYSH (https://app.notion.com/p/08d06c9684c3467ba3373ef7768d2323?pvs=21),さよなら韓国　米金融が排除宣言　真実知り韓民絶句,韓国 - 2024-07-08 -,NO,YouTubeチェンネル運営ビジネス (https://app.notion.com/p/86f2d2e9f4074174a2e1898ace238df6?pvs=21),,2024/07/08,2024年7月1日 13:58
中国 07月09日,中国,アップロード済,SUNNYSH (https://app.notion.com/p/08d06c9684c3467ba3373ef7768d2323?pvs=21),中国製は腐ってる　ボリビア公式暴露　世界TVへ報道,中国 - 2024-07-09 -,NO,YouTubeチェンネル運営ビジネス (https://app.notion.com/p/86f2d2e9f4074174a2e1898ace238df6?pvs=21),,2024/07/09,2024年7月1日 23:53
韓国 07月18日,韓国,アップロード済,SUNNYSH (https://app.notion.com/p/08d06c9684c3467ba3373ef7768d2323?pvs=21),韓国重大発表　竹島は日本領へ　自ら電撃発表,韓国 - 2024-07-18 -,NO,YouTubeチェンネル運営ビジネス (https://app.notion.com/p/86f2d2e9f4074174a2e1898ace238df6?pvs=21),,2024/07/18,2024年7月2日 16:51
中国 07月12日,中国,アップロード済,SUNNYSH (https://app.notion.com/p/08d06c9684c3467ba3373ef7768d2323?pvs=21),これがリアル中国　全土で完全閉鎖　衝撃過ぎる実情,中国 - 2024-07-12 -,NO,YouTubeチェンネル運営ビジネス (https://app.notion.com/p/86f2d2e9f4074174a2e1898ace238df6?pvs=21),,2024/07/12,2024年7月3日 12:52
韓国 07月11日,韓国,アップロード済,SUNNYSH (https://app.notion.com/p/08d06c9684c3467ba3373ef7768d2323?pvs=21),契約解除通達され　ついに世界へ　韓国号泣謝罪　,韓国 - 2024-07-11 -,NO,YouTubeチェンネル運営ビジネス (https://app.notion.com/p/86f2d2e9f4074174a2e1898ace238df6?pvs=21),,2024/07/11,2024年7月4日 13:12
韓国 07月13日,韓国,アップロード済,SUNNYSH (https://app.notion.com/p/08d06c9684c3467ba3373ef7768d2323?pvs=21),首相事実全て暴露　実は財政破綻です　韓国大統領民仰天,韓国 - 2024-07-13 -,NO,YouTubeチェンネル運営ビジネス (https://app.notion.com/p/86f2d2e9f4074174a2e1898ace238df6?pvs=21),,2024/07/13,2024年7月6日 16:25
韓国 07月14日,韓国,アップロード済,SUNNYSH (https://app.notion.com/p/08d06c9684c3467ba3373ef7768d2323?pvs=21),韓国首都真相公表　まさかの高速道路　民が犠牲に大混乱,韓国 - 2024-07-14 -,NO,YouTubeチェンネル運営ビジネス (https://app.notion.com/p/86f2d2e9f4074174a2e1898ace238df6?pvs=21),,2024/07/14,2024年7月6日 17:14
中国 07月13日,中国,アップロード済,SUNNYSH (https://app.notion.com/p/08d06c9684c3467ba3373ef7768d2323?pvs=21),空港で有名人逮捕　中国政府大慌て　さらに国際報道へ,中国 - 2024-07-13 -,NO,YouTubeチェンネル運営ビジネス (https://app.notion.com/p/86f2d2e9f4074174a2e1898ace238df6?pvs=21),,2024/07/13,2024年7月7日 13:31
中国 07月14日,中国,アップロード済,SUNNYSH (https://app.notion.com/p/08d06c9684c3467ba3373ef7768d2323?pvs=21),ついに決壊　水没広がり地獄絵　中国経済壊滅状態,中国 - 2024-07-14 -,NO,YouTubeチェンネル運営ビジネス (https://app.notion.com/p/86f2d2e9f4074174a2e1898ace238df6?pvs=21),,2024/07/14,2024年7月7日 22:52
中国 07月16日,中国,アップロード済,SUNNYSH (https://app.notion.com/p/08d06c9684c3467ba3373ef7768d2323?pvs=21),フランス大激怒　大使館強制退去　中国もう消えろ,中国 - 2024-07-16 -,NO,YouTubeチェンネル運営ビジネス (https://app.notion.com/p/86f2d2e9f4074174a2e1898ace238df6?pvs=21),,2024/07/16,2024年7月8日 12:53
中国 07月17日,中国,アップロード済,SUNNYSH (https://app.notion.com/p/08d06c9684c3467ba3373ef7768d2323?pvs=21),中国政府態度激変　反日国民追放へ　日本呆然,中国 - 2024-07-17 -,NO,YouTubeチェンネル運営ビジネス (https://app.notion.com/p/86f2d2e9f4074174a2e1898ace238df6?pvs=21),,2024/07/17,2024年7月9日 14:31
中国 07月18日,中国,アップロード済,SUNNYSH (https://app.notion.com/p/08d06c9684c3467ba3373ef7768d2323?pvs=21),やめてくれ　　イタリアが没収　中国政府大狂乱,中国 - 2024-07-18 -,NO,YouTubeチェンネル運営ビジネス (https://app.notion.com/p/86f2d2e9f4074174a2e1898ace238df6?pvs=21),,2024/07/18,2024年7月9日 16:32
韓国 07月17日,韓国,アップロード済,SUNNYSH (https://app.notion.com/p/08d06c9684c3467ba3373ef7768d2323?pvs=21),韓国非常事態　100％大暴落　全て日本が,韓国 - 2024-07-17 -,NO,YouTubeチェンネル運営ビジネス (https://app.notion.com/p/86f2d2e9f4074174a2e1898ace238df6?pvs=21),,2024/07/17,2024年7月10日 13:29
韓国 07月23日,韓国,アップロード済,SUNNYSH (https://app.notion.com/p/08d06c9684c3467ba3373ef7768d2323?pvs=21),東南アジアで決別　韓国手遅れ　完全に日本へ,韓国 - 2024-07-23 -,NO,YouTubeチェンネル運営ビジネス (https://app.notion.com/p/86f2d2e9f4074174a2e1898ace238df6?pvs=21),,2024/07/23,2024年7月14日 15:39
韓国 07月26日,韓国,アップロード済,SUNNYSH (https://app.notion.com/p/08d06c9684c3467ba3373ef7768d2323?pvs=21),ついに世界が宣言　完全に日本へ　韓国民大混乱,韓国 - 2024-07-26 -,NO,YouTubeチェンネル運営ビジネス (https://app.notion.com/p/86f2d2e9f4074174a2e1898ace238df6?pvs=21),,2024/07/26,2024年7月17日 13:12
中国 07月26日,中国,アップロード済,SUNNYSH (https://app.notion.com/p/08d06c9684c3467ba3373ef7768d2323?pvs=21),中国もう耐えれん　三峡ダム水門直撃　主要都市地獄絵図,中国 - 2024-07-26 -,NO,YouTubeチェンネル運営ビジネス (https://app.notion.com/p/86f2d2e9f4074174a2e1898ace238df6?pvs=21),,2024/07/26,2024年7月17日 16:15
韓国 07月27日,韓国,アップロード済,SUNNYSH (https://app.notion.com/p/08d06c9684c3467ba3373ef7768d2323?pvs=21),泣きつく！　必死の韓国大損害　日本人怒りの審判　,韓国 - 2024-07-27 -,NO,YouTubeチェンネル運営ビジネス (https://app.notion.com/p/86f2d2e9f4074174a2e1898ace238df6?pvs=21),,2024/07/27,2024年7月18日 12:55
韓国 07月28日,韓国,アップロード済,SUNNYSH (https://app.notion.com/p/08d06c9684c3467ba3373ef7768d2323?pvs=21),韓国不安的中　世界が金融規制で　経済崩壊へ,韓国 - 2024-07-28 -,NO,YouTubeチェンネル運営ビジネス (https://app.notion.com/p/86f2d2e9f4074174a2e1898ace238df6?pvs=21),,2024/07/28,2024年7月18日 17:16
中国 07月28日,中国,アップロード済,SUNNYSH (https://app.notion.com/p/08d06c9684c3467ba3373ef7768d2323?pvs=21),激動予告！　中国遂に　イギリス政府から,中国 - 2024-07-28 -,NO,YouTubeチェンネル運営ビジネス (https://app.notion.com/p/86f2d2e9f4074174a2e1898ace238df6?pvs=21),,2024/07/28,2024年7月18日 17:32
中国 07月29日,中国,アップロード済,SUNNYSH (https://app.notion.com/p/08d06c9684c3467ba3373ef7768d2323?pvs=21),中国手遅れ　人口8億減少へ！　国連が事実を発表,中国 - 2024-07-29 -,NO,YouTubeチェンネル運営ビジネス (https://app.notion.com/p/86f2d2e9f4074174a2e1898ace238df6?pvs=21),,2024/07/29,2024年7月20日 13:48
中国 07月31日,中国,アップロード済,SUNNYSH (https://app.notion.com/p/08d06c9684c3467ba3373ef7768d2323?pvs=21),中国極貧国に転落　日本で報道されない　現地の生々しい声,中国 - 2024-07-31 -,NO,YouTubeチェンネル運営ビジネス (https://app.notion.com/p/86f2d2e9f4074174a2e1898ace238df6?pvs=21),,2024/07/31,2024年7月22日 14:28
韓国 07月31日,韓国,アップロード済,SUNNYSH (https://app.notion.com/p/08d06c9684c3467ba3373ef7768d2323?pvs=21),韓国が完全終わる　どうあがいても　100万社消滅へ,韓国 - 2024-07-31 -,NO,YouTubeチェンネル運営ビジネス (https://app.notion.com/p/86f2d2e9f4074174a2e1898ace238df6?pvs=21),,2024/07/31,2024年7月23日 14:27
韓国 08月03日,韓国,アップロード済,SUNNYSH (https://app.notion.com/p/08d06c9684c3467ba3373ef7768d2323?pvs=21),裏で韓国急展開　真相唖然　インド全輸入拒否,韓国 - 2024-08-03 -,NO,YouTubeチェンネル運営ビジネス (https://app.notion.com/p/86f2d2e9f4074174a2e1898ace238df6?pvs=21),,2024/08/03,2024年7月27日 14:59
韓国 08月04日,韓国,アップロード済,SUNNYSH (https://app.notion.com/p/08d06c9684c3467ba3373ef7768d2323?pvs=21),韓国が事実を認め　国際報道発表　やはり日本が,韓国 - 2024-08-04 -,NO,YouTubeチェンネル運営ビジネス (https://app.notion.com/p/86f2d2e9f4074174a2e1898ace238df6?pvs=21),,2024/08/04,2024年7月27日 14:59
最高の将来にするために,Mc茶会,,SUNNYSH (https://app.notion.com/p/08d06c9684c3467ba3373ef7768d2323?pvs=21),,Mc茶会 - 2024-07-16 -,,YouTubeチェンネル運営ビジネス (https://app.notion.com/p/86f2d2e9f4074174a2e1898ace238df6?pvs=21),,2024/07/16,2024年7月29日 1:05
韓国 08月07日,韓国,アップロード済,SUNNYSH (https://app.notion.com/p/08d06c9684c3467ba3373ef7768d2323?pvs=21),うちには入れん　世界の拒絶に　韓国全土大打撃,韓国 - 2024-08-07 -,NO,YouTubeチェンネル運営ビジネス (https://app.notion.com/p/86f2d2e9f4074174a2e1898ace238df6?pvs=21),,2024/08/07,2024年7月29日 14:42
中国 08月10日,中国,アップロード済,SUNNYSH (https://app.notion.com/p/08d06c9684c3467ba3373ef7768d2323?pvs=21),鋼鉄輸入させん　米国墨国追放決定　中国全土経済打撃,中国 - 2024-08-10 -,NO,YouTubeチェンネル運営ビジネス (https://app.notion.com/p/86f2d2e9f4074174a2e1898ace238df6?pvs=21),,2024/08/10,2024年8月1日 14:09
中国 08月12日,中国,アップロード済,SUNNYSH (https://app.notion.com/p/08d06c9684c3467ba3373ef7768d2323?pvs=21),衰退一直線の中国　一大勢力が無視し　国が吹っ飛びそう,中国 - 2024-08-12 -,NO,YouTubeチェンネル運営ビジネス (https://app.notion.com/p/86f2d2e9f4074174a2e1898ace238df6?pvs=21),,2024/08/12,2024年8月4日 16:22
中国 08月14日,中国,アップロード済,SUNNYSH (https://app.notion.com/p/08d06c9684c3467ba3373ef7768d2323?pvs=21),パキスタン暴動　道路ネット遮断し　中国打つ手なし,中国 - 2024-08-14 -,NO,YouTubeチェンネル運営ビジネス (https://app.notion.com/p/86f2d2e9f4074174a2e1898ace238df6?pvs=21),,2024/08/14,2024年8月5日 15:14
中国 08月15日,中国,アップロード済,SUNNYSH (https://app.notion.com/p/08d06c9684c3467ba3373ef7768d2323?pvs=21),中国飢餓と貧困　完全に限界突破　ついに国際基金が,中国 - 2024-08-15 -,NO,YouTubeチェンネル運営ビジネス (https://app.notion.com/p/86f2d2e9f4074174a2e1898ace238df6?pvs=21),,2024/08/15,2024年8月7日 15:28
韓国 08月17日,韓国,アップロード済,SUNNYSH (https://app.notion.com/p/08d06c9684c3467ba3373ef7768d2323?pvs=21),豪国遂に強行へ　滞納に刑罰確定　韓国絶体絶命,韓国 - 2024-08-17 -,NO,YouTubeチェンネル運営ビジネス (https://app.notion.com/p/86f2d2e9f4074174a2e1898ace238df6?pvs=21),,2024/08/17,2024年8月8日 12:59
韓国 08月18日,韓国,アップロード済,SUNNYSH (https://app.notion.com/p/08d06c9684c3467ba3373ef7768d2323?pvs=21),韓国有名人が大恥　極悪非道バレ　さらに国際報道へ,韓国 - 2024-08-18 -,NO,YouTubeチェンネル運営ビジネス (https://app.notion.com/p/86f2d2e9f4074174a2e1898ace238df6?pvs=21),,2024/08/18,2024年8月10日 12:50
中国 08月16日,中国,アップロード済,SUNNYSH (https://app.notion.com/p/08d06c9684c3467ba3373ef7768d2323?pvs=21),ついに協定無視　中国打つ手なし　仏独西国へ懇願,中国 - 2024-08-16 -,NO,YouTubeチェンネル運営ビジネス (https://app.notion.com/p/86f2d2e9f4074174a2e1898ace238df6?pvs=21),,2024/08/16,2024年8月10日 13:20
韓国 08月22日,韓国,アップロード済,SUNNYSH (https://app.notion.com/p/08d06c9684c3467ba3373ef7768d2323?pvs=21),韓国へ観光客激減　最悪な実態告発　もう誰も行かない,韓国 - 2024-08-22 -,NO,YouTubeチェンネル運営ビジネス (https://app.notion.com/p/86f2d2e9f4074174a2e1898ace238df6?pvs=21),,2024/08/22,2024年8月14日 13:19
中国 08月22日,中国,アップロード済,SUNNYSH (https://app.notion.com/p/08d06c9684c3467ba3373ef7768d2323?pvs=21),さよなら中国　メディア倒産続出　驚理由に世界仰天,中国 - 2024-08-22 -,NO,YouTubeチェンネル運営ビジネス (https://app.notion.com/p/86f2d2e9f4074174a2e1898ace238df6?pvs=21),,2024/08/22,2024年8月15日 13:49
韓国 08月27日,韓国,アップロード済,SUNNYSH (https://app.notion.com/p/08d06c9684c3467ba3373ef7768d2323?pvs=21),金欠人災韓国騒然　人落下炎上毒ガス　この世の地獄,韓国 - 2024-08-27 -,NO,YouTubeチェンネル運営ビジネス (https://app.notion.com/p/86f2d2e9f4074174a2e1898ace238df6?pvs=21),,2024/08/27,2024年8月24日 12:50
中国 08月31日,中国,アップロード済,SUNNYSH (https://app.notion.com/p/08d06c9684c3467ba3373ef7768d2323?pvs=21),中国全土激震　総裁失踪大混乱　地方破綻ラッシュ,中国 - 2024-08-31 -,NO,YouTubeチェンネル運営ビジネス (https://app.notion.com/p/86f2d2e9f4074174a2e1898ace238df6?pvs=21),,2024/08/31,2024年8月24日 14:06
中国 08月28日,中国,アップロード済,SUNNYSH (https://app.notion.com/p/08d06c9684c3467ba3373ef7768d2323?pvs=21),ついに認めた中国　実は日本製　事実知り国民屈辱,中国 - 2024-08-28 -,NO,YouTubeチェンネル運営ビジネス (https://app.notion.com/p/86f2d2e9f4074174a2e1898ace238df6?pvs=21),,2024/08/28,2024年8月24日 14:14
韓国 08月29日,韓国,アップロード済,SUNNYSH (https://app.notion.com/p/08d06c9684c3467ba3373ef7768d2323?pvs=21),韓国鉄道嘘が限界　世界続々拒絶　やはり日本へ,韓国 - 2024-08-29 -,NO,YouTubeチェンネル運営ビジネス (https://app.notion.com/p/86f2d2e9f4074174a2e1898ace238df6?pvs=21),,2024/08/29,2024年8月25日 15:04
中国 08月30日,中国,アップロード済,SUNNYSH (https://app.notion.com/p/08d06c9684c3467ba3373ef7768d2323?pvs=21),豪動き国際問題へ　中国軍大ピンチ　米英も一斉に　,中国 - 2024-08-30 -,NO,YouTubeチェンネル運営ビジネス (https://app.notion.com/p/86f2d2e9f4074174a2e1898ace238df6?pvs=21),,2024/08/30,2024年8月26日 13:41
中国 09月01日,中国,アップロード済,SUNNYSH (https://app.notion.com/p/08d06c9684c3467ba3373ef7768d2323?pvs=21),中国嘘バレ大混乱　日本が洗脳暴露　世界続々日本へ,中国 - 2024-09-01 -,NO,YouTubeチェンネル運営ビジネス (https://app.notion.com/p/86f2d2e9f4074174a2e1898ace238df6?pvs=21),,2024/09/01,2024年8月26日 15:24
すでに、奇跡的な幸せだと気付く,Mc茶会,,SUNNYSH (https://app.notion.com/p/08d06c9684c3467ba3373ef7768d2323?pvs=21),,Mc茶会 - 2024-07-30 -,,YouTubeチェンネル運営ビジネス (https://app.notion.com/p/86f2d2e9f4074174a2e1898ace238df6?pvs=21),,2024/07/30,2024年8月26日 18:27
韓国 09月17日,韓国,アップロード済,SUNNYSH (https://app.notion.com/p/08d06c9684c3467ba3373ef7768d2323?pvs=21),韓国緊急事態　世界が一斉拒否　残念です復帰不能,韓国 - 2024-09-17 -,NO,YouTubeチェンネル運営ビジネス (https://app.notion.com/p/86f2d2e9f4074174a2e1898ace238df6?pvs=21),,2024/09/17,2024年8月29日 15:27
韓国 09月05日,韓国,アップロード済,SUNNYSH (https://app.notion.com/p/08d06c9684c3467ba3373ef7768d2323?pvs=21),韓国民大混乱　国籍一夜で消滅　世界騒然　,韓国 - 2024-09-05 -,NO,YouTubeチェンネル運営ビジネス (https://app.notion.com/p/86f2d2e9f4074174a2e1898ace238df6?pvs=21),,2024/09/05,2024年8月29日 15:27
中国 09月05日,中国,アップロード済,SUNNYSH (https://app.notion.com/p/08d06c9684c3467ba3373ef7768d2323?pvs=21),反日TVは許さん　中国民怒り心頭　局が破綻閉鎖多発,中国 - 2024-09-05 -,NO,YouTubeチェンネル運営ビジネス (https://app.notion.com/p/86f2d2e9f4074174a2e1898ace238df6?pvs=21),,2024/09/05,2024年8月29日 16:25
韓国 09月08日,韓国,アップロード済,SUNNYSH (https://app.notion.com/p/08d06c9684c3467ba3373ef7768d2323?pvs=21),韓国の計画大崩壊　世界から追放確定　なす術無し,韓国 - 2024-09-08 -,NO,YouTubeチェンネル運営ビジネス (https://app.notion.com/p/86f2d2e9f4074174a2e1898ace238df6?pvs=21),,2024/09/08,2024年8月31日 13:31
中国 09月07日,中国,アップロード済,SUNNYSH (https://app.notion.com/p/08d06c9684c3467ba3373ef7768d2323?pvs=21),中国災害史上最悪　汚水緊急放流　都市一夜で沈む,中国 - 2024-09-07 -,NO,YouTubeチェンネル運営ビジネス (https://app.notion.com/p/86f2d2e9f4074174a2e1898ace238df6?pvs=21),,2024/09/07,2024年9月1日 13:36
中国 09月11日,中国,アップロード済,SUNNYSH (https://app.notion.com/p/08d06c9684c3467ba3373ef7768d2323?pvs=21),追放確定！？　中国すでに　なす術無し,中国 - 2024-09-11 -,NO,YouTubeチェンネル運営ビジネス (https://app.notion.com/p/86f2d2e9f4074174a2e1898ace238df6?pvs=21),,2024/09/11,2024年9月1日 14:12
中国 09月08日速報,中国,アップロード済,SUNNYSH (https://app.notion.com/p/08d06c9684c3467ba3373ef7768d2323?pvs=21),米NY州知事激怒　中国重要機関壊滅　事実知り国民混乱,中国 - 2024-09-08 -,NO,YouTubeチェンネル運営ビジネス (https://app.notion.com/p/86f2d2e9f4074174a2e1898ace238df6?pvs=21),,2024/09/08,2024年9月7日 12:48
中国 09月16日,中国,アップロード済,SUNNYSH (https://app.notion.com/p/08d06c9684c3467ba3373ef7768d2323?pvs=21),屈辱の最終発表　大物実業家大転落　巻き込み中国終了,中国 - 2024-09-16 -,NO,YouTubeチェンネル運営ビジネス (https://app.notion.com/p/86f2d2e9f4074174a2e1898ace238df6?pvs=21),,2024/09/16,2024年9月8日 13:09
中国 09月19日,中国,アップロード済,SUNNYSH (https://app.notion.com/p/08d06c9684c3467ba3373ef7768d2323?pvs=21),中国民大混乱　入国拒否続出　遂に国際報道で,中国 - 2024-09-19 -,NO,YouTubeチェンネル運営ビジネス (https://app.notion.com/p/86f2d2e9f4074174a2e1898ace238df6?pvs=21),,2024/09/19,2024年9月9日 12:44
韓国 09月19日,韓国,アップロード済,SUNNYSH (https://app.notion.com/p/08d06c9684c3467ba3373ef7768d2323?pvs=21),韓国が袋叩き　遂に日本完全掌握　韓民腰抜かす,韓国 - 2024-09-19 -,NO,YouTubeチェンネル運営ビジネス (https://app.notion.com/p/86f2d2e9f4074174a2e1898ace238df6?pvs=21),,2024/09/19,2024年9月9日 14:34
中国 09月26日,中国,アップロード済,SUNNYSH (https://app.notion.com/p/08d06c9684c3467ba3373ef7768d2323?pvs=21),裏で中国急転　全土で集団逃亡　真相が明らかに,中国 - 2024-09-26 -,NO,YouTubeチェンネル運営ビジネス (https://app.notion.com/p/86f2d2e9f4074174a2e1898ace238df6?pvs=21),,2024/09/26,2024年9月19日 14:03
韓国 09月29日,韓国,アップロード済,SUNNYSH (https://app.notion.com/p/08d06c9684c3467ba3373ef7768d2323?pvs=21),どうか和解を　資産消滅怖い韓国　必死の懇願,韓国 - 2024-09-29 -,NO,YouTubeチェンネル運営ビジネス (https://app.notion.com/p/86f2d2e9f4074174a2e1898ace238df6?pvs=21),,2024/09/29,2024年9月23日 17:48
